kepid,kepoi_name,split,star_stratum,label,label_name,training_status,exclusion_reason,label_policy,koi_disposition,koi_pdisposition
757450,K00889.01,train,pos_only,1,planet,train_eligible,,dr25_clean_v2,CONFIRMED,CANDIDATE
892772,K01009.01,train,neg_only,0,false_positive,train_eligible,,dr25_clean_v2,FALSE POSITIVE,FALSE POSITIVE
1025986,K07621.01,train,neg_only,0,false_positive,train_eligible,,dr25_clean_v2,FALSE POSITIVE,FALSE POSITIVE
1026032,K06252.01,train,neg_only,0,false_positive,train_eligible,,dr25_clean_v2,FALSE POSITIVE,FALSE POSITIVE
1026957,K00958.01,train,pos_only,1,planet,train_eligible,,dr25_clean_v2,CONFIRMED,CANDIDATE
1161345,K00984.01,train,pos_only,1,planet,train_eligible,,dr25_clean_v2,CONFIRMED,CANDIDATE
1293031,K04162.01,train,neg_only,0,false_positive,train_eligible,,dr25_clean_v2,FALSE POSITIVE,FALSE POSITIVE
1293046,K07622.01,train,neg_only,0,false_positive,train_eligible,,dr25_clean_v2,FALSE POSITIVE,FALSE POSITIVE
1431122,K00994.01,train,unlabelled_only,,,excluded,unresolved_candidate,dr25_clean_v2,CANDIDATE,CANDIDATE
1433962,K00982.01,train,neg_only,0,false_positive,train_eligible,,dr25_clean_v2,FALSE POSITIVE,FALSE POSITIVE
1571511,K00362.01,train,neg_only,0,false_positive,train_eligible,,dr25_clean_v2,FALSE POSITIVE,FALSE POSITIVE
1575690,K03658.01,train,neg_only,0,false_positive,train_eligible,,dr25_clean_v2,FALSE POSITIVE,FALSE POSITIVE
1575873,K04359.01,train,unlabelled_only,,,excluded,unresolved_candidate,dr25_clean_v2,CANDIDATE,CANDIDATE
1717722,K03145.01,train,pos_only,1,planet,train_eligible,,dr25_clean_v2,CONFIRMED,CANDIDATE
1717722,K03145.02,train,pos_only,,,excluded,unresolved_candidate,dr25_clean_v2,CANDIDATE,CANDIDATE
1718189,K00993.01,train,mixed,1,planet,train_eligible,,dr25_clean_v2,CONFIRMED,CANDIDATE
1718189,K00993.02,train,mixed,1,planet,train_eligible,,dr25_clean_v2,CONFIRMED,CANDIDATE
1718189,K00993.03,train,mixed,0,false_positive,train_eligible,,dr25_clean_v2,FALSE POSITIVE,FALSE POSITIVE
1721157,K04644.01,train,unlabelled_only,,,excluded,unresolved_candidate,dr25_clean_v2,CANDIDATE,CANDIDATE
1724513,K04224.01,train,neg_only,0,false_positive,train_eligible,,dr25_clean_v2,FALSE POSITIVE,FALSE POSITIVE
1724719,K04212.01,train,pos_only,1,planet,train_eligible,,dr25_clean_v2,CONFIRMED,CANDIDATE
1724719,K04212.02,train,pos_only,,,excluded,unresolved_candidate,dr25_clean_v2,CANDIDATE,CANDIDATE
1725016,K01007.01,train,pos_only,1,planet,train_eligible,,dr25_clean_v2,CONFIRMED,CANDIDATE
1725193,K04925.01,train,neg_only,0,false_positive,train_eligible,,dr25_clean_v2,FALSE POSITIVE,FALSE POSITIVE
1849702,K02538.01,train,pos_only,1,planet,train_eligible,,dr25_clean_v2,CONFIRMED,CANDIDATE
1865042,K01002.01,train,pos_only,1,planet,train_eligible,,dr25_clean_v2,CONFIRMED,CANDIDATE
1865864,K04926.01,train,unlabelled_only,,,excluded,unresolved_candidate,dr25_clean_v2,CANDIDATE,CANDIDATE
1870398,K04927.01,train,neg_only,0,false_positive,train_eligible,,dr25_clean_v2,FALSE POSITIVE,FALSE POSITIVE
1871056,K01001.01,train,pos_only,1,planet,train_eligible,,dr25_clean_v2,CONFIRMED,CANDIDATE
1871056,K01001.02,train,pos_only,1,planet,train_eligible,,dr25_clean_v2,CONFIRMED,CANDIDATE
1872821,K02351.01,train,pos_only,1,planet,train_eligible,,dr25_clean_v2,CONFIRMED,CANDIDATE
1873513,K04928.01,train,pos_only,1,planet,train_eligible,,dr25_clean_v2,CONFIRMED,CANDIDATE
1995712,K07626.01,train,neg_only,0,false_positive,train_eligible,,dr25_clean_v2,FALSE POSITIVE,FALSE POSITIVE
1995732,K03351.01,train,neg_only,0,false_positive,train_eligible,,dr25_clean_v2,FALSE POSITIVE,FALSE POSITIVE
1996180,K02534.01,train,pos_only,1,planet,train_eligible,,dr25_clean_v2,CONFIRMED,CANDIDATE
1996180,K02534.02,train,pos_only,,,excluded,unresolved_candidate,dr25_clean_v2,CANDIDATE,CANDIDATE
2010152,K08084.01,train,neg_only,0,false_positive,train_eligible,,dr25_clean_v2,FALSE POSITIVE,FALSE POSITIVE
2010191,K03999.01,train,neg_only,0,false_positive,train_eligible,,dr25_clean_v2,FALSE POSITIVE,FALSE POSITIVE
2010607,K04929.01,train,neg_only,0,false_positive,train_eligible,,dr25_clean_v2,FALSE POSITIVE,FALSE POSITIVE
2012722,K06257.01,train,neg_only,0,false_positive,train_eligible,,dr25_clean_v2,FALSE POSITIVE,FALSE POSITIVE
2019477,K06093.01,train,neg_only,0,false_positive,train_eligible,,dr25_clean_v2,FALSE POSITIVE,FALSE POSITIVE
2019477,K06093.02,train,neg_only,,,excluded,unresolved_candidate,dr25_clean_v2,CANDIDATE,CANDIDATE
2021440,K01987.01,train,neg_only,0,false_positive,train_eligible,,dr25_clean_v2,FALSE POSITIVE,FALSE POSITIVE
2141783,K02201.01,train,neg_only,0,false_positive,train_eligible,,dr25_clean_v2,FALSE POSITIVE,FALSE POSITIVE
2142522,K02403.01,train,pos_only,1,planet,train_eligible,,dr25_clean_v2,CONFIRMED,CANDIDATE
2161623,K06094.01,train,neg_only,0,false_positive,train_eligible,,dr25_clean_v2,FALSE POSITIVE,FALSE POSITIVE
2162994,K06260.01,train,neg_only,0,false_positive,train_eligible,,dr25_clean_v2,FALSE POSITIVE,FALSE POSITIVE
2164169,K01029.01,train,pos_only,1,planet,train_eligible,,dr25_clean_v2,CONFIRMED,CANDIDATE
2165002,K00999.01,train,pos_only,1,planet,train_eligible,,dr25_clean_v2,CONFIRMED,CANDIDATE
2165002,K00999.02,train,pos_only,1,planet,train_eligible,,dr25_clean_v2,CONFIRMED,CANDIDATE
2165352,K04934.01,train,neg_only,0,false_positive,train_eligible,,dr25_clean_v2,FALSE POSITIVE,FALSE POSITIVE
2166200,K03735.01,train,neg_only,0,false_positive,train_eligible,,dr25_clean_v2,FALSE POSITIVE,FALSE POSITIVE
2167890,K03670.01,train,neg_only,0,false_positive,train_eligible,,dr25_clean_v2,FALSE POSITIVE,FALSE POSITIVE
2284957,K08085.01,train,unlabelled_only,,,excluded,unresolved_candidate,dr25_clean_v2,CANDIDATE,CANDIDATE
2299738,K07628.01,train,unlabelled_only,,,excluded,unresolved_candidate,dr25_clean_v2,CANDIDATE,CANDIDATE
2301068,K06263.01,train,unlabelled_only,,,excluded,unresolved_candidate,dr25_clean_v2,CANDIDATE,CANDIDATE
2302758,K07629.01,train,neg_only,0,false_positive,train_eligible,,dr25_clean_v2,FALSE POSITIVE,FALSE POSITIVE
2302997,K07630.01,train,unlabelled_only,,,excluded,unresolved_candidate,dr25_clean_v2,CANDIDATE,CANDIDATE
2303903,K04709.01,train,unlabelled_only,,,excluded,unresolved_candidate,dr25_clean_v2,CANDIDATE,CANDIDATE
2304320,K02033.01,train,pos_only,1,planet,train_eligible,,dr25_clean_v2,CONFIRMED,CANDIDATE
2305255,K04935.01,train,neg_only,0,false_positive,train_eligible,,dr25_clean_v2,FALSE POSITIVE,FALSE POSITIVE
2305372,K06264.01,train,neg_only,0,false_positive,train_eligible,,dr25_clean_v2,FALSE POSITIVE,FALSE POSITIVE
2305866,K02610.01,train,unlabelled_only,,,excluded,unresolved_candidate,dr25_clean_v2,CANDIDATE,CANDIDATE
2305866,K02610.02,train,unlabelled_only,,,excluded,unresolved_candidate,dr25_clean_v2,CANDIDATE,CANDIDATE
2306740,K06265.01,train,neg_only,0,false_positive,train_eligible,,dr25_clean_v2,FALSE POSITIVE,FALSE POSITIVE
2307199,K00151.01,train,unlabelled_only,,,excluded,unresolved_candidate,dr25_clean_v2,CANDIDATE,CANDIDATE
2307415,K02053.01,train,pos_only,1,planet,train_eligible,,dr25_clean_v2,CONFIRMED,CANDIDATE
2307415,K02053.02,train,pos_only,1,planet,train_eligible,,dr25_clean_v2,CONFIRMED,CANDIDATE
2308411,K07631.01,train,neg_only,0,false_positive,train_eligible,,dr25_clean_v2,FALSE POSITIVE,FALSE POSITIVE
2308957,K06266.01,train,neg_only,0,false_positive,train_eligible,,dr25_clean_v2,FALSE POSITIVE,FALSE POSITIVE
2309585,K01004.01,train,neg_only,0,false_positive,train_eligible,,dr25_clean_v2,FALSE POSITIVE,FALSE POSITIVE
2309719,K01020.01,train,neg_only,0,false_positive,train_eligible,,dr25_clean_v2,FALSE POSITIVE,FALSE POSITIVE
2309910,K04937.01,train,neg_only,0,false_positive,train_eligible,,dr25_clean_v2,FALSE POSITIVE,FALSE POSITIVE
2422820,K06267.01,train,unlabelled_only,,,excluded,unresolved_candidate,dr25_clean_v2,CANDIDATE,CANDIDATE
2437112,K03461.01,train,neg_only,0,false_positive,train_eligible,,dr25_clean_v2,FALSE POSITIVE,FALSE POSITIVE
2437112,K03461.02,train,neg_only,0,false_positive,train_eligible,,dr25_clean_v2,FALSE POSITIVE,FALSE POSITIVE
2437209,K04939.01,train,neg_only,0,false_positive,train_eligible,,dr25_clean_v2,FALSE POSITIVE,FALSE POSITIVE
2437452,K06268.01,train,neg_only,0,false_positive,train_eligible,,dr25_clean_v2,FALSE POSITIVE,FALSE POSITIVE
2437488,K03920.01,train,neg_only,0,false_positive,train_eligible,,dr25_clean_v2,FALSE POSITIVE,FALSE POSITIVE
2437804,K06269.01,train,neg_only,0,false_positive,train_eligible,,dr25_clean_v2,FALSE POSITIVE,FALSE POSITIVE
2437897,K04909.01,train,neg_only,0,false_positive,train_eligible,,dr25_clean_v2,FALSE POSITIVE,FALSE POSITIVE
2438061,K06270.01,train,neg_only,0,false_positive,train_eligible,,dr25_clean_v2,FALSE POSITIVE,FALSE POSITIVE
2438062,K06271.01,train,neg_only,0,false_positive,train_eligible,,dr25_clean_v2,FALSE POSITIVE,FALSE POSITIVE
2438070,K00363.01,train,neg_only,0,false_positive,train_eligible,,dr25_clean_v2,FALSE POSITIVE,FALSE POSITIVE
2438264,K00440.01,train,pos_only,1,planet,train_eligible,,dr25_clean_v2,CONFIRMED,CANDIDATE
2438264,K00440.02,train,pos_only,1,planet,train_eligible,,dr25_clean_v2,CONFIRMED,CANDIDATE
2438406,K04941.01,train,neg_only,0,false_positive,train_eligible,,dr25_clean_v2,FALSE POSITIVE,FALSE POSITIVE
2438490,K03699.01,train,neg_only,0,false_positive,train_eligible,,dr25_clean_v2,FALSE POSITIVE,FALSE POSITIVE
2438502,K01003.01,train,neg_only,0,false_positive,train_eligible,,dr25_clean_v2,FALSE POSITIVE,FALSE POSITIVE
2438513,K01944.01,train,mixed,1,planet,train_eligible,,dr25_clean_v2,CONFIRMED,CANDIDATE
2438513,K01944.02,train,mixed,0,false_positive,train_eligible,,dr25_clean_v2,FALSE POSITIVE,FALSE POSITIVE
2438517,K06272.01,train,neg_only,0,false_positive,train_eligible,,dr25_clean_v2,FALSE POSITIVE,FALSE POSITIVE
2439243,K02280.01,train,pos_only,1,planet,train_eligible,,dr25_clean_v2,CONFIRMED,CANDIDATE
2440757,K00792.01,train,neg_only,0,false_positive,train_eligible,,dr25_clean_v2,FALSE POSITIVE,FALSE POSITIVE
2441151,K00603.01,train,neg_only,0,false_positive,train_eligible,,dr25_clean_v2,FALSE POSITIVE,FALSE POSITIVE
2441161,K03642.01,train,neg_only,0,false_positive,train_eligible,,dr25_clean_v2,FALSE POSITIVE,FALSE POSITIVE
2441495,K00166.01,train,pos_only,1,planet,train_eligible,,dr25_clean_v2,CONFIRMED,CANDIDATE
2441728,K01000.01,train,neg_only,0,false_positive,train_eligible,,dr25_clean_v2,FALSE POSITIVE,FALSE POSITIVE
2442084,K06273.01,train,neg_only,0,false_positive,train_eligible,,dr25_clean_v2,FALSE POSITIVE,FALSE POSITIVE
2442448,K02812.01,train,pos_only,1,planet,train_eligible,,dr25_clean_v2,CONFIRMED,CANDIDATE
2443393,K02603.01,train,unlabelled_only,,,excluded,unresolved_candidate,dr25_clean_v2,CANDIDATE,CANDIDATE
2444412,K00103.01,train,pos_only,1,planet,train_eligible,,dr25_clean_v2,CONFIRMED,CANDIDATE
2445129,K00793.01,train,neg_only,0,false_positive,train_eligible,,dr25_clean_v2,FALSE POSITIVE,FALSE POSITIVE
2445134,K05983.01,train,neg_only,0,false_positive,train_eligible,,dr25_clean_v2,FALSE POSITIVE,FALSE POSITIVE
2445975,K00053.01,train,neg_only,0,false_positive,train_eligible,,dr25_clean_v2,FALSE POSITIVE,FALSE POSITIVE
2449074,K00378.01,train,neg_only,0,false_positive,train_eligible,,dr25_clean_v2,FALSE POSITIVE,FALSE POSITIVE
2449090,K03702.01,train,neg_only,0,false_positive,train_eligible,,dr25_clean_v2,FALSE POSITIVE,FALSE POSITIVE
2449431,K02009.01,train,unlabelled_only,,,excluded,unresolved_candidate,dr25_clean_v2,CANDIDATE,CANDIDATE
2452450,K00380.01,train,neg_only,0,false_positive,train_eligible,,dr25_clean_v2,FALSE POSITIVE,FALSE POSITIVE
2556650,K02156.01,train,pos_only,1,planet,train_eligible,,dr25_clean_v2,CONFIRMED,CANDIDATE
2557350,K06276.01,train,unlabelled_only,,,excluded,unresolved_candidate,dr25_clean_v2,CANDIDATE,CANDIDATE
2557430,K06277.01,train,neg_only,0,false_positive,train_eligible,,dr25_clean_v2,FALSE POSITIVE,FALSE POSITIVE
2557816,K00488.01,train,pos_only,1,planet,train_eligible,,dr25_clean_v2,CONFIRMED,CANDIDATE
2558163,K04655.01,train,unlabelled_only,,,excluded,unresolved_candidate,dr25_clean_v2,CANDIDATE,CANDIDATE
2558363,K01021.01,train,neg_only,0,false_positive,train_eligible,,dr25_clean_v2,FALSE POSITIVE,FALSE POSITIVE
2558370,K03855.01,train,neg_only,0,false_positive,train_eligible,,dr25_clean_v2,FALSE POSITIVE,FALSE POSITIVE
2568971,K06278.01,train,neg_only,0,false_positive,train_eligible,,dr25_clean_v2,FALSE POSITIVE,FALSE POSITIVE
2569488,K04944.01,train,neg_only,0,false_positive,train_eligible,,dr25_clean_v2,FALSE POSITIVE,FALSE POSITIVE
2569516,K04945.01,train,neg_only,0,false_positive,train_eligible,,dr25_clean_v2,FALSE POSITIVE,FALSE POSITIVE
2569995,K07634.01,train,neg_only,0,false_positive,train_eligible,,dr25_clean_v2,FALSE POSITIVE,FALSE POSITIVE
2570432,K04946.01,train,neg_only,0,false_positive,train_eligible,,dr25_clean_v2,FALSE POSITIVE,FALSE POSITIVE
2570505,K06279.01,train,neg_only,0,false_positive,train_eligible,,dr25_clean_v2,FALSE POSITIVE,FALSE POSITIVE
2570767,K06280.01,train,neg_only,0,false_positive,train_eligible,,dr25_clean_v2,FALSE POSITIVE,FALSE POSITIVE
2570773,K04376.01,train,neg_only,0,false_positive,train_eligible,,dr25_clean_v2,FALSE POSITIVE,FALSE POSITIVE
2571238,K00084.01,train,pos_only,1,planet,train_eligible,,dr25_clean_v2,CONFIRMED,CANDIDATE
2572029,K04581.01,train,unlabelled_only,,,excluded,unresolved_candidate,dr25_clean_v2,CANDIDATE,CANDIDATE
2574201,K01025.01,train,neg_only,0,false_positive,train_eligible,,dr25_clean_v2,FALSE POSITIVE,FALSE POSITIVE
2574338,K01030.01,train,pos_only,1,planet,train_eligible,,dr25_clean_v2,CONFIRMED,CANDIDATE
2576197,K00489.01,train,neg_only,0,false_positive,train_eligible,,dr25_clean_v2,FALSE POSITIVE,FALSE POSITIVE
2576692,K06282.01,train,neg_only,0,false_positive,train_eligible,,dr25_clean_v2,FALSE POSITIVE,FALSE POSITIVE
2577353,K07635.01,train,unlabelled_only,,,excluded,unresolved_candidate,dr25_clean_v2,CANDIDATE,CANDIDATE
2578811,K04948.01,train,neg_only,0,false_positive,train_eligible,,dr25_clean_v2,FALSE POSITIVE,FALSE POSITIVE
2580872,K06283.01,train,neg_only,0,false_positive,train_eligible,,dr25_clean_v2,FALSE POSITIVE,FALSE POSITIVE
2581191,K02203.01,train,neg_only,0,false_positive,train_eligible,,dr25_clean_v2,FALSE POSITIVE,FALSE POSITIVE
2581316,K03681.01,train,pos_only,1,planet,train_eligible,,dr25_clean_v2,CONFIRMED,CANDIDATE
2581316,K03681.02,train,pos_only,1,planet,train_eligible,,dr25_clean_v2,CONFIRMED,CANDIDATE
2584163,K01031.01,train,pos_only,1,planet,train_eligible,,dr25_clean_v2,CONFIRMED,CANDIDATE
2693092,K06285.01,train,neg_only,0,false_positive,train_eligible,,dr25_clean_v2,FALSE POSITIVE,FALSE POSITIVE
2693736,K01976.01,train,pos_only,1,planet,train_eligible,,dr25_clean_v2,CONFIRMED,CANDIDATE
2694632,K04600.01,train,neg_only,0,false_positive,train_eligible,,dr25_clean_v2,FALSE POSITIVE,FALSE POSITIVE
2695110,K00400.01,train,neg_only,0,false_positive,train_eligible,,dr25_clean_v2,FALSE POSITIVE,FALSE POSITIVE
2696205,K07636.01,train,unlabelled_only,,,excluded,unresolved_candidate,dr25_clean_v2,CANDIDATE,CANDIDATE
2696703,K03161.01,train,neg_only,0,false_positive,train_eligible,,dr25_clean_v2,FALSE POSITIVE,FALSE POSITIVE
2697935,K03853.01,train,neg_only,0,false_positive,train_eligible,,dr25_clean_v2,FALSE POSITIVE,FALSE POSITIVE
2707916,K04950.01,train,neg_only,0,false_positive,train_eligible,,dr25_clean_v2,FALSE POSITIVE,FALSE POSITIVE
2707985,K03253.01,train,neg_only,0,false_positive,train_eligible,,dr25_clean_v2,FALSE POSITIVE,FALSE POSITIVE
2708156,K06286.01,train,neg_only,0,false_positive,train_eligible,,dr25_clean_v2,FALSE POSITIVE,FALSE POSITIVE
2708203,K04045.01,train,neg_only,0,false_positive,train_eligible,,dr25_clean_v2,FALSE POSITIVE,FALSE POSITIVE
2708221,K04352.01,train,neg_only,0,false_positive,train_eligible,,dr25_clean_v2,FALSE POSITIVE,FALSE POSITIVE
2708270,K04951.01,train,neg_only,0,false_positive,train_eligible,,dr25_clean_v2,FALSE POSITIVE,FALSE POSITIVE
2708278,K04102.01,train,neg_only,0,false_positive,train_eligible,,dr25_clean_v2,FALSE POSITIVE,FALSE POSITIVE
2708343,K04111.01,train,neg_only,0,false_positive,train_eligible,,dr25_clean_v2,FALSE POSITIVE,FALSE POSITIVE
2708420,K04003.01,train,neg_only,0,false_positive,train_eligible,,dr25_clean_v2,FALSE POSITIVE,FALSE POSITIVE
2708445,K06288.01,train,neg_only,0,false_positive,train_eligible,,dr25_clean_v2,FALSE POSITIVE,FALSE POSITIVE
2708614,K06289.01,train,neg_only,0,false_positive,train_eligible,,dr25_clean_v2,FALSE POSITIVE,FALSE POSITIVE
2708885,K02907.01,train,neg_only,0,false_positive,train_eligible,,dr25_clean_v2,FALSE POSITIVE,FALSE POSITIVE
2710623,K04532.01,train,neg_only,0,false_positive,train_eligible,,dr25_clean_v2,FALSE POSITIVE,FALSE POSITIVE
2711123,K04953.01,train,neg_only,0,false_positive,train_eligible,,dr25_clean_v2,FALSE POSITIVE,FALSE POSITIVE
2711131,K07637.01,train,neg_only,0,false_positive,train_eligible,,dr25_clean_v2,FALSE POSITIVE,FALSE POSITIVE
2711597,K04746.01,train,neg_only,0,false_positive,train_eligible,,dr25_clean_v2,FALSE POSITIVE,FALSE POSITIVE
2712825,K08086.01,train,neg_only,0,false_positive,train_eligible,,dr25_clean_v2,FALSE POSITIVE,FALSE POSITIVE
2713049,K00794.01,train,pos_only,1,planet,train_eligible,,dr25_clean_v2,CONFIRMED,CANDIDATE
2715695,K03077.01,train,pos_only,1,planet,train_eligible,,dr25_clean_v2,CONFIRMED,CANDIDATE
2715695,K03077.02,train,pos_only,,,excluded,unresolved_candidate,dr25_clean_v2,CANDIDATE,CANDIDATE
2716853,K01022.01,train,mixed,1,planet,train_eligible,,dr25_clean_v2,CONFIRMED,CANDIDATE
2716853,K01022.02,train,mixed,0,false_positive,train_eligible,,dr25_clean_v2,FALSE POSITIVE,FALSE POSITIVE
2717158,K03459.01,train,pos_only,1,planet,train_eligible,,dr25_clean_v2,CONFIRMED,CANDIDATE
2719873,K06096.01,train,neg_only,0,false_positive,train_eligible,,dr25_clean_v2,FALSE POSITIVE,FALSE POSITIVE
2720514,K02979.01,train,neg_only,0,false_positive,train_eligible,,dr25_clean_v2,FALSE POSITIVE,FALSE POSITIVE
2830919,K04387.01,train,neg_only,0,false_positive,train_eligible,,dr25_clean_v2,FALSE POSITIVE,FALSE POSITIVE
2831055,K04400.01,train,pos_only,1,planet,train_eligible,,dr25_clean_v2,CONFIRMED,CANDIDATE
2831251,K04702.01,train,neg_only,0,false_positive,train_eligible,,dr25_clean_v2,FALSE POSITIVE,FALSE POSITIVE
2832589,K01942.01,train,pos_only,1,planet,train_eligible,,dr25_clean_v2,CONFIRMED,CANDIDATE
2832589,K01942.02,train,pos_only,,,excluded,unresolved_candidate,dr25_clean_v2,CANDIDATE,CANDIDATE
2834463,K06293.01,train,unlabelled_only,,,excluded,unresolved_candidate,dr25_clean_v2,CANDIDATE,CANDIDATE
2834805,K07638.01,train,unlabelled_only,,,excluded,unresolved_candidate,dr25_clean_v2,CANDIDATE,CANDIDATE
2837111,K01110.01,train,mixed,1,planet,train_eligible,,dr25_clean_v2,CONFIRMED,CANDIDATE
2837111,K01110.02,train,mixed,0,false_positive,train_eligible,,dr25_clean_v2,FALSE POSITIVE,FALSE POSITIVE
2849805,K01116.01,train,pos_only,1,planet,train_eligible,,dr25_clean_v2,CONFIRMED,CANDIDATE
2851100,K01104.01,train,neg_only,0,false_positive,train_eligible,,dr25_clean_v2,FALSE POSITIVE,FALSE POSITIVE
2852560,K06294.01,train,neg_only,0,false_positive,train_eligible,,dr25_clean_v2,FALSE POSITIVE,FALSE POSITIVE
2852941,K04298.01,train,unlabelled_only,,,excluded,unresolved_candidate,dr25_clean_v2,CANDIDATE,CANDIDATE
2853029,K03259.01,train,unlabelled_only,,,excluded,unresolved_candidate,dr25_clean_v2,CANDIDATE,CANDIDATE
2853093,K01099.01,train,pos_only,1,planet,train_eligible,,dr25_clean_v2,CONFIRMED,CANDIDATE
2853446,K01118.01,train,unlabelled_only,,,excluded,unresolved_candidate,dr25_clean_v2,CANDIDATE,CANDIDATE
2854181,K02232.01,train,pos_only,1,planet,train_eligible,,dr25_clean_v2,CONFIRMED,CANDIDATE
2854181,K02232.02,train,pos_only,,,excluded,unresolved_candidate,dr25_clean_v2,CANDIDATE,CANDIDATE
2854698,K00986.01,train,pos_only,1,planet,train_eligible,,dr25_clean_v2,CONFIRMED,CANDIDATE
2854698,K00986.02,train,pos_only,1,planet,train_eligible,,dr25_clean_v2,CONFIRMED,CANDIDATE
2854948,K03786.01,train,neg_only,0,false_positive,train_eligible,,dr25_clean_v2,FALSE POSITIVE,FALSE POSITIVE
2857607,K04659.01,train,pos_only,1,planet,train_eligible,,dr25_clean_v2,CONFIRMED,CANDIDATE
2859299,K07640.01,train,neg_only,0,false_positive,train_eligible,,dr25_clean_v2,FALSE POSITIVE,FALSE POSITIVE
2860114,K02170.01,train,neg_only,0,false_positive,train_eligible,,dr25_clean_v2,FALSE POSITIVE,FALSE POSITIVE
2860594,K06296.01,train,neg_only,0,false_positive,train_eligible,,dr25_clean_v2,FALSE POSITIVE,FALSE POSITIVE
2860656,K04857.01,train,unlabelled_only,,,excluded,unresolved_candidate,dr25_clean_v2,CANDIDATE,CANDIDATE
2860788,K06297.01,train,neg_only,0,false_positive,train_eligible,,dr25_clean_v2,FALSE POSITIVE,FALSE POSITIVE
2860793,K02277.01,train,neg_only,0,false_positive,train_eligible,,dr25_clean_v2,FALSE POSITIVE,FALSE POSITIVE
2861126,K04957.02,train,unlabelled_only,,,excluded,unresolved_candidate,dr25_clean_v2,CANDIDATE,CANDIDATE
2969638,K06298.01,train,neg_only,0,false_positive,train_eligible,,dr25_clean_v2,FALSE POSITIVE,FALSE POSITIVE
2970670,K06299.01,train,unlabelled_only,,,excluded,unresolved_candidate,dr25_clean_v2,CANDIDATE,CANDIDATE
2973509,K06300.01,train,neg_only,0,false_positive,train_eligible,,dr25_clean_v2,FALSE POSITIVE,FALSE POSITIVE
2984990,K07641.01,train,unlabelled_only,,,excluded,unresolved_candidate,dr25_clean_v2,CANDIDATE,CANDIDATE
2985587,K02807.01,train,unlabelled_only,,,excluded,unresolved_candidate,dr25_clean_v2,CANDIDATE,CANDIDATE
2985767,K02032.01,train,pos_only,1,planet,train_eligible,,dr25_clean_v2,CONFIRMED,CANDIDATE
2986833,K04875.01,train,unlabelled_only,,,excluded,unresolved_candidate,dr25_clean_v2,CANDIDATE,CANDIDATE
2987433,K04959.01,train,neg_only,0,false_positive,train_eligible,,dr25_clean_v2,FALSE POSITIVE,FALSE POSITIVE
2989404,K01824.01,train,pos_only,1,planet,train_eligible,,dr25_clean_v2,CONFIRMED,CANDIDATE
2989404,K01824.02,train,pos_only,1,planet,train_eligible,,dr25_clean_v2,CONFIRMED,CANDIDATE
2989706,K02692.01,train,neg_only,0,false_positive,train_eligible,,dr25_clean_v2,FALSE POSITIVE,FALSE POSITIVE
2995392,K03379.01,train,pos_only,1,planet,train_eligible,,dr25_clean_v2,CONFIRMED,CANDIDATE
2997178,K03814.01,train,neg_only,0,false_positive,train_eligible,,dr25_clean_v2,FALSE POSITIVE,FALSE POSITIVE
2997455,K06098.01,train,neg_only,0,false_positive,train_eligible,,dr25_clean_v2,FALSE POSITIVE,FALSE POSITIVE
2998124,K06302.01,train,neg_only,0,false_positive,train_eligible,,dr25_clean_v2,FALSE POSITIVE,FALSE POSITIVE
3001885,K02540.01,train,neg_only,0,false_positive,train_eligible,,dr25_clean_v2,FALSE POSITIVE,FALSE POSITIVE
3002478,K02380.01,train,unlabelled_only,,,excluded,unresolved_candidate,dr25_clean_v2,CANDIDATE,CANDIDATE
3003019,K07642.01,train,neg_only,0,false_positive,train_eligible,,dr25_clean_v2,FALSE POSITIVE,FALSE POSITIVE
3003991,K06099.01,train,neg_only,0,false_positive,train_eligible,,dr25_clean_v2,FALSE POSITIVE,FALSE POSITIVE
3003992,K01119.01,train,neg_only,0,false_positive,train_eligible,,dr25_clean_v2,FALSE POSITIVE,FALSE POSITIVE
3003992,K01119.02,train,neg_only,0,false_positive,train_eligible,,dr25_clean_v2,FALSE POSITIVE,FALSE POSITIVE
3097346,K00264.01,train,neg_only,0,false_positive,train_eligible,,dr25_clean_v2,FALSE POSITIVE,FALSE POSITIVE
3097352,K03648.01,train,neg_only,0,false_positive,train_eligible,,dr25_clean_v2,FALSE POSITIVE,FALSE POSITIVE
3098184,K01091.01,train,neg_only,0,false_positive,train_eligible,,dr25_clean_v2,FALSE POSITIVE,FALSE POSITIVE
3098197,K03362.01,train,neg_only,0,false_positive,train_eligible,,dr25_clean_v2,FALSE POSITIVE,FALSE POSITIVE
3098810,K01878.01,train,pos_only,1,planet,train_eligible,,dr25_clean_v2,CONFIRMED,CANDIDATE
3101178,K04963.01,train,unlabelled_only,,,excluded,unresolved_candidate,dr25_clean_v2,CANDIDATE,CANDIDATE
3101923,K03483.01,train,unlabelled_only,,,excluded,unresolved_candidate,dr25_clean_v2,CANDIDATE,CANDIDATE
3102000,K03373.01,train,neg_only,0,false_positive,train_eligible,,dr25_clean_v2,FALSE POSITIVE,FALSE POSITIVE
3102024,K06304.01,train,neg_only,0,false_positive,train_eligible,,dr25_clean_v2,FALSE POSITIVE,FALSE POSITIVE
3102309,K07643.01,train,neg_only,0,false_positive,train_eligible,,dr25_clean_v2,FALSE POSITIVE,FALSE POSITIVE
3102384,K00273.01,train,pos_only,1,planet,train_eligible,,dr25_clean_v2,CONFIRMED,CANDIDATE
3109550,K03225.01,train,unlabelled_only,,,excluded,unresolved_candidate,dr25_clean_v2,CANDIDATE,CANDIDATE
3109930,K01112.01,train,pos_only,1,planet,train_eligible,,dr25_clean_v2,CONFIRMED,CANDIDATE
3109937,K04720.01,train,neg_only,0,false_positive,train_eligible,,dr25_clean_v2,FALSE POSITIVE,FALSE POSITIVE
3110177,K07644.01,train,unlabelled_only,,,excluded,unresolved_candidate,dr25_clean_v2,CANDIDATE,CANDIDATE
3113266,K01088.01,train,neg_only,0,false_positive,train_eligible,,dr25_clean_v2,FALSE POSITIVE,FALSE POSITIVE
3114167,K00795.01,train,pos_only,1,planet,train_eligible,,dr25_clean_v2,CONFIRMED,CANDIDATE
3114661,K00796.01,train,neg_only,0,false_positive,train_eligible,,dr25_clean_v2,FALSE POSITIVE,FALSE POSITIVE
3114667,K03763.01,train,neg_only,0,false_positive,train_eligible,,dr25_clean_v2,FALSE POSITIVE,FALSE POSITIVE
3114811,K01117.01,train,pos_only,1,planet,train_eligible,,dr25_clean_v2,CONFIRMED,CANDIDATE
3116412,K01115.01,train,pos_only,1,planet,train_eligible,,dr25_clean_v2,CONFIRMED,CANDIDATE
3119256,K02784.01,train,neg_only,0,false_positive,train_eligible,,dr25_clean_v2,FALSE POSITIVE,FALSE POSITIVE
3120276,K01111.01,train,neg_only,0,false_positive,train_eligible,,dr25_clean_v2,FALSE POSITIVE,FALSE POSITIVE
3120320,K06307.01,train,neg_only,0,false_positive,train_eligible,,dr25_clean_v2,FALSE POSITIVE,FALSE POSITIVE
3120355,K02099.01,train,pos_only,1,planet,train_eligible,,dr25_clean_v2,CONFIRMED,CANDIDATE
3120397,K04965.01,train,neg_only,0,false_positive,train_eligible,,dr25_clean_v2,FALSE POSITIVE,FALSE POSITIVE
3120431,K00798.01,train,neg_only,0,false_positive,train_eligible,,dr25_clean_v2,FALSE POSITIVE,FALSE POSITIVE
3121340,K03945.01,train,neg_only,0,false_positive,train_eligible,,dr25_clean_v2,FALSE POSITIVE,FALSE POSITIVE
3122872,K03203.01,train,unlabelled_only,,,excluded,unresolved_candidate,dr25_clean_v2,CANDIDATE,CANDIDATE
3122913,K02490.01,train,pos_only,1,planet,train_eligible,,dr25_clean_v2,CONFIRMED,CANDIDATE
3122985,K01949.01,train,neg_only,0,false_positive,train_eligible,,dr25_clean_v2,FALSE POSITIVE,FALSE POSITIVE
3124412,K01087.01,train,neg_only,0,false_positive,train_eligible,,dr25_clean_v2,FALSE POSITIVE,FALSE POSITIVE
3124420,K03918.01,train,neg_only,0,false_positive,train_eligible,,dr25_clean_v2,FALSE POSITIVE,FALSE POSITIVE
3128552,K02055.01,train,pos_only,1,planet,train_eligible,,dr25_clean_v2,CONFIRMED,CANDIDATE
3128552,K02055.02,train,pos_only,1,planet,train_eligible,,dr25_clean_v2,CONFIRMED,CANDIDATE
3128552,K02055.03,train,pos_only,1,planet,train_eligible,,dr25_clean_v2,CONFIRMED,CANDIDATE
3217264,K00401.01,train,pos_only,1,planet,train_eligible,,dr25_clean_v2,CONFIRMED,CANDIDATE
3217264,K00401.02,train,pos_only,1,planet,train_eligible,,dr25_clean_v2,CONFIRMED,CANDIDATE
3217264,K00401.03,train,pos_only,1,planet,train_eligible,,dr25_clean_v2,CONFIRMED,CANDIDATE
3218908,K01108.01,train,pos_only,1,planet,train_eligible,,dr25_clean_v2,CONFIRMED,CANDIDATE
3218908,K01108.02,train,pos_only,1,planet,train_eligible,,dr25_clean_v2,CONFIRMED,CANDIDATE
3218908,K01108.03,train,pos_only,1,planet,train_eligible,,dr25_clean_v2,CONFIRMED,CANDIDATE
3219995,K02314.01,train,pos_only,1,planet,train_eligible,,dr25_clean_v2,CONFIRMED,CANDIDATE
3222680,K04966.01,train,neg_only,0,false_positive,train_eligible,,dr25_clean_v2,FALSE POSITIVE,FALSE POSITIVE
3223433,K04548.01,train,unlabelled_only,,,excluded,unresolved_candidate,dr25_clean_v2,CANDIDATE,CANDIDATE
3228740,K06309.01,train,neg_only,0,false_positive,train_eligible,,dr25_clean_v2,FALSE POSITIVE,FALSE POSITIVE
3228804,K03996.01,train,neg_only,0,false_positive,train_eligible,,dr25_clean_v2,FALSE POSITIVE,FALSE POSITIVE
3228824,K01100.01,train,neg_only,0,false_positive,train_eligible,,dr25_clean_v2,FALSE POSITIVE,FALSE POSITIVE
3228825,K04055.01,train,neg_only,0,false_positive,train_eligible,,dr25_clean_v2,FALSE POSITIVE,FALSE POSITIVE
3228945,K02917.01,train,neg_only,0,false_positive,train_eligible,,dr25_clean_v2,FALSE POSITIVE,FALSE POSITIVE
3228959,K01107.01,train,neg_only,0,false_positive,train_eligible,,dr25_clean_v2,FALSE POSITIVE,FALSE POSITIVE
3229028,K06100.01,train,neg_only,0,false_positive,train_eligible,,dr25_clean_v2,FALSE POSITIVE,FALSE POSITIVE
3229150,K02150.01,train,pos_only,1,planet,train_eligible,,dr25_clean_v2,CONFIRMED,CANDIDATE
3229150,K02150.02,train,pos_only,,,excluded,unresolved_candidate,dr25_clean_v2,CANDIDATE,CANDIDATE
3230095,K07647.01,train,neg_only,0,false_positive,train_eligible,,dr25_clean_v2,FALSE POSITIVE,FALSE POSITIVE
3230206,K06310.01,train,neg_only,0,false_positive,train_eligible,,dr25_clean_v2,FALSE POSITIVE,FALSE POSITIVE
3230227,K06311.01,train,neg_only,0,false_positive,train_eligible,,dr25_clean_v2,FALSE POSITIVE,FALSE POSITIVE
3230578,K00381.01,train,neg_only,0,false_positive,train_eligible,,dr25_clean_v2,FALSE POSITIVE,FALSE POSITIVE
3230753,K02928.01,train,neg_only,0,false_positive,train_eligible,,dr25_clean_v2,FALSE POSITIVE,FALSE POSITIVE
3230787,K06101.01,train,neg_only,0,false_positive,train_eligible,,dr25_clean_v2,FALSE POSITIVE,FALSE POSITIVE
3230805,K03068.01,train,unlabelled_only,,,excluded,unresolved_candidate,dr25_clean_v2,CANDIDATE,CANDIDATE
3230805,K03068.02,train,unlabelled_only,,,excluded,unresolved_candidate,dr25_clean_v2,CANDIDATE,CANDIDATE
3231120,K03643.01,train,neg_only,0,false_positive,train_eligible,,dr25_clean_v2,FALSE POSITIVE,FALSE POSITIVE
3231137,K00382.01,train,neg_only,0,false_positive,train_eligible,,dr25_clean_v2,FALSE POSITIVE,FALSE POSITIVE
3231341,K01102.01,train,pos_only,1,planet,train_eligible,,dr25_clean_v2,CONFIRMED,CANDIDATE
3231341,K01102.02,train,pos_only,1,planet,train_eligible,,dr25_clean_v2,CONFIRMED,CANDIDATE
3231341,K01102.03,train,pos_only,1,planet,train_eligible,,dr25_clean_v2,CONFIRMED,CANDIDATE
3231341,K01102.04,train,pos_only,1,planet,train_eligible,,dr25_clean_v2,CONFIRMED,CANDIDATE
3232859,K01090.01,train,neg_only,0,false_positive,train_eligible,,dr25_clean_v2,FALSE POSITIVE,FALSE POSITIVE
3234843,K03057.01,train,pos_only,1,planet,train_eligible,,dr25_clean_v2,CONFIRMED,CANDIDATE
3234843,K03057.02,train,pos_only,1,planet,train_eligible,,dr25_clean_v2,CONFIRMED,CANDIDATE
3235282,K07649.01,train,neg_only,0,false_positive,train_eligible,,dr25_clean_v2,FALSE POSITIVE,FALSE POSITIVE
3239171,K04967.01,train,unlabelled_only,,,excluded,unresolved_candidate,dr25_clean_v2,CANDIDATE,CANDIDATE
3239636,K01093.01,train,neg_only,0,false_positive,train_eligible,,dr25_clean_v2,FALSE POSITIVE,FALSE POSITIVE
3239671,K02066.01,train,pos_only,1,planet,train_eligible,,dr25_clean_v2,CONFIRMED,CANDIDATE
3240049,K04968.01,train,neg_only,0,false_positive,train_eligible,,dr25_clean_v2,FALSE POSITIVE,FALSE POSITIVE
3240158,K01106.01,train,pos_only,1,planet,train_eligible,,dr25_clean_v2,CONFIRMED,CANDIDATE
3240158,K01106.02,train,pos_only,1,planet,train_eligible,,dr25_clean_v2,CONFIRMED,CANDIDATE
3240158,K01106.03,train,pos_only,,,excluded,unresolved_candidate,dr25_clean_v2,CANDIDATE,CANDIDATE
3240406,K03185.01,train,neg_only,0,false_positive,train_eligible,,dr25_clean_v2,FALSE POSITIVE,FALSE POSITIVE
3241248,K04141.01,train,neg_only,0,false_positive,train_eligible,,dr25_clean_v2,FALSE POSITIVE,FALSE POSITIVE
3241344,K05984.01,train,neg_only,0,false_positive,train_eligible,,dr25_clean_v2,FALSE POSITIVE,FALSE POSITIVE
3241604,K02824.01,train,neg_only,0,false_positive,train_eligible,,dr25_clean_v2,FALSE POSITIVE,FALSE POSITIVE
3241619,K06312.01,train,neg_only,0,false_positive,train_eligible,,dr25_clean_v2,FALSE POSITIVE,FALSE POSITIVE
3241647,K07650.01,train,neg_only,0,false_positive,train_eligible,,dr25_clean_v2,FALSE POSITIVE,FALSE POSITIVE
3241662,K06313.01,train,neg_only,0,false_positive,train_eligible,,dr25_clean_v2,FALSE POSITIVE,FALSE POSITIVE
3244792,K04347.01,train,pos_only,1,planet,train_eligible,,dr25_clean_v2,CONFIRMED,CANDIDATE
3245661,K03977.01,train,neg_only,0,false_positive,train_eligible,,dr25_clean_v2,FALSE POSITIVE,FALSE POSITIVE
3245969,K01101.01,train,pos_only,1,planet,train_eligible,,dr25_clean_v2,CONFIRMED,CANDIDATE
3246984,K00799.01,train,unlabelled_only,,,excluded,unresolved_candidate,dr25_clean_v2,CANDIDATE,CANDIDATE
3247268,K01089.01,train,pos_only,1,planet,train_eligible,,dr25_clean_v2,CONFIRMED,CANDIDATE
3247268,K01089.02,train,pos_only,1,planet,train_eligible,,dr25_clean_v2,CONFIRMED,CANDIDATE
3247294,K06316.01,train,neg_only,0,false_positive,train_eligible,,dr25_clean_v2,FALSE POSITIVE,FALSE POSITIVE
3247396,K00121.01,train,neg_only,0,false_positive,train_eligible,,dr25_clean_v2,FALSE POSITIVE,FALSE POSITIVE
3247404,K04035.01,train,neg_only,0,false_positive,train_eligible,,dr25_clean_v2,FALSE POSITIVE,FALSE POSITIVE
3248332,K06317.01,train,neg_only,0,false_positive,train_eligible,,dr25_clean_v2,FALSE POSITIVE,FALSE POSITIVE
3248501,K02052.01,train,unlabelled_only,,,excluded,unresolved_candidate,dr25_clean_v2,CANDIDATE,CANDIDATE
3248696,K07651.01,train,neg_only,0,false_positive,train_eligible,,dr25_clean_v2,FALSE POSITIVE,FALSE POSITIVE
3323289,K06319.01,train,neg_only,0,false_positive,train_eligible,,dr25_clean_v2,FALSE POSITIVE,FALSE POSITIVE
3323887,K00377.01,train,unlabelled_only,,,excluded,disposition_conflict,dr25_clean_v2,CONFIRMED,FALSE POSITIVE
3324644,K03781.01,train,neg_only,0,false_positive,train_eligible,,dr25_clean_v2,FALSE POSITIVE,FALSE POSITIVE
3324986,K03084.01,train,neg_only,0,false_positive,train_eligible,,dr25_clean_v2,FALSE POSITIVE,FALSE POSITIVE
3327980,K06321.01,train,neg_only,0,false_positive,train_eligible,,dr25_clean_v2,FALSE POSITIVE,FALSE POSITIVE
3327992,K03635.01,train,neg_only,0,false_positive,train_eligible,,dr25_clean_v2,FALSE POSITIVE,FALSE POSITIVE
3327993,K02157.01,train,neg_only,0,false_positive,train_eligible,,dr25_clean_v2,FALSE POSITIVE,FALSE POSITIVE
3328026,K01994.01,train,neg_only,0,false_positive,train_eligible,,dr25_clean_v2,FALSE POSITIVE,FALSE POSITIVE
3328052,K03011.01,train,neg_only,0,false_positive,train_eligible,,dr25_clean_v2,FALSE POSITIVE,FALSE POSITIVE
3328080,K03075.01,train,pos_only,1,planet,train_eligible,,dr25_clean_v2,CONFIRMED,CANDIDATE
3329643,K06322.01,train,neg_only,0,false_positive,train_eligible,,dr25_clean_v2,FALSE POSITIVE,FALSE POSITIVE
3335813,K03632.01,train,neg_only,0,false_positive,train_eligible,,dr25_clean_v2,FALSE POSITIVE,FALSE POSITIVE
3336476,K03247.01,train,neg_only,0,false_positive,train_eligible,,dr25_clean_v2,FALSE POSITIVE,FALSE POSITIVE
3336765,K02740.01,train,neg_only,0,false_positive,train_eligible,,dr25_clean_v2,FALSE POSITIVE,FALSE POSITIVE
3336845,K04275.01,train,neg_only,0,false_positive,train_eligible,,dr25_clean_v2,FALSE POSITIVE,FALSE POSITIVE
3337425,K01114.01,train,neg_only,0,false_positive,train_eligible,,dr25_clean_v2,FALSE POSITIVE,FALSE POSITIVE
3337432,K02265.01,train,neg_only,0,false_positive,train_eligible,,dr25_clean_v2,FALSE POSITIVE,FALSE POSITIVE
3337438,K06324.01,train,neg_only,0,false_positive,train_eligible,,dr25_clean_v2,FALSE POSITIVE,FALSE POSITIVE
3337548,K06325.01,train,neg_only,0,false_positive,train_eligible,,dr25_clean_v2,FALSE POSITIVE,FALSE POSITIVE
3338660,K03795.01,train,neg_only,0,false_positive,train_eligible,,dr25_clean_v2,FALSE POSITIVE,FALSE POSITIVE
3338674,K03796.01,train,neg_only,0,false_positive,train_eligible,,dr25_clean_v2,FALSE POSITIVE,FALSE POSITIVE
3338885,K01845.01,train,pos_only,1,planet,train_eligible,,dr25_clean_v2,CONFIRMED,CANDIDATE
3338885,K01845.02,train,pos_only,1,planet,train_eligible,,dr25_clean_v2,CONFIRMED,CANDIDATE
3339538,K06326.01,train,neg_only,0,false_positive,train_eligible,,dr25_clean_v2,FALSE POSITIVE,FALSE POSITIVE
3340165,K04972.01,train,unlabelled_only,,,excluded,unresolved_candidate,dr25_clean_v2,CANDIDATE,CANDIDATE
3340312,K00441.01,train,neg_only,0,false_positive,train_eligible,,dr25_clean_v2,FALSE POSITIVE,FALSE POSITIVE
3340313,K03677.01,train,neg_only,0,false_positive,train_eligible,,dr25_clean_v2,FALSE POSITIVE,FALSE POSITIVE
3341760,K04973.01,train,neg_only,0,false_positive,train_eligible,,dr25_clean_v2,FALSE POSITIVE,FALSE POSITIVE
3342952,K03215.01,train,neg_only,0,false_positive,train_eligible,,dr25_clean_v2,FALSE POSITIVE,FALSE POSITIVE
3342970,K00800.01,train,pos_only,1,planet,train_eligible,,dr25_clean_v2,CONFIRMED,CANDIDATE
3342970,K00800.02,train,pos_only,1,planet,train_eligible,,dr25_clean_v2,CONFIRMED,CANDIDATE
3343866,K06328.01,train,neg_only,0,false_positive,train_eligible,,dr25_clean_v2,FALSE POSITIVE,FALSE POSITIVE
3344427,K03764.01,train,neg_only,0,false_positive,train_eligible,,dr25_clean_v2,FALSE POSITIVE,FALSE POSITIVE
3346154,K02723.01,train,pos_only,1,planet,train_eligible,,dr25_clean_v2,CONFIRMED,CANDIDATE
3347485,K05985.01,train,neg_only,0,false_positive,train_eligible,,dr25_clean_v2,FALSE POSITIVE,FALSE POSITIVE
3347807,K07653.01,train,neg_only,0,false_positive,train_eligible,,dr25_clean_v2,FALSE POSITIVE,FALSE POSITIVE
3348090,K04112.01,train,neg_only,0,false_positive,train_eligible,,dr25_clean_v2,FALSE POSITIVE,FALSE POSITIVE
3348093,K03590.01,train,neg_only,0,false_positive,train_eligible,,dr25_clean_v2,FALSE POSITIVE,FALSE POSITIVE
3348216,K03448.01,train,unlabelled_only,,,excluded,unresolved_candidate,dr25_clean_v2,CANDIDATE,CANDIDATE
3348285,K03021.01,train,neg_only,0,false_positive,train_eligible,,dr25_clean_v2,FALSE POSITIVE,FALSE POSITIVE
3351888,K00801.01,train,pos_only,1,planet,train_eligible,,dr25_clean_v2,CONFIRMED,CANDIDATE
3353050,K00384.01,train,pos_only,1,planet,train_eligible,,dr25_clean_v2,CONFIRMED,CANDIDATE
3355104,K04975.01,train,neg_only,0,false_positive,train_eligible,,dr25_clean_v2,FALSE POSITIVE,FALSE POSITIVE
3356193,K06331.01,train,unlabelled_only,,,excluded,unresolved_candidate,dr25_clean_v2,CANDIDATE,CANDIDATE
3426367,K02662.01,train,pos_only,1,planet,train_eligible,,dr25_clean_v2,CONFIRMED,CANDIDATE
3427776,K06332.01,train,neg_only,0,false_positive,train_eligible,,dr25_clean_v2,FALSE POSITIVE,FALSE POSITIVE
3428468,K03582.01,train,neg_only,0,false_positive,train_eligible,,dr25_clean_v2,FALSE POSITIVE,FALSE POSITIVE
3433668,K03415.01,train,pos_only,1,planet,train_eligible,,dr25_clean_v2,CONFIRMED,CANDIDATE
3437739,K06333.01,train,neg_only,0,false_positive,train_eligible,,dr25_clean_v2,FALSE POSITIVE,FALSE POSITIVE
3437776,K00549.01,train,neg_only,0,false_positive,train_eligible,,dr25_clean_v2,FALSE POSITIVE,FALSE POSITIVE
3437776,K00549.02,train,neg_only,0,false_positive,train_eligible,,dr25_clean_v2,FALSE POSITIVE,FALSE POSITIVE
3438507,K01204.01,train,pos_only,1,planet,train_eligible,,dr25_clean_v2,CONFIRMED,CANDIDATE
3438976,K04527.01,train,neg_only,0,false_positive,train_eligible,,dr25_clean_v2,FALSE POSITIVE,FALSE POSITIVE
3439126,K07655.01,train,neg_only,0,false_positive,train_eligible,,dr25_clean_v2,FALSE POSITIVE,FALSE POSITIVE
3440978,K02288.01,train,unlabelled_only,,,excluded,unresolved_candidate,dr25_clean_v2,CANDIDATE,CANDIDATE
3441340,K06335.01,train,neg_only,0,false_positive,train_eligible,,dr25_clean_v2,FALSE POSITIVE,FALSE POSITIVE
3441784,K00976.01,train,neg_only,0,false_positive,train_eligible,,dr25_clean_v2,FALSE POSITIVE,FALSE POSITIVE
3442054,K03593.01,train,neg_only,0,false_positive,train_eligible,,dr25_clean_v2,FALSE POSITIVE,FALSE POSITIVE
3442055,K01218.01,train,pos_only,1,planet,train_eligible,,dr25_clean_v2,CONFIRMED,CANDIDATE
3445812,K04802.01,train,neg_only,0,false_positive,train_eligible,,dr25_clean_v2,FALSE POSITIVE,FALSE POSITIVE
3446451,K01735.01,train,neg_only,0,false_positive,train_eligible,,dr25_clean_v2,FALSE POSITIVE,FALSE POSITIVE
3446746,K00385.01,train,pos_only,1,planet,train_eligible,,dr25_clean_v2,CONFIRMED,CANDIDATE
3447722,K01198.01,train,pos_only,1,planet,train_eligible,,dr25_clean_v2,CONFIRMED,CANDIDATE
3447722,K01198.02,train,pos_only,1,planet,train_eligible,,dr25_clean_v2,CONFIRMED,CANDIDATE
3447722,K01198.03,train,pos_only,1,planet,train_eligible,,dr25_clean_v2,CONFIRMED,CANDIDATE
3448130,K02043.01,train,pos_only,1,planet,train_eligible,,dr25_clean_v2,CONFIRMED,CANDIDATE
3448456,K07656.01,train,neg_only,0,false_positive,train_eligible,,dr25_clean_v2,FALSE POSITIVE,FALSE POSITIVE
3449540,K04982.01,train,neg_only,0,false_positive,train_eligible,,dr25_clean_v2,FALSE POSITIVE,FALSE POSITIVE
3450040,K04205.01,train,unlabelled_only,,,excluded,unresolved_candidate,dr25_clean_v2,CANDIDATE,CANDIDATE
3453214,K00802.01,train,unlabelled_only,,,excluded,unresolved_candidate,dr25_clean_v2,CANDIDATE,CANDIDATE
3458687,K07543.01,train,neg_only,0,false_positive,train_eligible,,dr25_clean_v2,FALSE POSITIVE,FALSE POSITIVE
3529290,K03340.01,train,unlabelled_only,,,excluded,unresolved_candidate,dr25_clean_v2,CANDIDATE,CANDIDATE
3529290,K03340.02,train,unlabelled_only,,,excluded,unresolved_candidate,dr25_clean_v2,CANDIDATE,CANDIDATE
3530668,K05986.01,train,neg_only,0,false_positive,train_eligible,,dr25_clean_v2,FALSE POSITIVE,FALSE POSITIVE
3531231,K07657.01,train,neg_only,0,false_positive,train_eligible,,dr25_clean_v2,FALSE POSITIVE,FALSE POSITIVE
3531558,K00118.01,train,pos_only,1,planet,train_eligible,,dr25_clean_v2,CONFIRMED,CANDIDATE
3532985,K05987.01,train,neg_only,0,false_positive,train_eligible,,dr25_clean_v2,FALSE POSITIVE,FALSE POSITIVE
3533469,K02430.01,train,neg_only,0,false_positive,train_eligible,,dr25_clean_v2,FALSE POSITIVE,FALSE POSITIVE
3539231,K04626.01,train,unlabelled_only,,,excluded,unresolved_candidate,dr25_clean_v2,CANDIDATE,CANDIDATE
3541800,K00491.01,train,neg_only,0,false_positive,train_eligible,,dr25_clean_v2,FALSE POSITIVE,FALSE POSITIVE
3541946,K00624.01,train,pos_only,1,planet,train_eligible,,dr25_clean_v2,CONFIRMED,CANDIDATE
3541946,K00624.02,train,pos_only,1,planet,train_eligible,,dr25_clean_v2,CONFIRMED,CANDIDATE
3541946,K00624.03,train,pos_only,1,planet,train_eligible,,dr25_clean_v2,CONFIRMED,CANDIDATE
3542117,K04987.01,train,unlabelled_only,,,excluded,unresolved_candidate,dr25_clean_v2,CANDIDATE,CANDIDATE
3542574,K03628.01,train,neg_only,0,false_positive,train_eligible,,dr25_clean_v2,FALSE POSITIVE,FALSE POSITIVE
3542588,K01217.01,train,neg_only,0,false_positive,train_eligible,,dr25_clean_v2,FALSE POSITIVE,FALSE POSITIVE
3543270,K06339.01,train,neg_only,0,false_positive,train_eligible,,dr25_clean_v2,FALSE POSITIVE,FALSE POSITIVE
3544640,K03279.01,train,pos_only,1,planet,train_eligible,,dr25_clean_v2,CONFIRMED,CANDIDATE
3544678,K06340.01,train,neg_only,0,false_positive,train_eligible,,dr25_clean_v2,FALSE POSITIVE,FALSE POSITIVE
3544689,K01183.01,train,neg_only,0,false_positive,train_eligible,,dr25_clean_v2,FALSE POSITIVE,FALSE POSITIVE
3544694,K03629.01,train,neg_only,0,false_positive,train_eligible,,dr25_clean_v2,FALSE POSITIVE,FALSE POSITIVE
3545135,K02755.01,train,pos_only,1,planet,train_eligible,,dr25_clean_v2,CONFIRMED,CANDIDATE
3545478,K00366.01,train,unlabelled_only,,,excluded,unresolved_candidate,dr25_clean_v2,CANDIDATE,CANDIDATE
3547178,K06342.01,train,unlabelled_only,,,excluded,unresolved_candidate,dr25_clean_v2,CANDIDATE,CANDIDATE
3547760,K04535.01,train,unlabelled_only,,,excluded,unresolved_candidate,dr25_clean_v2,CANDIDATE,CANDIDATE
3548639,K04191.01,train,neg_only,0,false_positive,train_eligible,,dr25_clean_v2,FALSE POSITIVE,FALSE POSITIVE
3554031,K01194.01,train,mixed,1,planet,train_eligible,,dr25_clean_v2,CONFIRMED,CANDIDATE
3554031,K01194.02,train,mixed,0,false_positive,train_eligible,,dr25_clean_v2,FALSE POSITIVE,FALSE POSITIVE
3554031,K01194.03,train,mixed,1,planet,train_eligible,,dr25_clean_v2,CONFIRMED,CANDIDATE
3554600,K00803.01,train,neg_only,0,false_positive,train_eligible,,dr25_clean_v2,FALSE POSITIVE,FALSE POSITIVE
3556220,K01213.01,train,neg_only,0,false_positive,train_eligible,,dr25_clean_v2,FALSE POSITIVE,FALSE POSITIVE
3556229,K03899.01,train,neg_only,0,false_positive,train_eligible,,dr25_clean_v2,FALSE POSITIVE,FALSE POSITIVE
3557341,K01190.01,train,neg_only,0,false_positive,train_eligible,,dr25_clean_v2,FALSE POSITIVE,FALSE POSITIVE
3557560,K04456.01,train,unlabelled_only,,,excluded,unresolved_candidate,dr25_clean_v2,CANDIDATE,CANDIDATE
3558803,K06345.01,train,neg_only,0,false_positive,train_eligible,,dr25_clean_v2,FALSE POSITIVE,FALSE POSITIVE
3558849,K04307.01,train,unlabelled_only,,,excluded,unresolved_candidate,dr25_clean_v2,CANDIDATE,CANDIDATE
3558981,K00052.01,train,neg_only,0,false_positive,train_eligible,,dr25_clean_v2,FALSE POSITIVE,FALSE POSITIVE
3559935,K00492.01,train,pos_only,1,planet,train_eligible,,dr25_clean_v2,CONFIRMED,CANDIDATE
3560301,K00968.01,train,neg_only,0,false_positive,train_eligible,,dr25_clean_v2,FALSE POSITIVE,FALSE POSITIVE
3629967,K01901.01,train,pos_only,1,planet,train_eligible,,dr25_clean_v2,CONFIRMED,CANDIDATE
3632089,K03308.01,train,pos_only,1,planet,train_eligible,,dr25_clean_v2,CONFIRMED,CANDIDATE
3632089,K03308.02,train,pos_only,1,planet,train_eligible,,dr25_clean_v2,CONFIRMED,CANDIDATE
3632418,K00975.01,train,pos_only,1,planet,train_eligible,,dr25_clean_v2,CONFIRMED,CANDIDATE
3634051,K06103.01,train,unlabelled_only,,,excluded,disposition_conflict,dr25_clean_v2,CONFIRMED,FALSE POSITIVE
3634051,K06103.02,train,unlabelled_only,,,excluded,unresolved_candidate,dr25_clean_v2,CANDIDATE,CANDIDATE
3640905,K01221.01,train,pos_only,1,planet,train_eligible,,dr25_clean_v2,CONFIRMED,CANDIDATE
3640905,K01221.02,train,pos_only,1,planet,train_eligible,,dr25_clean_v2,CONFIRMED,CANDIDATE
3641726,K00804.01,train,pos_only,1,planet,train_eligible,,dr25_clean_v2,CONFIRMED,CANDIDATE
3642289,K00301.01,train,pos_only,1,planet,train_eligible,,dr25_clean_v2,CONFIRMED,CANDIDATE
3642289,K00301.02,train,pos_only,1,planet,train_eligible,,dr25_clean_v2,CONFIRMED,CANDIDATE
3642335,K03010.01,train,pos_only,1,planet,train_eligible,,dr25_clean_v2,CONFIRMED,CANDIDATE
3642741,K00242.01,train,unlabelled_only,,,excluded,disposition_conflict,dr25_clean_v2,FALSE POSITIVE,CANDIDATE
3644071,K01192.02,train,neg_only,0,false_positive,train_eligible,,dr25_clean_v2,FALSE POSITIVE,FALSE POSITIVE
3644174,K06347.01,train,neg_only,0,false_positive,train_eligible,,dr25_clean_v2,FALSE POSITIVE,FALSE POSITIVE
3644399,K04997.01,train,neg_only,0,false_positive,train_eligible,,dr25_clean_v2,FALSE POSITIVE,FALSE POSITIVE
3644523,K01195.01,train,neg_only,0,false_positive,train_eligible,,dr25_clean_v2,FALSE POSITIVE,FALSE POSITIVE
3644542,K03511.01,train,neg_only,0,false_positive,train_eligible,,dr25_clean_v2,FALSE POSITIVE,FALSE POSITIVE
3644601,K03862.01,train,neg_only,0,false_positive,train_eligible,,dr25_clean_v2,FALSE POSITIVE,FALSE POSITIVE
3644601,K03862.02,train,neg_only,0,false_positive,train_eligible,,dr25_clean_v2,FALSE POSITIVE,FALSE POSITIVE
3644602,K04479.01,train,neg_only,0,false_positive,train_eligible,,dr25_clean_v2,FALSE POSITIVE,FALSE POSITIVE
3644631,K07659.01,train,neg_only,0,false_positive,train_eligible,,dr25_clean_v2,FALSE POSITIVE,FALSE POSITIVE
3644653,K02596.01,train,neg_only,0,false_positive,train_eligible,,dr25_clean_v2,FALSE POSITIVE,FALSE POSITIVE
3644738,K07660.01,train,neg_only,0,false_positive,train_eligible,,dr25_clean_v2,FALSE POSITIVE,FALSE POSITIVE
3645282,K07661.01,train,neg_only,0,false_positive,train_eligible,,dr25_clean_v2,FALSE POSITIVE,FALSE POSITIVE
3646449,K04999.01,train,unlabelled_only,,,excluded,unresolved_candidate,dr25_clean_v2,CANDIDATE,CANDIDATE
3650049,K04249.01,train,neg_only,0,false_positive,train_eligible,,dr25_clean_v2,FALSE POSITIVE,FALSE POSITIVE
3654950,K01766.01,train,neg_only,0,false_positive,train_eligible,,dr25_clean_v2,FALSE POSITIVE,FALSE POSITIVE
3655326,K06348.01,train,neg_only,0,false_positive,train_eligible,,dr25_clean_v2,FALSE POSITIVE,FALSE POSITIVE
3655332,K01179.01,train,neg_only,0,false_positive,train_eligible,,dr25_clean_v2,FALSE POSITIVE,FALSE POSITIVE
3656322,K06349.01,train,neg_only,0,false_positive,train_eligible,,dr25_clean_v2,FALSE POSITIVE,FALSE POSITIVE
3656700,K06350.01,train,neg_only,0,false_positive,train_eligible,,dr25_clean_v2,FALSE POSITIVE,FALSE POSITIVE
3657176,K02903.01,train,neg_only,0,false_positive,train_eligible,,dr25_clean_v2,FALSE POSITIVE,FALSE POSITIVE
3657758,K02034.01,train,pos_only,1,planet,train_eligible,,dr25_clean_v2,CONFIRMED,CANDIDATE
3657758,K02034.02,train,pos_only,1,planet,train_eligible,,dr25_clean_v2,CONFIRMED,CANDIDATE
3659940,K06351.01,train,neg_only,0,false_positive,train_eligible,,dr25_clean_v2,FALSE POSITIVE,FALSE POSITIVE
3660581,K07662.01,train,unlabelled_only,,,excluded,unresolved_candidate,dr25_clean_v2,CANDIDATE,CANDIDATE
3660924,K01214.01,train,pos_only,1,planet,train_eligible,,dr25_clean_v2,CONFIRMED,CANDIDATE
3661886,K02279.01,train,pos_only,1,planet,train_eligible,,dr25_clean_v2,CONFIRMED,CANDIDATE
3661886,K02279.02,train,pos_only,1,planet,train_eligible,,dr25_clean_v2,CONFIRMED,CANDIDATE
3662635,K08243.01,train,neg_only,0,false_positive,train_eligible,,dr25_clean_v2,FALSE POSITIVE,FALSE POSITIVE
3663141,K07663.01,train,neg_only,0,false_positive,train_eligible,,dr25_clean_v2,FALSE POSITIVE,FALSE POSITIVE
3663173,K02750.01,train,unlabelled_only,,,excluded,unresolved_candidate,dr25_clean_v2,CANDIDATE,CANDIDATE
3663494,K06352.01,train,unlabelled_only,,,excluded,unresolved_candidate,dr25_clean_v2,CANDIDATE,CANDIDATE
3728432,K03893.01,train,pos_only,1,planet,train_eligible,,dr25_clean_v2,CONFIRMED,CANDIDATE
3728701,K02536.01,train,pos_only,1,planet,train_eligible,,dr25_clean_v2,CONFIRMED,CANDIDATE
3730335,K02808.01,train,neg_only,0,false_positive,train_eligible,,dr25_clean_v2,FALSE POSITIVE,FALSE POSITIVE
3732035,K03966.01,train,pos_only,1,planet,train_eligible,,dr25_clean_v2,CONFIRMED,CANDIDATE
3732821,K01207.01,train,pos_only,1,planet,train_eligible,,dr25_clean_v2,CONFIRMED,CANDIDATE
3732894,K04476.01,train,neg_only,0,false_positive,train_eligible,,dr25_clean_v2,FALSE POSITIVE,FALSE POSITIVE
3732972,K07664.01,train,neg_only,0,false_positive,train_eligible,,dr25_clean_v2,FALSE POSITIVE,FALSE POSITIVE
3733628,K00387.01,train,pos_only,1,planet,train_eligible,,dr25_clean_v2,CONFIRMED,CANDIDATE
3734418,K02261.01,train,pos_only,1,planet,train_eligible,,dr25_clean_v2,CONFIRMED,CANDIDATE
3734501,K08244.01,train,neg_only,0,false_positive,train_eligible,,dr25_clean_v2,FALSE POSITIVE,FALSE POSITIVE
3734868,K00805.01,train,neg_only,0,false_positive,train_eligible,,dr25_clean_v2,FALSE POSITIVE,FALSE POSITIVE
3735629,K03544.01,train,neg_only,0,false_positive,train_eligible,,dr25_clean_v2,FALSE POSITIVE,FALSE POSITIVE
3735634,K03615.01,train,neg_only,0,false_positive,train_eligible,,dr25_clean_v2,FALSE POSITIVE,FALSE POSITIVE
3742855,K00045.01,train,neg_only,0,false_positive,train_eligible,,dr25_clean_v2,FALSE POSITIVE,FALSE POSITIVE
3745559,K03423.01,train,pos_only,1,planet,train_eligible,,dr25_clean_v2,CONFIRMED,CANDIDATE
3745690,K00442.01,train,pos_only,1,planet,train_eligible,,dr25_clean_v2,CONFIRMED,CANDIDATE
3745690,K00442.02,train,pos_only,1,planet,train_eligible,,dr25_clean_v2,CONFIRMED,CANDIDATE
3745690,K00442.03,train,pos_only,1,planet,train_eligible,,dr25_clean_v2,CONFIRMED,CANDIDATE
3747262,K03005.01,train,neg_only,0,false_positive,train_eligible,,dr25_clean_v2,FALSE POSITIVE,FALSE POSITIVE
3747817,K04103.01,train,pos_only,1,planet,train_eligible,,dr25_clean_v2,CONFIRMED,CANDIDATE
3747817,K04103.02,train,pos_only,,,excluded,unresolved_candidate,dr25_clean_v2,CANDIDATE,CANDIDATE
3748855,K06355.01,train,unlabelled_only,,,excluded,unresolved_candidate,dr25_clean_v2,CANDIDATE,CANDIDATE
3749134,K01212.01,train,pos_only,1,planet,train_eligible,,dr25_clean_v2,CONFIRMED,CANDIDATE
3749365,K01176.01,train,pos_only,1,planet,train_eligible,,dr25_clean_v2,CONFIRMED,CANDIDATE
3749508,K07544.01,train,neg_only,0,false_positive,train_eligible,,dr25_clean_v2,FALSE POSITIVE,FALSE POSITIVE
3749508,K07544.02,train,neg_only,0,false_positive,train_eligible,,dr25_clean_v2,FALSE POSITIVE,FALSE POSITIVE
3749978,K02308.01,train,pos_only,1,planet,train_eligible,,dr25_clean_v2,CONFIRMED,CANDIDATE
3750350,K07665.01,train,neg_only,0,false_positive,train_eligible,,dr25_clean_v2,FALSE POSITIVE,FALSE POSITIVE
3751231,K07666.01,train,neg_only,0,false_positive,train_eligible,,dr25_clean_v2,FALSE POSITIVE,FALSE POSITIVE
3752110,K03142.01,train,unlabelled_only,,,excluded,unresolved_candidate,dr25_clean_v2,CANDIDATE,CANDIDATE
3756264,K03108.01,train,pos_only,1,planet,train_eligible,,dr25_clean_v2,CONFIRMED,CANDIDATE
3757407,K04057.01,train,neg_only,0,false_positive,train_eligible,,dr25_clean_v2,FALSE POSITIVE,FALSE POSITIVE
3757588,K06356.01,train,neg_only,0,false_positive,train_eligible,,dr25_clean_v2,FALSE POSITIVE,FALSE POSITIVE
3757590,K03520.01,train,unlabelled_only,,,excluded,unresolved_candidate,dr25_clean_v2,CANDIDATE,CANDIDATE
3757778,K03402.01,train,neg_only,0,false_positive,train_eligible,,dr25_clean_v2,FALSE POSITIVE,FALSE POSITIVE
3758922,K04853.01,train,unlabelled_only,,,excluded,unresolved_candidate,dr25_clean_v2,CANDIDATE,CANDIDATE
3762468,K00208.01,train,pos_only,1,planet,train_eligible,,dr25_clean_v2,CONFIRMED,CANDIDATE
3762750,K07668.01,train,unlabelled_only,,,excluded,unresolved_candidate,dr25_clean_v2,CANDIDATE,CANDIDATE
3764879,K02141.01,train,neg_only,0,false_positive,train_eligible,,dr25_clean_v2,FALSE POSITIVE,FALSE POSITIVE
3765771,K01189.01,train,neg_only,0,false_positive,train_eligible,,dr25_clean_v2,FALSE POSITIVE,FALSE POSITIVE
3765917,K04526.01,train,unlabelled_only,,,excluded,unresolved_candidate,dr25_clean_v2,CANDIDATE,CANDIDATE
3765917,K04526.02,train,unlabelled_only,,,excluded,unresolved_candidate,dr25_clean_v2,CANDIDATE,CANDIDATE
3766353,K06359.01,train,neg_only,0,false_positive,train_eligible,,dr25_clean_v2,FALSE POSITIVE,FALSE POSITIVE
3831053,K00388.01,train,pos_only,1,planet,train_eligible,,dr25_clean_v2,CONFIRMED,CANDIDATE
3831523,K06361.01,train,unlabelled_only,,,excluded,unresolved_candidate,dr25_clean_v2,CANDIDATE,CANDIDATE
3831911,K05988.01,train,neg_only,0,false_positive,train_eligible,,dr25_clean_v2,FALSE POSITIVE,FALSE POSITIVE
3832474,K00806.01,train,pos_only,1,planet,train_eligible,,dr25_clean_v2,CONFIRMED,CANDIDATE
3832474,K00806.02,train,pos_only,1,planet,train_eligible,,dr25_clean_v2,CONFIRMED,CANDIDATE
3832716,K00027.01,train,neg_only,0,false_positive,train_eligible,,dr25_clean_v2,FALSE POSITIVE,FALSE POSITIVE
3834317,K04203.01,train,neg_only,0,false_positive,train_eligible,,dr25_clean_v2,FALSE POSITIVE,FALSE POSITIVE
3834360,K00493.01,train,neg_only,0,false_positive,train_eligible,,dr25_clean_v2,FALSE POSITIVE,FALSE POSITIVE
3834364,K06362.01,train,neg_only,0,false_positive,train_eligible,,dr25_clean_v2,FALSE POSITIVE,FALSE POSITIVE
3835670,K00149.01,train,pos_only,1,planet,train_eligible,,dr25_clean_v2,CONFIRMED,CANDIDATE
3836375,K00807.01,train,neg_only,0,false_positive,train_eligible,,dr25_clean_v2,FALSE POSITIVE,FALSE POSITIVE
3836413,K06363.01,train,neg_only,0,false_positive,train_eligible,,dr25_clean_v2,FALSE POSITIVE,FALSE POSITIVE
3836439,K06364.01,train,neg_only,0,false_positive,train_eligible,,dr25_clean_v2,FALSE POSITIVE,FALSE POSITIVE
3836450,K05010.01,train,neg_only,0,false_positive,train_eligible,,dr25_clean_v2,FALSE POSITIVE,FALSE POSITIVE
3836453,K01903.01,train,neg_only,0,false_positive,train_eligible,,dr25_clean_v2,FALSE POSITIVE,FALSE POSITIVE
3836558,K04086.01,train,neg_only,0,false_positive,train_eligible,,dr25_clean_v2,FALSE POSITIVE,FALSE POSITIVE
3838004,K06365.01,train,neg_only,0,false_positive,train_eligible,,dr25_clean_v2,FALSE POSITIVE,FALSE POSITIVE
3839294,K07669.01,train,neg_only,0,false_positive,train_eligible,,dr25_clean_v2,FALSE POSITIVE,FALSE POSITIVE
3847138,K00444.01,train,pos_only,1,planet,train_eligible,,dr25_clean_v2,CONFIRMED,CANDIDATE
3847708,K00389.01,train,neg_only,0,false_positive,train_eligible,,dr25_clean_v2,FALSE POSITIVE,FALSE POSITIVE
3847907,K00229.01,train,pos_only,1,planet,train_eligible,,dr25_clean_v2,CONFIRMED,CANDIDATE
3848275,K02995.01,train,pos_only,1,planet,train_eligible,,dr25_clean_v2,CONFIRMED,CANDIDATE
3848665,K05014.01,train,neg_only,0,false_positive,train_eligible,,dr25_clean_v2,FALSE POSITIVE,FALSE POSITIVE
3848948,K05016.01,train,unlabelled_only,,,excluded,unresolved_candidate,dr25_clean_v2,CANDIDATE,CANDIDATE
3848966,K03389.01,train,unlabelled_only,,,excluded,unresolved_candidate,dr25_clean_v2,CANDIDATE,CANDIDATE
3848972,K01187.01,train,neg_only,0,false_positive,train_eligible,,dr25_clean_v2,FALSE POSITIVE,FALSE POSITIVE
3849155,K00390.01,train,neg_only,0,false_positive,train_eligible,,dr25_clean_v2,FALSE POSITIVE,FALSE POSITIVE
3849187,K04780.01,train,unlabelled_only,,,excluded,unresolved_candidate,dr25_clean_v2,CANDIDATE,CANDIDATE
3851130,K02284.01,train,neg_only,0,false_positive,train_eligible,,dr25_clean_v2,FALSE POSITIVE,FALSE POSITIVE
3851134,K06366.01,train,neg_only,0,false_positive,train_eligible,,dr25_clean_v2,FALSE POSITIVE,FALSE POSITIVE
3851193,K06367.01,train,neg_only,0,false_positive,train_eligible,,dr25_clean_v2,FALSE POSITIVE,FALSE POSITIVE
3851194,K07671.01,train,neg_only,0,false_positive,train_eligible,,dr25_clean_v2,FALSE POSITIVE,FALSE POSITIVE
3851949,K03808.01,train,neg_only,0,false_positive,train_eligible,,dr25_clean_v2,FALSE POSITIVE,FALSE POSITIVE
3852258,K05989.01,train,neg_only,0,false_positive,train_eligible,,dr25_clean_v2,FALSE POSITIVE,FALSE POSITIVE
3852476,K07672.01,train,neg_only,0,false_positive,train_eligible,,dr25_clean_v2,FALSE POSITIVE,FALSE POSITIVE
3852872,K07673.01,train,unlabelled_only,,,excluded,unresolved_candidate,dr25_clean_v2,CANDIDATE,CANDIDATE
3853673,K01197.01,train,neg_only,0,false_positive,train_eligible,,dr25_clean_v2,FALSE POSITIVE,FALSE POSITIVE
3854101,K05018.01,train,neg_only,0,false_positive,train_eligible,,dr25_clean_v2,FALSE POSITIVE,FALSE POSITIVE
3854496,K06368.01,train,unlabelled_only,,,excluded,unresolved_candidate,dr25_clean_v2,CANDIDATE,CANDIDATE
3858704,K01211.01,train,neg_only,0,false_positive,train_eligible,,dr25_clean_v2,FALSE POSITIVE,FALSE POSITIVE
3858824,K00996.01,train,neg_only,0,false_positive,train_eligible,,dr25_clean_v2,FALSE POSITIVE,FALSE POSITIVE
3858851,K03293.01,train,neg_only,0,false_positive,train_eligible,,dr25_clean_v2,FALSE POSITIVE,FALSE POSITIVE
3858879,K03276.01,train,neg_only,0,false_positive,train_eligible,,dr25_clean_v2,FALSE POSITIVE,FALSE POSITIVE
3858917,K03294.01,train,neg_only,0,false_positive,train_eligible,,dr25_clean_v2,FALSE POSITIVE,FALSE POSITIVE
3858919,K05990.01,train,neg_only,0,false_positive,train_eligible,,dr25_clean_v2,FALSE POSITIVE,FALSE POSITIVE
3858943,K07674.01,train,neg_only,0,false_positive,train_eligible,,dr25_clean_v2,FALSE POSITIVE,FALSE POSITIVE
3858988,K03388.01,train,neg_only,0,false_positive,train_eligible,,dr25_clean_v2,FALSE POSITIVE,FALSE POSITIVE
3859079,K01199.01,train,pos_only,1,planet,train_eligible,,dr25_clean_v2,CONFIRMED,CANDIDATE
3859363,K02887.01,train,neg_only,0,false_positive,train_eligible,,dr25_clean_v2,FALSE POSITIVE,FALSE POSITIVE
3859628,K01191.01,train,pos_only,1,planet,train_eligible,,dr25_clean_v2,CONFIRMED,CANDIDATE
3859890,K05020.01,train,neg_only,0,false_positive,train_eligible,,dr25_clean_v2,FALSE POSITIVE,FALSE POSITIVE
3860441,K01188.01,train,neg_only,0,false_positive,train_eligible,,dr25_clean_v2,FALSE POSITIVE,FALSE POSITIVE
3861595,K00004.01,train,pos_only,1,planet,train_eligible,,dr25_clean_v2,CONFIRMED,CANDIDATE
3862246,K00230.01,train,neg_only,0,false_positive,train_eligible,,dr25_clean_v2,FALSE POSITIVE,FALSE POSITIVE
3865567,K01182.01,train,neg_only,0,false_positive,train_eligible,,dr25_clean_v2,FALSE POSITIVE,FALSE POSITIVE
3865595,K03938.01,train,neg_only,0,false_positive,train_eligible,,dr25_clean_v2,FALSE POSITIVE,FALSE POSITIVE
3866536,K04423.01,train,neg_only,0,false_positive,train_eligible,,dr25_clean_v2,FALSE POSITIVE,FALSE POSITIVE
3867593,K05023.01,train,neg_only,0,false_positive,train_eligible,,dr25_clean_v2,FALSE POSITIVE,FALSE POSITIVE
3869014,K01205.01,train,pos_only,1,planet,train_eligible,,dr25_clean_v2,CONFIRMED,CANDIDATE
3869825,K01178.01,train,neg_only,0,false_positive,train_eligible,,dr25_clean_v2,FALSE POSITIVE,FALSE POSITIVE
3934657,K07676.01,train,unlabelled_only,,,excluded,unresolved_candidate,dr25_clean_v2,CANDIDATE,CANDIDATE
3935914,K00809.01,train,pos_only,1,planet,train_eligible,,dr25_clean_v2,CONFIRMED,CANDIDATE
3937519,K00221.01,train,pos_only,1,planet,train_eligible,,dr25_clean_v2,CONFIRMED,CANDIDATE
3937519,K00221.02,train,pos_only,1,planet,train_eligible,,dr25_clean_v2,CONFIRMED,CANDIDATE
3937814,K04084.01,train,pos_only,1,planet,train_eligible,,dr25_clean_v2,CONFIRMED,CANDIDATE
3937814,K04084.03,train,pos_only,,,excluded,unresolved_candidate,dr25_clean_v2,CANDIDATE,CANDIDATE
3938073,K06373.01,train,neg_only,0,false_positive,train_eligible,,dr25_clean_v2,FALSE POSITIVE,FALSE POSITIVE
3939150,K01215.01,train,pos_only,1,planet,train_eligible,,dr25_clean_v2,CONFIRMED,CANDIDATE
3939150,K01215.02,train,pos_only,1,planet,train_eligible,,dr25_clean_v2,CONFIRMED,CANDIDATE
3940418,K00810.01,train,pos_only,1,planet,train_eligible,,dr25_clean_v2,CONFIRMED,CANDIDATE
3942446,K01193.01,train,unlabelled_only,,,excluded,unresolved_candidate,dr25_clean_v2,CANDIDATE,CANDIDATE
3942670,K00392.01,train,pos_only,1,planet,train_eligible,,dr25_clean_v2,CONFIRMED,CANDIDATE
3942670,K00392.02,train,pos_only,1,planet,train_eligible,,dr25_clean_v2,CONFIRMED,CANDIDATE
3945802,K03435.01,train,neg_only,0,false_positive,train_eligible,,dr25_clean_v2,FALSE POSITIVE,FALSE POSITIVE
3946023,K02447.01,train,neg_only,0,false_positive,train_eligible,,dr25_clean_v2,FALSE POSITIVE,FALSE POSITIVE
3952651,K01912.01,train,neg_only,0,false_positive,train_eligible,,dr25_clean_v2,FALSE POSITIVE,FALSE POSITIVE
3953173,K04493.01,train,neg_only,0,false_positive,train_eligible,,dr25_clean_v2,FALSE POSITIVE,FALSE POSITIVE
3955817,K04117.01,train,pos_only,1,planet,train_eligible,,dr25_clean_v2,CONFIRMED,CANDIDATE
3955867,K07545.01,train,neg_only,0,false_positive,train_eligible,,dr25_clean_v2,FALSE POSITIVE,FALSE POSITIVE
3957082,K02864.01,train,neg_only,0,false_positive,train_eligible,,dr25_clean_v2,FALSE POSITIVE,FALSE POSITIVE
3958301,K03381.02,train,neg_only,0,false_positive,train_eligible,,dr25_clean_v2,FALSE POSITIVE,FALSE POSITIVE
3962243,K01203.01,train,pos_only,1,planet,train_eligible,,dr25_clean_v2,CONFIRMED,CANDIDATE
3962243,K01203.02,train,pos_only,1,planet,train_eligible,,dr25_clean_v2,CONFIRMED,CANDIDATE
3962243,K01203.03,train,pos_only,1,planet,train_eligible,,dr25_clean_v2,CONFIRMED,CANDIDATE
3962357,K01210.01,train,pos_only,1,planet,train_eligible,,dr25_clean_v2,CONFIRMED,CANDIDATE
3962728,K05028.01,train,neg_only,0,false_positive,train_eligible,,dr25_clean_v2,FALSE POSITIVE,FALSE POSITIVE
3962872,K04539.01,train,neg_only,0,false_positive,train_eligible,,dr25_clean_v2,FALSE POSITIVE,FALSE POSITIVE
3964562,K00015.01,train,neg_only,0,false_positive,train_eligible,,dr25_clean_v2,FALSE POSITIVE,FALSE POSITIVE
3966912,K01186.01,train,neg_only,0,false_positive,train_eligible,,dr25_clean_v2,FALSE POSITIVE,FALSE POSITIVE
3967501,K07677.01,train,neg_only,0,false_positive,train_eligible,,dr25_clean_v2,FALSE POSITIVE,FALSE POSITIVE
3967760,K01760.01,train,pos_only,1,planet,train_eligible,,dr25_clean_v2,CONFIRMED,CANDIDATE
3967760,K01760.02,train,pos_only,1,planet,train_eligible,,dr25_clean_v2,CONFIRMED,CANDIDATE
3969687,K02904.01,train,pos_only,1,planet,train_eligible,,dr25_clean_v2,CONFIRMED,CANDIDATE
3970233,K00604.01,train,neg_only,0,false_positive,train_eligible,,dr25_clean_v2,FALSE POSITIVE,FALSE POSITIVE
3971315,K05992.01,train,neg_only,0,false_positive,train_eligible,,dr25_clean_v2,FALSE POSITIVE,FALSE POSITIVE
3972432,K06375.01,train,unlabelled_only,,,excluded,unresolved_candidate,dr25_clean_v2,CANDIDATE,CANDIDATE
3973002,K06376.01,train,neg_only,0,false_positive,train_eligible,,dr25_clean_v2,FALSE POSITIVE,FALSE POSITIVE
3973504,K06377.01,train,neg_only,0,false_positive,train_eligible,,dr25_clean_v2,FALSE POSITIVE,FALSE POSITIVE
4037164,K01184.01,train,neg_only,0,false_positive,train_eligible,,dr25_clean_v2,FALSE POSITIVE,FALSE POSITIVE
4037428,K05993.01,train,neg_only,0,false_positive,train_eligible,,dr25_clean_v2,FALSE POSITIVE,FALSE POSITIVE
4042026,K01180.01,train,neg_only,0,false_positive,train_eligible,,dr25_clean_v2,FALSE POSITIVE,FALSE POSITIVE
4043190,K01220.01,train,pos_only,1,planet,train_eligible,,dr25_clean_v2,CONFIRMED,CANDIDATE
4043443,K00231.01,train,neg_only,0,false_positive,train_eligible,,dr25_clean_v2,FALSE POSITIVE,FALSE POSITIVE
4044005,K00969.01,train,neg_only,0,false_positive,train_eligible,,dr25_clean_v2,FALSE POSITIVE,FALSE POSITIVE
4047631,K02519.01,train,unlabelled_only,,,excluded,unresolved_candidate,dr25_clean_v2,CANDIDATE,CANDIDATE
4048898,K07678.01,train,unlabelled_only,,,excluded,unresolved_candidate,dr25_clean_v2,CANDIDATE,CANDIDATE
4049108,K00495.01,train,neg_only,0,false_positive,train_eligible,,dr25_clean_v2,FALSE POSITIVE,FALSE POSITIVE
4049124,K05994.01,train,neg_only,0,false_positive,train_eligible,,dr25_clean_v2,FALSE POSITIVE,FALSE POSITIVE
4054784,K07679.01,train,unlabelled_only,,,excluded,unresolved_candidate,dr25_clean_v2,CANDIDATE,CANDIDATE
4055092,K06379.01,train,neg_only,0,false_positive,train_eligible,,dr25_clean_v2,FALSE POSITIVE,FALSE POSITIVE
4055304,K02119.01,train,pos_only,1,planet,train_eligible,,dr25_clean_v2,CONFIRMED,CANDIDATE
4055765,K00100.01,train,unlabelled_only,,,excluded,unresolved_candidate,dr25_clean_v2,CANDIDATE,CANDIDATE
4055774,K02381.01,train,neg_only,0,false_positive,train_eligible,,dr25_clean_v2,FALSE POSITIVE,FALSE POSITIVE
4056616,K02013.01,train,pos_only,1,planet,train_eligible,,dr25_clean_v2,CONFIRMED,CANDIDATE
4058169,K05034.01,train,neg_only,0,false_positive,train_eligible,,dr25_clean_v2,FALSE POSITIVE,FALSE POSITIVE
4059887,K04887.01,train,neg_only,0,false_positive,train_eligible,,dr25_clean_v2,FALSE POSITIVE,FALSE POSITIVE
4060229,K04570.01,train,unlabelled_only,,,excluded,unresolved_candidate,dr25_clean_v2,CANDIDATE,CANDIDATE
4067110,K04026.01,train,neg_only,0,false_positive,train_eligible,,dr25_clean_v2,FALSE POSITIVE,FALSE POSITIVE
4067336,K01761.01,train,unlabelled_only,,,excluded,unresolved_candidate,dr25_clean_v2,CANDIDATE,CANDIDATE
4067549,K06380.01,train,neg_only,0,false_positive,train_eligible,,dr25_clean_v2,FALSE POSITIVE,FALSE POSITIVE
4067925,K03066.01,train,pos_only,1,planet,train_eligible,,dr25_clean_v2,CONFIRMED,CANDIDATE
4070376,K01318.01,train,neg_only,0,false_positive,train_eligible,,dr25_clean_v2,FALSE POSITIVE,FALSE POSITIVE
4072333,K02731.01,train,neg_only,0,false_positive,train_eligible,,dr25_clean_v2,FALSE POSITIVE,FALSE POSITIVE
4072526,K01329.01,train,pos_only,1,planet,train_eligible,,dr25_clean_v2,CONFIRMED,CANDIDATE
4072955,K03041.01,train,unlabelled_only,,,excluded,unresolved_candidate,dr25_clean_v2,CANDIDATE,CANDIDATE
4073017,K07681.01,train,unlabelled_only,,,excluded,unresolved_candidate,dr25_clean_v2,CANDIDATE,CANDIDATE
4073089,K07682.01,train,neg_only,0,false_positive,train_eligible,,dr25_clean_v2,FALSE POSITIVE,FALSE POSITIVE
4073707,K03525.01,train,neg_only,0,false_positive,train_eligible,,dr25_clean_v2,FALSE POSITIVE,FALSE POSITIVE
4073730,K03785.01,train,neg_only,0,false_positive,train_eligible,,dr25_clean_v2,FALSE POSITIVE,FALSE POSITIVE
4074294,K07547.01,train,neg_only,0,false_positive,train_eligible,,dr25_clean_v2,FALSE POSITIVE,FALSE POSITIVE
4074736,K01328.01,train,unlabelled_only,,,excluded,unresolved_candidate,dr25_clean_v2,CANDIDATE,CANDIDATE
4075015,K02850.01,train,neg_only,0,false_positive,train_eligible,,dr25_clean_v2,FALSE POSITIVE,FALSE POSITIVE
4075064,K06383.01,train,neg_only,0,false_positive,train_eligible,,dr25_clean_v2,FALSE POSITIVE,FALSE POSITIVE
4075067,K03777.01,train,neg_only,0,false_positive,train_eligible,,dr25_clean_v2,FALSE POSITIVE,FALSE POSITIVE
4076098,K01323.01,train,pos_only,1,planet,train_eligible,,dr25_clean_v2,CONFIRMED,CANDIDATE
4076976,K03124.01,train,neg_only,0,false_positive,train_eligible,,dr25_clean_v2,FALSE POSITIVE,FALSE POSITIVE
4077526,K01336.01,train,pos_only,1,planet,train_eligible,,dr25_clean_v2,CONFIRMED,CANDIDATE
4077526,K01336.02,train,pos_only,1,planet,train_eligible,,dr25_clean_v2,CONFIRMED,CANDIDATE
4077526,K01336.03,train,pos_only,1,planet,train_eligible,,dr25_clean_v2,CONFIRMED,CANDIDATE
4077526,K01336.04,train,pos_only,1,planet,train_eligible,,dr25_clean_v2,CONFIRMED,CANDIDATE
4078311,K04166.01,train,pos_only,1,planet,train_eligible,,dr25_clean_v2,CONFIRMED,CANDIDATE
4078693,K06386.01,train,neg_only,0,false_positive,train_eligible,,dr25_clean_v2,FALSE POSITIVE,FALSE POSITIVE
4079535,K01322.01,train,neg_only,0,false_positive,train_eligible,,dr25_clean_v2,FALSE POSITIVE,FALSE POSITIVE
4135665,K01339.01,train,pos_only,1,planet,train_eligible,,dr25_clean_v2,CONFIRMED,CANDIDATE
4135912,K05040.01,train,unlabelled_only,,,excluded,unresolved_candidate,dr25_clean_v2,CANDIDATE,CANDIDATE
4138557,K04033.01,train,neg_only,0,false_positive,train_eligible,,dr25_clean_v2,FALSE POSITIVE,FALSE POSITIVE
4138951,K02866.01,train,pos_only,1,planet,train_eligible,,dr25_clean_v2,CONFIRMED,CANDIDATE
4139816,K00812.01,train,pos_only,1,planet,train_eligible,,dr25_clean_v2,CONFIRMED,CANDIDATE
4139816,K00812.02,train,pos_only,1,planet,train_eligible,,dr25_clean_v2,CONFIRMED,CANDIDATE
4139816,K00812.03,train,pos_only,1,planet,train_eligible,,dr25_clean_v2,CONFIRMED,CANDIDATE
4139816,K00812.04,train,pos_only,1,planet,train_eligible,,dr25_clean_v2,CONFIRMED,CANDIDATE
4141593,K07685.01,train,unlabelled_only,,,excluded,unresolved_candidate,dr25_clean_v2,CANDIDATE,CANDIDATE
4141593,K07685.02,train,unlabelled_only,,,excluded,unresolved_candidate,dr25_clean_v2,CANDIDATE,CANDIDATE
4142847,K02210.01,train,pos_only,1,planet,train_eligible,,dr25_clean_v2,CONFIRMED,CANDIDATE
4142847,K02210.02,train,pos_only,1,planet,train_eligible,,dr25_clean_v2,CONFIRMED,CANDIDATE
4143755,K00281.01,train,pos_only,1,planet,train_eligible,,dr25_clean_v2,CONFIRMED,CANDIDATE
4144231,K01791.01,train,neg_only,0,false_positive,train_eligible,,dr25_clean_v2,FALSE POSITIVE,FALSE POSITIVE
4144236,K06109.01,train,neg_only,0,false_positive,train_eligible,,dr25_clean_v2,FALSE POSITIVE,FALSE POSITIVE
4144576,K02202.01,train,pos_only,1,planet,train_eligible,,dr25_clean_v2,CONFIRMED,CANDIDATE
4149450,K01864.01,train,pos_only,1,planet,train_eligible,,dr25_clean_v2,CONFIRMED,CANDIDATE
4150390,K01768.01,train,neg_only,0,false_positive,train_eligible,,dr25_clean_v2,FALSE POSITIVE,FALSE POSITIVE
4150539,K01330.01,train,neg_only,0,false_positive,train_eligible,,dr25_clean_v2,FALSE POSITIVE,FALSE POSITIVE
4150539,K01330.02,train,neg_only,0,false_positive,train_eligible,,dr25_clean_v2,FALSE POSITIVE,FALSE POSITIVE
4150624,K01334.01,train,neg_only,0,false_positive,train_eligible,,dr25_clean_v2,FALSE POSITIVE,FALSE POSITIVE
4150624,K01334.02,train,neg_only,0,false_positive,train_eligible,,dr25_clean_v2,FALSE POSITIVE,FALSE POSITIVE
4150701,K06110.01,train,neg_only,0,false_positive,train_eligible,,dr25_clean_v2,FALSE POSITIVE,FALSE POSITIVE
4150703,K06389.01,train,neg_only,0,false_positive,train_eligible,,dr25_clean_v2,FALSE POSITIVE,FALSE POSITIVE
4150804,K03678.01,train,pos_only,1,planet,train_eligible,,dr25_clean_v2,CONFIRMED,CANDIDATE
4155328,K01335.01,train,pos_only,1,planet,train_eligible,,dr25_clean_v2,CONFIRMED,CANDIDATE
4157052,K04468.01,train,neg_only,0,false_positive,train_eligible,,dr25_clean_v2,FALSE POSITIVE,FALSE POSITIVE
4157325,K01860.01,train,mixed,1,planet,train_eligible,,dr25_clean_v2,CONFIRMED,CANDIDATE
4157325,K01860.02,train,mixed,1,planet,train_eligible,,dr25_clean_v2,CONFIRMED,CANDIDATE
4157325,K01860.03,train,mixed,1,planet,train_eligible,,dr25_clean_v2,CONFIRMED,CANDIDATE
4157325,K01860.04,train,mixed,0,false_positive,train_eligible,,dr25_clean_v2,FALSE POSITIVE,FALSE POSITIVE
4157488,K06390.01,train,neg_only,0,false_positive,train_eligible,,dr25_clean_v2,FALSE POSITIVE,FALSE POSITIVE
4159347,K00394.01,train,neg_only,0,false_positive,train_eligible,,dr25_clean_v2,FALSE POSITIVE,FALSE POSITIVE
4169315,K08245.01,train,neg_only,0,false_positive,train_eligible,,dr25_clean_v2,FALSE POSITIVE,FALSE POSITIVE
4172746,K02531.01,train,unlabelled_only,,,excluded,unresolved_candidate,dr25_clean_v2,CANDIDATE,CANDIDATE
4172805,K04427.01,train,unlabelled_only,,,excluded,unresolved_candidate,dr25_clean_v2,CANDIDATE,CANDIDATE
4173026,K02172.01,train,pos_only,1,planet,train_eligible,,dr25_clean_v2,CONFIRMED,CANDIDATE
4173026,K02172.02,train,pos_only,1,planet,train_eligible,,dr25_clean_v2,CONFIRMED,CANDIDATE
4174507,K06393.01,train,neg_only,0,false_positive,train_eligible,,dr25_clean_v2,FALSE POSITIVE,FALSE POSITIVE
4175105,K04836.01,train,neg_only,0,false_positive,train_eligible,,dr25_clean_v2,FALSE POSITIVE,FALSE POSITIVE
4175630,K02998.01,train,pos_only,1,planet,train_eligible,,dr25_clean_v2,CONFIRMED,CANDIDATE
4178389,K00185.01,train,neg_only,0,false_positive,train_eligible,,dr25_clean_v2,FALSE POSITIVE,FALSE POSITIVE
4178606,K02728.01,train,pos_only,1,planet,train_eligible,,dr25_clean_v2,CONFIRMED,CANDIDATE
4180280,K00144.01,train,pos_only,1,planet,train_eligible,,dr25_clean_v2,CONFIRMED,CANDIDATE
4180401,K02709.01,train,neg_only,0,false_positive,train_eligible,,dr25_clean_v2,FALSE POSITIVE,FALSE POSITIVE
4242147,K01934.01,train,unlabelled_only,,,excluded,unresolved_candidate,dr25_clean_v2,CANDIDATE,CANDIDATE
4242692,K03928.01,train,pos_only,1,planet,train_eligible,,dr25_clean_v2,CONFIRMED,CANDIDATE
4243911,K01337.01,train,pos_only,1,planet,train_eligible,,dr25_clean_v2,CONFIRMED,CANDIDATE
4245861,K05050.01,train,neg_only,0,false_positive,train_eligible,,dr25_clean_v2,FALSE POSITIVE,FALSE POSITIVE
4245897,K06395.01,train,neg_only,0,false_positive,train_eligible,,dr25_clean_v2,FALSE POSITIVE,FALSE POSITIVE
4245933,K02190.01,train,neg_only,0,false_positive,train_eligible,,dr25_clean_v2,FALSE POSITIVE,FALSE POSITIVE
4247092,K00403.01,train,neg_only,0,false_positive,train_eligible,,dr25_clean_v2,FALSE POSITIVE,FALSE POSITIVE
4247791,K00028.01,train,neg_only,0,false_positive,train_eligible,,dr25_clean_v2,FALSE POSITIVE,FALSE POSITIVE
4247807,K03748.01,train,neg_only,0,false_positive,train_eligible,,dr25_clean_v2,FALSE POSITIVE,FALSE POSITIVE
4247811,K04678.01,train,neg_only,0,false_positive,train_eligible,,dr25_clean_v2,FALSE POSITIVE,FALSE POSITIVE
4247991,K02311.03,train,pos_only,1,planet,train_eligible,,dr25_clean_v2,CONFIRMED,CANDIDATE
4248120,K02216.01,train,pos_only,1,planet,train_eligible,,dr25_clean_v2,CONFIRMED,CANDIDATE
4249611,K02821.01,train,unlabelled_only,,,excluded,unresolved_candidate,dr25_clean_v2,CANDIDATE,CANDIDATE
4252322,K00396.01,train,unlabelled_only,,,excluded,unresolved_candidate,dr25_clean_v2,CANDIDATE,CANDIDATE
4252671,K07687.01,train,unlabelled_only,,,excluded,unresolved_candidate,dr25_clean_v2,CANDIDATE,CANDIDATE
4254466,K02134.01,train,pos_only,1,planet,train_eligible,,dr25_clean_v2,CONFIRMED,CANDIDATE
4255422,K03528.01,train,neg_only,0,false_positive,train_eligible,,dr25_clean_v2,FALSE POSITIVE,FALSE POSITIVE
4261960,K06397.01,train,neg_only,0,false_positive,train_eligible,,dr25_clean_v2,FALSE POSITIVE,FALSE POSITIVE
4262040,K03202.01,train,unlabelled_only,,,excluded,unresolved_candidate,dr25_clean_v2,CANDIDATE,CANDIDATE
4262581,K02122.01,train,pos_only,1,planet,train_eligible,,dr25_clean_v2,CONFIRMED,CANDIDATE
4263293,K01895.01,train,pos_only,1,planet,train_eligible,,dr25_clean_v2,CONFIRMED,CANDIDATE
4263293,K01895.02,train,pos_only,1,planet,train_eligible,,dr25_clean_v2,CONFIRMED,CANDIDATE
4263293,K01895.03,train,pos_only,,,excluded,disposition_conflict,dr25_clean_v2,CONFIRMED,FALSE POSITIVE
4263529,K03358.01,train,unlabelled_only,,,excluded,unresolved_candidate,dr25_clean_v2,CANDIDATE,CANDIDATE
4269252,K06398.01,train,neg_only,0,false_positive,train_eligible,,dr25_clean_v2,FALSE POSITIVE,FALSE POSITIVE
4270253,K00551.01,train,pos_only,1,planet,train_eligible,,dr25_clean_v2,CONFIRMED,CANDIDATE
4270253,K00551.02,train,pos_only,1,planet,train_eligible,,dr25_clean_v2,CONFIRMED,CANDIDATE
4270799,K04810.01,train,unlabelled_only,,,excluded,unresolved_candidate,dr25_clean_v2,CANDIDATE,CANDIDATE
4274548,K01331.01,train,unlabelled_only,,,excluded,unresolved_candidate,dr25_clean_v2,CANDIDATE,CANDIDATE
4275191,K00813.01,train,pos_only,1,planet,train_eligible,,dr25_clean_v2,CONFIRMED,CANDIDATE
4275328,K05995.01,train,neg_only,0,false_positive,train_eligible,,dr25_clean_v2,FALSE POSITIVE,FALSE POSITIVE
4275739,K01317.01,train,neg_only,0,false_positive,train_eligible,,dr25_clean_v2,FALSE POSITIVE,FALSE POSITIVE
4276114,K05054.01,train,neg_only,0,false_positive,train_eligible,,dr25_clean_v2,FALSE POSITIVE,FALSE POSITIVE
4278221,K01615.01,train,pos_only,1,planet,train_eligible,,dr25_clean_v2,CONFIRMED,CANDIDATE
4281068,K07689.01,train,neg_only,0,false_positive,train_eligible,,dr25_clean_v2,FALSE POSITIVE,FALSE POSITIVE
4281895,K06400.01,train,neg_only,0,false_positive,train_eligible,,dr25_clean_v2,FALSE POSITIVE,FALSE POSITIVE
4282191,K03439.01,train,pos_only,1,planet,train_eligible,,dr25_clean_v2,CONFIRMED,CANDIDATE
4282390,K06401.01,train,unlabelled_only,,,excluded,unresolved_candidate,dr25_clean_v2,CANDIDATE,CANDIDATE
4284147,K06402.01,train,neg_only,0,false_positive,train_eligible,,dr25_clean_v2,FALSE POSITIVE,FALSE POSITIVE
4285087,K06112.01,train,neg_only,0,false_positive,train_eligible,,dr25_clean_v2,FALSE POSITIVE,FALSE POSITIVE
4285107,K01333.01,train,neg_only,0,false_positive,train_eligible,,dr25_clean_v2,FALSE POSITIVE,FALSE POSITIVE
4346875,K06113.01,train,neg_only,0,false_positive,train_eligible,,dr25_clean_v2,FALSE POSITIVE,FALSE POSITIVE
4349442,K01803.01,train,neg_only,,,excluded,unresolved_candidate,dr25_clean_v2,CANDIDATE,CANDIDATE
4349442,K01803.02,train,neg_only,0,false_positive,train_eligible,,dr25_clean_v2,FALSE POSITIVE,FALSE POSITIVE
4349442,K01803.03,train,neg_only,0,false_positive,train_eligible,,dr25_clean_v2,FALSE POSITIVE,FALSE POSITIVE
4355503,K07691.01,train,neg_only,0,false_positive,train_eligible,,dr25_clean_v2,FALSE POSITIVE,FALSE POSITIVE
4356621,K06405.01,train,neg_only,0,false_positive,train_eligible,,dr25_clean_v2,FALSE POSITIVE,FALSE POSITIVE
4357985,K06406.01,train,neg_only,0,false_positive,train_eligible,,dr25_clean_v2,FALSE POSITIVE,FALSE POSITIVE
4365442,K02787.01,train,neg_only,0,false_positive,train_eligible,,dr25_clean_v2,FALSE POSITIVE,FALSE POSITIVE
4365461,K05058.01,train,neg_only,0,false_positive,train_eligible,,dr25_clean_v2,FALSE POSITIVE,FALSE POSITIVE
4365645,K01738.01,train,pos_only,1,planet,train_eligible,,dr25_clean_v2,CONFIRMED,CANDIDATE
4366323,K03258.01,train,unlabelled_only,,,excluded,unresolved_candidate,dr25_clean_v2,CANDIDATE,CANDIDATE
4366923,K05059.01,train,neg_only,0,false_positive,train_eligible,,dr25_clean_v2,FALSE POSITIVE,FALSE POSITIVE
4367544,K06407.01,train,neg_only,0,false_positive,train_eligible,,dr25_clean_v2,FALSE POSITIVE,FALSE POSITIVE
4367854,K02876.01,train,neg_only,0,false_positive,train_eligible,,dr25_clean_v2,FALSE POSITIVE,FALSE POSITIVE
4367854,K02876.02,train,neg_only,0,false_positive,train_eligible,,dr25_clean_v2,FALSE POSITIVE,FALSE POSITIVE
4370527,K02166.01,train,pos_only,1,planet,train_eligible,,dr25_clean_v2,CONFIRMED,CANDIDATE
4371172,K08093.01,train,neg_only,0,false_positive,train_eligible,,dr25_clean_v2,FALSE POSITIVE,FALSE POSITIVE
4372765,K03698.01,train,neg_only,0,false_positive,train_eligible,,dr25_clean_v2,FALSE POSITIVE,FALSE POSITIVE
4372768,K01327.01,train,neg_only,0,false_positive,train_eligible,,dr25_clean_v2,FALSE POSITIVE,FALSE POSITIVE
4372961,K06410.01,train,neg_only,0,false_positive,train_eligible,,dr25_clean_v2,FALSE POSITIVE,FALSE POSITIVE
4373195,K07692.01,train,neg_only,0,false_positive,train_eligible,,dr25_clean_v2,FALSE POSITIVE,FALSE POSITIVE
4374610,K04712.01,train,neg_only,0,false_positive,train_eligible,,dr25_clean_v2,FALSE POSITIVE,FALSE POSITIVE
4375101,K06411.01,train,neg_only,0,false_positive,train_eligible,,dr25_clean_v2,FALSE POSITIVE,FALSE POSITIVE
4376629,K03378.01,train,neg_only,0,false_positive,train_eligible,,dr25_clean_v2,FALSE POSITIVE,FALSE POSITIVE
4376644,K00397.01,train,neg_only,0,false_positive,train_eligible,,dr25_clean_v2,FALSE POSITIVE,FALSE POSITIVE
4380283,K06412.01,train,neg_only,0,false_positive,train_eligible,,dr25_clean_v2,FALSE POSITIVE,FALSE POSITIVE
4384909,K07693.01,train,unlabelled_only,,,excluded,unresolved_candidate,dr25_clean_v2,CANDIDATE,CANDIDATE
4385148,K02942.01,train,pos_only,,,excluded,unresolved_candidate,dr25_clean_v2,CANDIDATE,CANDIDATE
4385148,K02942.02,train,pos_only,1,planet,train_eligible,,dr25_clean_v2,CONFIRMED,CANDIDATE
4386047,K03659.01,train,neg_only,0,false_positive,train_eligible,,dr25_clean_v2,FALSE POSITIVE,FALSE POSITIVE
4386607,K07694.01,train,neg_only,0,false_positive,train_eligible,,dr25_clean_v2,FALSE POSITIVE,FALSE POSITIVE
4390912,K07695.01,train,neg_only,0,false_positive,train_eligible,,dr25_clean_v2,FALSE POSITIVE,FALSE POSITIVE
4391348,K02514.01,train,neg_only,0,false_positive,train_eligible,,dr25_clean_v2,FALSE POSITIVE,FALSE POSITIVE
4445630,K06414.01,train,neg_only,0,false_positive,train_eligible,,dr25_clean_v2,FALSE POSITIVE,FALSE POSITIVE
4446859,K08246.01,train,unlabelled_only,,,excluded,unresolved_candidate,dr25_clean_v2,CANDIDATE,CANDIDATE
4449034,K00625.01,train,unlabelled_only,,,excluded,unresolved_candidate,dr25_clean_v2,CANDIDATE,CANDIDATE
4454752,K00496.01,train,pos_only,1,planet,train_eligible,,dr25_clean_v2,CONFIRMED,CANDIDATE
4454934,K02245.01,train,pos_only,1,planet,train_eligible,,dr25_clean_v2,CONFIRMED,CANDIDATE
4455231,K01332.01,train,pos_only,1,planet,train_eligible,,dr25_clean_v2,CONFIRMED,CANDIDATE
4455231,K01332.02,train,pos_only,1,planet,train_eligible,,dr25_clean_v2,CONFIRMED,CANDIDATE
4455231,K01332.03,train,pos_only,1,planet,train_eligible,,dr25_clean_v2,CONFIRMED,CANDIDATE
4455763,K05061.01,train,neg_only,0,false_positive,train_eligible,,dr25_clean_v2,FALSE POSITIVE,FALSE POSITIVE
4458082,K02303.01,train,pos_only,1,planet,train_eligible,,dr25_clean_v2,CONFIRMED,CANDIDATE
4458082,K02303.02,train,pos_only,1,planet,train_eligible,,dr25_clean_v2,CONFIRMED,CANDIDATE
4459068,K06114.01,train,neg_only,0,false_positive,train_eligible,,dr25_clean_v2,FALSE POSITIVE,FALSE POSITIVE
4466677,K01338.01,train,pos_only,1,planet,train_eligible,,dr25_clean_v2,CONFIRMED,CANDIDATE
4466677,K01338.02,train,pos_only,,,excluded,unresolved_candidate,dr25_clean_v2,CANDIDATE,CANDIDATE
4466677,K01338.03,train,pos_only,,,excluded,unresolved_candidate,dr25_clean_v2,CANDIDATE,CANDIDATE
4471747,K01656.01,train,unlabelled_only,,,excluded,unresolved_candidate,dr25_clean_v2,CANDIDATE,CANDIDATE
4472143,K07696.01,train,neg_only,0,false_positive,train_eligible,,dr25_clean_v2,FALSE POSITIVE,FALSE POSITIVE
4472818,K03878.01,train,pos_only,1,planet,train_eligible,,dr25_clean_v2,CONFIRMED,CANDIDATE
4472818,K03878.02,train,pos_only,,,excluded,unresolved_candidate,dr25_clean_v2,CANDIDATE,CANDIDATE
4473226,K02229.01,train,pos_only,1,planet,train_eligible,,dr25_clean_v2,CONFIRMED,CANDIDATE
4473613,K04803.01,train,pos_only,1,planet,train_eligible,,dr25_clean_v2,CONFIRMED,CANDIDATE
4474462,K04452.01,train,unlabelled_only,,,excluded,unresolved_candidate,dr25_clean_v2,CANDIDATE,CANDIDATE
4474637,K03829.01,train,neg_only,0,false_positive,train_eligible,,dr25_clean_v2,FALSE POSITIVE,FALSE POSITIVE
4474645,K01657.01,train,neg_only,0,false_positive,train_eligible,,dr25_clean_v2,FALSE POSITIVE,FALSE POSITIVE
4476123,K00814.01,train,pos_only,1,planet,train_eligible,,dr25_clean_v2,CONFIRMED,CANDIDATE
4478142,K05067.01,train,unlabelled_only,,,excluded,unresolved_candidate,dr25_clean_v2,CANDIDATE,CANDIDATE
4478168,K00626.01,train,pos_only,1,planet,train_eligible,,dr25_clean_v2,CONFIRMED,CANDIDATE
4478168,K00626.02,train,pos_only,,,excluded,unresolved_candidate,dr25_clean_v2,CANDIDATE,CANDIDATE
4479633,K02814.01,train,neg_only,0,false_positive,train_eligible,,dr25_clean_v2,FALSE POSITIVE,FALSE POSITIVE
4480676,K01321.01,train,neg_only,0,false_positive,train_eligible,,dr25_clean_v2,FALSE POSITIVE,FALSE POSITIVE
4483235,K07550.01,train,neg_only,0,false_positive,train_eligible,,dr25_clean_v2,FALSE POSITIVE,FALSE POSITIVE
4484312,K06419.01,train,neg_only,0,false_positive,train_eligible,,dr25_clean_v2,FALSE POSITIVE,FALSE POSITIVE
4484336,K02547.01,train,pos_only,1,planet,train_eligible,,dr25_clean_v2,CONFIRMED,CANDIDATE
4489844,K06421.01,train,neg_only,0,false_positive,train_eligible,,dr25_clean_v2,FALSE POSITIVE,FALSE POSITIVE
4540632,K06422.01,train,neg_only,0,false_positive,train_eligible,,dr25_clean_v2,FALSE POSITIVE,FALSE POSITIVE
4544571,K03976.01,train,neg_only,0,false_positive,train_eligible,,dr25_clean_v2,FALSE POSITIVE,FALSE POSITIVE
4544572,K03950.01,train,neg_only,0,false_positive,train_eligible,,dr25_clean_v2,FALSE POSITIVE,FALSE POSITIVE
4544620,K03915.01,train,neg_only,0,false_positive,train_eligible,,dr25_clean_v2,FALSE POSITIVE,FALSE POSITIVE
4544628,K04753.01,train,neg_only,0,false_positive,train_eligible,,dr25_clean_v2,FALSE POSITIVE,FALSE POSITIVE
4544670,K00815.01,train,unlabelled_only,,,excluded,unresolved_candidate,dr25_clean_v2,CANDIDATE,CANDIDATE
4544684,K04847.01,train,neg_only,0,false_positive,train_eligible,,dr25_clean_v2,FALSE POSITIVE,FALSE POSITIVE
4544907,K02024.01,train,pos_only,1,planet,train_eligible,,dr25_clean_v2,CONFIRMED,CANDIDATE
4545187,K00223.01,train,pos_only,1,planet,train_eligible,,dr25_clean_v2,CONFIRMED,CANDIDATE
4545187,K00223.02,train,pos_only,1,planet,train_eligible,,dr25_clean_v2,CONFIRMED,CANDIDATE
4545570,K04506.01,train,pos_only,1,planet,train_eligible,,dr25_clean_v2,CONFIRMED,CANDIDATE
4545926,K04787.01,train,neg_only,0,false_positive,train_eligible,,dr25_clean_v2,FALSE POSITIVE,FALSE POSITIVE
4547480,K06116.01,train,neg_only,0,false_positive,train_eligible,,dr25_clean_v2,FALSE POSITIVE,FALSE POSITIVE
4547603,K02855.01,train,unlabelled_only,,,excluded,unresolved_candidate,dr25_clean_v2,CANDIDATE,CANDIDATE
4548011,K04288.01,train,pos_only,1,planet,train_eligible,,dr25_clean_v2,CONFIRMED,CANDIDATE
4548011,K04288.02,train,pos_only,,,excluded,unresolved_candidate,dr25_clean_v2,CANDIDATE,CANDIDATE
4548011,K04288.04,train,pos_only,,,excluded,unresolved_candidate,dr25_clean_v2,CANDIDATE,CANDIDATE
4548098,K04157.01,train,pos_only,1,planet,train_eligible,,dr25_clean_v2,CONFIRMED,CANDIDATE
4548098,K04157.02,train,pos_only,,,excluded,unresolved_candidate,dr25_clean_v2,CANDIDATE,CANDIDATE
4551663,K02576.01,train,neg_only,0,false_positive,train_eligible,,dr25_clean_v2,FALSE POSITIVE,FALSE POSITIVE
4556468,K04491.01,train,pos_only,1,planet,train_eligible,,dr25_clean_v2,CONFIRMED,CANDIDATE
4557341,K08094.01,train,neg_only,0,false_positive,train_eligible,,dr25_clean_v2,FALSE POSITIVE,FALSE POSITIVE
4563268,K00627.01,train,pos_only,1,planet,train_eligible,,dr25_clean_v2,CONFIRMED,CANDIDATE
4563268,K00627.02,train,pos_only,1,planet,train_eligible,,dr25_clean_v2,CONFIRMED,CANDIDATE
4565985,K06424.01,train,neg_only,0,false_positive,train_eligible,,dr25_clean_v2,FALSE POSITIVE,FALSE POSITIVE
4566848,K05071.01,train,unlabelled_only,,,excluded,unresolved_candidate,dr25_clean_v2,CANDIDATE,CANDIDATE
4566999,K08247.01,train,neg_only,0,false_positive,train_eligible,,dr25_clean_v2,FALSE POSITIVE,FALSE POSITIVE
4568117,K04248.01,train,neg_only,0,false_positive,train_eligible,,dr25_clean_v2,FALSE POSITIVE,FALSE POSITIVE
4568298,K02986.01,train,neg_only,0,false_positive,train_eligible,,dr25_clean_v2,FALSE POSITIVE,FALSE POSITIVE
4569590,K06426.01,train,neg_only,0,false_positive,train_eligible,,dr25_clean_v2,FALSE POSITIVE,FALSE POSITIVE
4569942,K08248.01,train,neg_only,0,false_positive,train_eligible,,dr25_clean_v2,FALSE POSITIVE,FALSE POSITIVE
4570555,K05072.01,train,neg_only,0,false_positive,train_eligible,,dr25_clean_v2,FALSE POSITIVE,FALSE POSITIVE
4570949,K01658.01,train,pos_only,1,planet,train_eligible,,dr25_clean_v2,CONFIRMED,CANDIDATE
4571536,K02954.01,train,neg_only,0,false_positive,train_eligible,,dr25_clean_v2,FALSE POSITIVE,FALSE POSITIVE
4571844,K04353.01,train,unlabelled_only,,,excluded,unresolved_candidate,dr25_clean_v2,CANDIDATE,CANDIDATE
4574310,K06427.01,train,neg_only,0,false_positive,train_eligible,,dr25_clean_v2,FALSE POSITIVE,FALSE POSITIVE
4574319,K07697.01,train,neg_only,0,false_positive,train_eligible,,dr25_clean_v2,FALSE POSITIVE,FALSE POSITIVE
4578594,K06429.01,train,neg_only,0,false_positive,train_eligible,,dr25_clean_v2,FALSE POSITIVE,FALSE POSITIVE
4579313,K03884.01,train,neg_only,0,false_positive,train_eligible,,dr25_clean_v2,FALSE POSITIVE,FALSE POSITIVE
4579598,K04414.01,train,neg_only,0,false_positive,train_eligible,,dr25_clean_v2,FALSE POSITIVE,FALSE POSITIVE
4586482,K05073.01,train,neg_only,0,false_positive,train_eligible,,dr25_clean_v2,FALSE POSITIVE,FALSE POSITIVE
4587448,K06430.01,train,neg_only,0,false_positive,train_eligible,,dr25_clean_v2,FALSE POSITIVE,FALSE POSITIVE
4633434,K06431.01,train,neg_only,0,false_positive,train_eligible,,dr25_clean_v2,FALSE POSITIVE,FALSE POSITIVE
4633570,K00446.01,train,pos_only,1,planet,train_eligible,,dr25_clean_v2,CONFIRMED,CANDIDATE
4633570,K00446.02,train,pos_only,1,planet,train_eligible,,dr25_clean_v2,CONFIRMED,CANDIDATE
4634135,K03328.01,train,neg_only,0,false_positive,train_eligible,,dr25_clean_v2,FALSE POSITIVE,FALSE POSITIVE
4636565,K04138.01,train,neg_only,0,false_positive,train_eligible,,dr25_clean_v2,FALSE POSITIVE,FALSE POSITIVE
4636578,K02025.01,train,pos_only,1,planet,train_eligible,,dr25_clean_v2,CONFIRMED,CANDIDATE
4636578,K02025.02,train,pos_only,1,planet,train_eligible,,dr25_clean_v2,CONFIRMED,CANDIDATE
4636578,K02025.03,train,pos_only,1,planet,train_eligible,,dr25_clean_v2,CONFIRMED,CANDIDATE
4638237,K03811.01,train,unlabelled_only,,,excluded,unresolved_candidate,dr25_clean_v2,CANDIDATE,CANDIDATE
4644604,K00628.01,train,pos_only,1,planet,train_eligible,,dr25_clean_v2,CONFIRMED,CANDIDATE
4644952,K01805.01,train,pos_only,1,planet,train_eligible,,dr25_clean_v2,CONFIRMED,CANDIDATE
4644952,K01805.02,train,pos_only,1,planet,train_eligible,,dr25_clean_v2,CONFIRMED,CANDIDATE
4644952,K01805.03,train,pos_only,1,planet,train_eligible,,dr25_clean_v2,CONFIRMED,CANDIDATE
4645174,K03437.01,train,pos_only,1,planet,train_eligible,,dr25_clean_v2,CONFIRMED,CANDIDATE
4645174,K03437.02,train,pos_only,,,excluded,unresolved_candidate,dr25_clean_v2,CANDIDATE,CANDIDATE
4645833,K04783.01,train,neg_only,0,false_positive,train_eligible,,dr25_clean_v2,FALSE POSITIVE,FALSE POSITIVE
4647662,K04806.01,train,neg_only,0,false_positive,train_eligible,,dr25_clean_v2,FALSE POSITIVE,FALSE POSITIVE
4649305,K00143.01,train,unlabelled_only,,,excluded,unresolved_candidate,dr25_clean_v2,CANDIDATE,CANDIDATE
4649440,K03919.01,train,neg_only,0,false_positive,train_eligible,,dr25_clean_v2,FALSE POSITIVE,FALSE POSITIVE
4650733,K01659.01,train,pos_only,1,planet,train_eligible,,dr25_clean_v2,CONFIRMED,CANDIDATE
4656049,K00629.01,train,pos_only,1,planet,train_eligible,,dr25_clean_v2,CONFIRMED,CANDIDATE
4661634,K06432.01,train,neg_only,0,false_positive,train_eligible,,dr25_clean_v2,FALSE POSITIVE,FALSE POSITIVE
4663185,K03805.01,train,neg_only,0,false_positive,train_eligible,,dr25_clean_v2,FALSE POSITIVE,FALSE POSITIVE
4663658,K03187.01,train,neg_only,0,false_positive,train_eligible,,dr25_clean_v2,FALSE POSITIVE,FALSE POSITIVE
4664046,K02930.01,train,neg_only,0,false_positive,train_eligible,,dr25_clean_v2,FALSE POSITIVE,FALSE POSITIVE
4664847,K00816.01,train,pos_only,1,planet,train_eligible,,dr25_clean_v2,CONFIRMED,CANDIDATE
4665989,K06433.01,train,neg_only,0,false_positive,train_eligible,,dr25_clean_v2,FALSE POSITIVE,FALSE POSITIVE
4665991,K04870.01,train,neg_only,0,false_positive,train_eligible,,dr25_clean_v2,FALSE POSITIVE,FALSE POSITIVE
4666008,K03872.01,train,neg_only,0,false_positive,train_eligible,,dr25_clean_v2,FALSE POSITIVE,FALSE POSITIVE
4669402,K04128.01,train,neg_only,0,false_positive,train_eligible,,dr25_clean_v2,FALSE POSITIVE,FALSE POSITIVE
4670267,K07699.01,train,neg_only,0,false_positive,train_eligible,,dr25_clean_v2,FALSE POSITIVE,FALSE POSITIVE
4670361,K07700.01,train,unlabelled_only,,,excluded,unresolved_candidate,dr25_clean_v2,CANDIDATE,CANDIDATE
4671584,K06434.01,train,neg_only,0,false_positive,train_eligible,,dr25_clean_v2,FALSE POSITIVE,FALSE POSITIVE
4677282,K02766.01,train,neg_only,0,false_positive,train_eligible,,dr25_clean_v2,FALSE POSITIVE,FALSE POSITIVE
4678171,K06435.01,train,neg_only,0,false_positive,train_eligible,,dr25_clean_v2,FALSE POSITIVE,FALSE POSITIVE
4678875,K03664.01,train,neg_only,0,false_positive,train_eligible,,dr25_clean_v2,FALSE POSITIVE,FALSE POSITIVE
4678919,K04219.01,train,neg_only,0,false_positive,train_eligible,,dr25_clean_v2,FALSE POSITIVE,FALSE POSITIVE
4679314,K04425.01,train,neg_only,0,false_positive,train_eligible,,dr25_clean_v2,FALSE POSITIVE,FALSE POSITIVE
4679687,K04049.01,train,neg_only,0,false_positive,train_eligible,,dr25_clean_v2,FALSE POSITIVE,FALSE POSITIVE
4680772,K04707.01,train,neg_only,0,false_positive,train_eligible,,dr25_clean_v2,FALSE POSITIVE,FALSE POSITIVE
4725292,K06437.01,train,neg_only,0,false_positive,train_eligible,,dr25_clean_v2,FALSE POSITIVE,FALSE POSITIVE
4725681,K00817.01,train,pos_only,1,planet,train_eligible,,dr25_clean_v2,CONFIRMED,CANDIDATE
4725681,K00817.02,train,pos_only,1,planet,train_eligible,,dr25_clean_v2,CONFIRMED,CANDIDATE
4729553,K06438.01,train,neg_only,0,false_positive,train_eligible,,dr25_clean_v2,FALSE POSITIVE,FALSE POSITIVE
4730442,K07702.01,train,neg_only,0,false_positive,train_eligible,,dr25_clean_v2,FALSE POSITIVE,FALSE POSITIVE
4736569,K01996.01,train,pos_only,1,planet,train_eligible,,dr25_clean_v2,CONFIRMED,CANDIDATE
4736569,K01996.02,train,pos_only,,,excluded,unresolved_candidate,dr25_clean_v2,CANDIDATE,CANDIDATE
4737302,K06441.01,train,neg_only,0,false_positive,train_eligible,,dr25_clean_v2,FALSE POSITIVE,FALSE POSITIVE
4738095,K08096.01,train,neg_only,0,false_positive,train_eligible,,dr25_clean_v2,FALSE POSITIVE,FALSE POSITIVE
4739194,K06442.01,train,neg_only,0,false_positive,train_eligible,,dr25_clean_v2,FALSE POSITIVE,FALSE POSITIVE
4739565,K06443.01,train,neg_only,0,false_positive,train_eligible,,dr25_clean_v2,FALSE POSITIVE,FALSE POSITIVE
4740676,K06119.01,train,neg_only,0,false_positive,train_eligible,,dr25_clean_v2,FALSE POSITIVE,FALSE POSITIVE
4740688,K06444.01,train,neg_only,0,false_positive,train_eligible,,dr25_clean_v2,FALSE POSITIVE,FALSE POSITIVE
4741126,K01534.01,train,pos_only,1,planet,train_eligible,,dr25_clean_v2,CONFIRMED,CANDIDATE
4741126,K01534.02,train,pos_only,1,planet,train_eligible,,dr25_clean_v2,CONFIRMED,CANDIDATE
4742188,K07703.01,train,unlabelled_only,,,excluded,unresolved_candidate,dr25_clean_v2,CANDIDATE,CANDIDATE
4742414,K00631.01,train,pos_only,1,planet,train_eligible,,dr25_clean_v2,CONFIRMED,CANDIDATE
4742420,K06120.01,train,unlabelled_only,,,excluded,unresolved_candidate,dr25_clean_v2,CANDIDATE,CANDIDATE
4743513,K00024.01,train,neg_only,0,false_positive,train_eligible,,dr25_clean_v2,FALSE POSITIVE,FALSE POSITIVE
4750341,K04884.01,train,neg_only,0,false_positive,train_eligible,,dr25_clean_v2,FALSE POSITIVE,FALSE POSITIVE
4751083,K03691.01,train,neg_only,0,false_positive,train_eligible,,dr25_clean_v2,FALSE POSITIVE,FALSE POSITIVE
4752451,K00109.01,train,neg_only,0,false_positive,train_eligible,,dr25_clean_v2,FALSE POSITIVE,FALSE POSITIVE
4753988,K06445.01,train,neg_only,0,false_positive,train_eligible,,dr25_clean_v2,FALSE POSITIVE,FALSE POSITIVE
4757331,K06446.01,train,neg_only,0,false_positive,train_eligible,,dr25_clean_v2,FALSE POSITIVE,FALSE POSITIVE
4757437,K00497.01,train,pos_only,1,planet,train_eligible,,dr25_clean_v2,CONFIRMED,CANDIDATE
4757437,K00497.02,train,pos_only,1,planet,train_eligible,,dr25_clean_v2,CONFIRMED,CANDIDATE
4758350,K06447.01,train,neg_only,0,false_positive,train_eligible,,dr25_clean_v2,FALSE POSITIVE,FALSE POSITIVE
4758368,K06448.01,train,neg_only,0,false_positive,train_eligible,,dr25_clean_v2,FALSE POSITIVE,FALSE POSITIVE
4760478,K05084.01,train,pos_only,1,planet,train_eligible,,dr25_clean_v2,CONFIRMED,CANDIDATE
4760746,K01455.01,train,neg_only,0,false_positive,train_eligible,,dr25_clean_v2,FALSE POSITIVE,FALSE POSITIVE
4761060,K02249.01,train,neg_only,0,false_positive,train_eligible,,dr25_clean_v2,FALSE POSITIVE,FALSE POSITIVE
4762283,K07706.01,train,unlabelled_only,,,excluded,unresolved_candidate,dr25_clean_v2,CANDIDATE,CANDIDATE
4763020,K08097.01,train,neg_only,0,false_positive,train_eligible,,dr25_clean_v2,FALSE POSITIVE,FALSE POSITIVE
4769931,K04058.01,train,neg_only,0,false_positive,train_eligible,,dr25_clean_v2,FALSE POSITIVE,FALSE POSITIVE
4770174,K02971.01,train,unlabelled_only,,,excluded,unresolved_candidate,dr25_clean_v2,CANDIDATE,CANDIDATE
4770174,K02971.02,train,unlabelled_only,,,excluded,unresolved_candidate,dr25_clean_v2,CANDIDATE,CANDIDATE
4770365,K01475.01,train,pos_only,1,planet,train_eligible,,dr25_clean_v2,CONFIRMED,CANDIDATE
4770365,K01475.02,train,pos_only,1,planet,train_eligible,,dr25_clean_v2,CONFIRMED,CANDIDATE
4770365,K01475.03,train,pos_only,1,planet,train_eligible,,dr25_clean_v2,CONFIRMED,CANDIDATE
4772095,K08250.01,train,neg_only,0,false_positive,train_eligible,,dr25_clean_v2,FALSE POSITIVE,FALSE POSITIVE
4774646,K07707.01,train,neg_only,0,false_positive,train_eligible,,dr25_clean_v2,FALSE POSITIVE,FALSE POSITIVE
4813563,K01959.01,train,pos_only,1,planet,train_eligible,,dr25_clean_v2,CONFIRMED,CANDIDATE
4813750,K05088.01,train,unlabelled_only,,,excluded,unresolved_candidate,dr25_clean_v2,CANDIDATE,CANDIDATE
4813793,K07708.01,train,unlabelled_only,,,excluded,unresolved_candidate,dr25_clean_v2,CANDIDATE,CANDIDATE
4814502,K04004.01,train,pos_only,1,planet,train_eligible,,dr25_clean_v2,CONFIRMED,CANDIDATE
4815520,K00367.01,train,pos_only,1,planet,train_eligible,,dr25_clean_v2,CONFIRMED,CANDIDATE
4815612,K05090.01,train,neg_only,0,false_positive,train_eligible,,dr25_clean_v2,FALSE POSITIVE,FALSE POSITIVE
4820550,K03823.01,train,unlabelled_only,,,excluded,unresolved_candidate,dr25_clean_v2,CANDIDATE,CANDIDATE
4824268,K03533.01,train,neg_only,0,false_positive,train_eligible,,dr25_clean_v2,FALSE POSITIVE,FALSE POSITIVE
4826110,K01524.01,train,neg_only,0,false_positive,train_eligible,,dr25_clean_v2,FALSE POSITIVE,FALSE POSITIVE
4826439,K06121.01,train,neg_only,0,false_positive,train_eligible,,dr25_clean_v2,FALSE POSITIVE,FALSE POSITIVE
4828341,K01496.01,train,neg_only,0,false_positive,train_eligible,,dr25_clean_v2,FALSE POSITIVE,FALSE POSITIVE
4829935,K02395.01,train,neg_only,0,false_positive,train_eligible,,dr25_clean_v2,FALSE POSITIVE,FALSE POSITIVE
4831728,K02739.01,train,pos_only,1,planet,train_eligible,,dr25_clean_v2,CONFIRMED,CANDIDATE
4831728,K02739.02,train,pos_only,,,excluded,unresolved_candidate,dr25_clean_v2,CANDIDATE,CANDIDATE
4832175,K02846.01,train,neg_only,0,false_positive,train_eligible,,dr25_clean_v2,FALSE POSITIVE,FALSE POSITIVE
4832197,K01661.01,train,neg_only,0,false_positive,train_eligible,,dr25_clean_v2,FALSE POSITIVE,FALSE POSITIVE
4832837,K00605.01,train,pos_only,1,planet,train_eligible,,dr25_clean_v2,CONFIRMED,CANDIDATE
4832837,K00605.02,train,pos_only,,,excluded,unresolved_candidate,dr25_clean_v2,CANDIDATE,CANDIDATE
4839180,K06456.01,train,neg_only,0,false_positive,train_eligible,,dr25_clean_v2,FALSE POSITIVE,FALSE POSITIVE
4841374,K00633.01,train,pos_only,1,planet,train_eligible,,dr25_clean_v2,CONFIRMED,CANDIDATE
4843592,K04683.01,train,neg_only,0,false_positive,train_eligible,,dr25_clean_v2,FALSE POSITIVE,FALSE POSITIVE
4844470,K03469.01,train,unlabelled_only,,,excluded,unresolved_candidate,dr25_clean_v2,CANDIDATE,CANDIDATE
4845862,K04606.01,train,neg_only,0,false_positive,train_eligible,,dr25_clean_v2,FALSE POSITIVE,FALSE POSITIVE
4846856,K02900.01,train,unlabelled_only,,,excluded,unresolved_candidate,dr25_clean_v2,CANDIDATE,CANDIDATE
4847782,K03067.01,train,neg_only,0,false_positive,train_eligible,,dr25_clean_v2,FALSE POSITIVE,FALSE POSITIVE
4847801,K08251.01,train,neg_only,0,false_positive,train_eligible,,dr25_clean_v2,FALSE POSITIVE,FALSE POSITIVE
4847832,K06459.01,train,neg_only,0,false_positive,train_eligible,,dr25_clean_v2,FALSE POSITIVE,FALSE POSITIVE
4847843,K03505.01,train,neg_only,0,false_positive,train_eligible,,dr25_clean_v2,FALSE POSITIVE,FALSE POSITIVE
4848321,K04573.01,train,neg_only,0,false_positive,train_eligible,,dr25_clean_v2,FALSE POSITIVE,FALSE POSITIVE
4848423,K03560.01,train,neg_only,0,false_positive,train_eligible,,dr25_clean_v2,FALSE POSITIVE,FALSE POSITIVE
4848424,K02991.01,train,neg_only,0,false_positive,train_eligible,,dr25_clean_v2,FALSE POSITIVE,FALSE POSITIVE
4850961,K04092.01,train,pos_only,1,planet,train_eligible,,dr25_clean_v2,CONFIRMED,CANDIDATE
4851145,K04688.01,train,neg_only,0,false_positive,train_eligible,,dr25_clean_v2,FALSE POSITIVE,FALSE POSITIVE
4851283,K07710.01,train,neg_only,0,false_positive,train_eligible,,dr25_clean_v2,FALSE POSITIVE,FALSE POSITIVE
4851338,K06461.01,train,neg_only,0,false_positive,train_eligible,,dr25_clean_v2,FALSE POSITIVE,FALSE POSITIVE
4851464,K01757.01,train,neg_only,0,false_positive,train_eligible,,dr25_clean_v2,FALSE POSITIVE,FALSE POSITIVE
4851530,K01884.01,train,neg_only,0,false_positive,train_eligible,,dr25_clean_v2,FALSE POSITIVE,FALSE POSITIVE
4851530,K01884.02,train,neg_only,,,excluded,unresolved_candidate,dr25_clean_v2,CANDIDATE,CANDIDATE
4852528,K00500.01,train,pos_only,1,planet,train_eligible,,dr25_clean_v2,CONFIRMED,CANDIDATE
4852528,K00500.02,train,pos_only,1,planet,train_eligible,,dr25_clean_v2,CONFIRMED,CANDIDATE
4852528,K00500.03,train,pos_only,1,planet,train_eligible,,dr25_clean_v2,CONFIRMED,CANDIDATE
4852528,K00500.04,train,pos_only,1,planet,train_eligible,,dr25_clean_v2,CONFIRMED,CANDIDATE
4852528,K00500.05,train,pos_only,1,planet,train_eligible,,dr25_clean_v2,CONFIRMED,CANDIDATE
4857058,K03061.01,train,mixed,1,planet,train_eligible,,dr25_clean_v2,CONFIRMED,CANDIDATE
4857058,K03061.02,train,mixed,0,false_positive,train_eligible,,dr25_clean_v2,FALSE POSITIVE,FALSE POSITIVE
4857213,K02120.01,train,pos_only,1,planet,train_eligible,,dr25_clean_v2,CONFIRMED,CANDIDATE
4858610,K02844.01,train,neg_only,0,false_positive,train_eligible,,dr25_clean_v2,FALSE POSITIVE,FALSE POSITIVE
4860932,K01600.01,train,neg_only,0,false_positive,train_eligible,,dr25_clean_v2,FALSE POSITIVE,FALSE POSITIVE
4862332,K06463.01,train,neg_only,0,false_positive,train_eligible,,dr25_clean_v2,FALSE POSITIVE,FALSE POSITIVE
4862625,K06464.01,train,neg_only,0,false_positive,train_eligible,,dr25_clean_v2,FALSE POSITIVE,FALSE POSITIVE
4862625,K06464.03,train,neg_only,0,false_positive,train_eligible,,dr25_clean_v2,FALSE POSITIVE,FALSE POSITIVE
4863260,K05096.01,train,neg_only,0,false_positive,train_eligible,,dr25_clean_v2,FALSE POSITIVE,FALSE POSITIVE
4863369,K06465.01,train,neg_only,0,false_positive,train_eligible,,dr25_clean_v2,FALSE POSITIVE,FALSE POSITIVE
4863753,K06466.01,train,neg_only,0,false_positive,train_eligible,,dr25_clean_v2,FALSE POSITIVE,FALSE POSITIVE
4908495,K06468.01,train,neg_only,0,false_positive,train_eligible,,dr25_clean_v2,FALSE POSITIVE,FALSE POSITIVE
4909707,K03175.01,train,neg_only,0,false_positive,train_eligible,,dr25_clean_v2,FALSE POSITIVE,FALSE POSITIVE
4912589,K06469.01,train,neg_only,0,false_positive,train_eligible,,dr25_clean_v2,FALSE POSITIVE,FALSE POSITIVE
4912650,K05098.01,train,unlabelled_only,,,excluded,unresolved_candidate,dr25_clean_v2,CANDIDATE,CANDIDATE
4912991,K05997.01,train,neg_only,0,false_positive,train_eligible,,dr25_clean_v2,FALSE POSITIVE,FALSE POSITIVE
4913000,K01775.01,train,neg_only,0,false_positive,train_eligible,,dr25_clean_v2,FALSE POSITIVE,FALSE POSITIVE
4913852,K00818.01,train,pos_only,1,planet,train_eligible,,dr25_clean_v2,CONFIRMED,CANDIDATE
4914399,K05100.01,train,neg_only,0,false_positive,train_eligible,,dr25_clean_v2,FALSE POSITIVE,FALSE POSITIVE
4914423,K00108.01,train,pos_only,1,planet,train_eligible,,dr25_clean_v2,CONFIRMED,CANDIDATE
4914423,K00108.02,train,pos_only,1,planet,train_eligible,,dr25_clean_v2,CONFIRMED,CANDIDATE
4914566,K02635.01,train,pos_only,1,planet,train_eligible,,dr25_clean_v2,CONFIRMED,CANDIDATE
4914709,K06470.01,train,neg_only,0,false_positive,train_eligible,,dr25_clean_v2,FALSE POSITIVE,FALSE POSITIVE
4914737,K06471.01,train,neg_only,0,false_positive,train_eligible,,dr25_clean_v2,FALSE POSITIVE,FALSE POSITIVE
4915638,K02617.01,train,pos_only,1,planet,train_eligible,,dr25_clean_v2,CONFIRMED,CANDIDATE
4917014,K06472.01,train,neg_only,0,false_positive,train_eligible,,dr25_clean_v2,FALSE POSITIVE,FALSE POSITIVE
4918303,K05104.01,train,unlabelled_only,,,excluded,unresolved_candidate,dr25_clean_v2,CANDIDATE,CANDIDATE
4918309,K01582.01,train,unlabelled_only,,,excluded,unresolved_candidate,dr25_clean_v2,CANDIDATE,CANDIDATE
4919550,K04766.01,train,unlabelled_only,,,excluded,unresolved_candidate,dr25_clean_v2,CANDIDATE,CANDIDATE
4927315,K01663.01,train,neg_only,0,false_positive,train_eligible,,dr25_clean_v2,FALSE POSITIVE,FALSE POSITIVE
4927734,K03212.01,train,neg_only,0,false_positive,train_eligible,,dr25_clean_v2,FALSE POSITIVE,FALSE POSITIVE
4928119,K01664.01,train,neg_only,0,false_positive,train_eligible,,dr25_clean_v2,FALSE POSITIVE,FALSE POSITIVE
4929299,K04018.01,train,neg_only,0,false_positive,train_eligible,,dr25_clean_v2,FALSE POSITIVE,FALSE POSITIVE
4931073,K06473.01,train,neg_only,0,false_positive,train_eligible,,dr25_clean_v2,FALSE POSITIVE,FALSE POSITIVE
4932348,K00819.01,train,neg_only,0,false_positive,train_eligible,,dr25_clean_v2,FALSE POSITIVE,FALSE POSITIVE
4932442,K01665.01,train,pos_only,1,planet,train_eligible,,dr25_clean_v2,CONFIRMED,CANDIDATE
4932689,K03453.01,train,neg_only,0,false_positive,train_eligible,,dr25_clean_v2,FALSE POSITIVE,FALSE POSITIVE
4932691,K06474.01,train,neg_only,0,false_positive,train_eligible,,dr25_clean_v2,FALSE POSITIVE,FALSE POSITIVE
4935914,K03743.01,train,neg_only,0,false_positive,train_eligible,,dr25_clean_v2,FALSE POSITIVE,FALSE POSITIVE
4936990,K03290.01,train,neg_only,0,false_positive,train_eligible,,dr25_clean_v2,FALSE POSITIVE,FALSE POSITIVE
4937143,K03715.01,train,neg_only,0,false_positive,train_eligible,,dr25_clean_v2,FALSE POSITIVE,FALSE POSITIVE
4939265,K06475.01,train,unlabelled_only,,,excluded,unresolved_candidate,dr25_clean_v2,CANDIDATE,CANDIDATE
4940201,K06476.01,train,neg_only,0,false_positive,train_eligible,,dr25_clean_v2,FALSE POSITIVE,FALSE POSITIVE
4940203,K07711.01,train,unlabelled_only,,,excluded,unresolved_candidate,dr25_clean_v2,CANDIDATE,CANDIDATE
4940438,K01561.01,train,neg_only,0,false_positive,train_eligible,,dr25_clean_v2,FALSE POSITIVE,FALSE POSITIVE
4945035,K05108.01,train,neg_only,0,false_positive,train_eligible,,dr25_clean_v2,FALSE POSITIVE,FALSE POSITIVE
4945877,K01936.01,train,unlabelled_only,,,excluded,unresolved_candidate,dr25_clean_v2,CANDIDATE,CANDIDATE
4946049,K04658.01,train,neg_only,0,false_positive,train_eligible,,dr25_clean_v2,FALSE POSITIVE,FALSE POSITIVE
4946581,K05109.01,train,neg_only,0,false_positive,train_eligible,,dr25_clean_v2,FALSE POSITIVE,FALSE POSITIVE
4946584,K04088.01,train,neg_only,0,false_positive,train_eligible,,dr25_clean_v2,FALSE POSITIVE,FALSE POSITIVE
4946680,K06477.01,train,neg_only,0,false_positive,train_eligible,,dr25_clean_v2,FALSE POSITIVE,FALSE POSITIVE
4947556,K03936.01,train,mixed,0,false_positive,train_eligible,,dr25_clean_v2,FALSE POSITIVE,FALSE POSITIVE
4947556,K03936.02,train,mixed,1,planet,train_eligible,,dr25_clean_v2,CONFIRMED,CANDIDATE
4948863,K06479.01,train,neg_only,0,false_positive,train_eligible,,dr25_clean_v2,FALSE POSITIVE,FALSE POSITIVE
4949751,K00404.01,train,neg_only,0,false_positive,train_eligible,,dr25_clean_v2,FALSE POSITIVE,FALSE POSITIVE
4950232,K01753.01,train,neg_only,0,false_positive,train_eligible,,dr25_clean_v2,FALSE POSITIVE,FALSE POSITIVE
4951249,K02258.01,train,neg_only,0,false_positive,train_eligible,,dr25_clean_v2,FALSE POSITIVE,FALSE POSITIVE
4951877,K00501.01,train,unlabelled_only,,,excluded,unresolved_candidate,dr25_clean_v2,CANDIDATE,CANDIDATE
4953173,K04676.02,train,neg_only,0,false_positive,train_eligible,,dr25_clean_v2,FALSE POSITIVE,FALSE POSITIVE
4953262,K05110.01,train,neg_only,0,false_positive,train_eligible,,dr25_clean_v2,FALSE POSITIVE,FALSE POSITIVE
4989057,K01923.01,train,pos_only,1,planet,train_eligible,,dr25_clean_v2,CONFIRMED,CANDIDATE
4990977,K06123.01,train,neg_only,0,false_positive,train_eligible,,dr25_clean_v2,FALSE POSITIVE,FALSE POSITIVE
4996057,K07712.01,train,unlabelled_only,,,excluded,unresolved_candidate,dr25_clean_v2,CANDIDATE,CANDIDATE
4996558,K05111.01,train,neg_only,0,false_positive,train_eligible,,dr25_clean_v2,FALSE POSITIVE,FALSE POSITIVE
5000179,K06485.01,train,neg_only,0,false_positive,train_eligible,,dr25_clean_v2,FALSE POSITIVE,FALSE POSITIVE
5003117,K00405.01,train,neg_only,0,false_positive,train_eligible,,dr25_clean_v2,FALSE POSITIVE,FALSE POSITIVE
5005121,K02237.01,train,pos_only,1,planet,train_eligible,,dr25_clean_v2,CONFIRMED,CANDIDATE
5006817,K05112.01,train,neg_only,0,false_positive,train_eligible,,dr25_clean_v2,FALSE POSITIVE,FALSE POSITIVE
5007345,K02406.01,train,pos_only,1,planet,train_eligible,,dr25_clean_v2,CONFIRMED,CANDIDATE
5008245,K03770.01,train,unlabelled_only,,,excluded,unresolved_candidate,dr25_clean_v2,CANDIDATE,CANDIDATE
5008501,K01666.01,train,neg_only,0,false_positive,train_eligible,,dr25_clean_v2,FALSE POSITIVE,FALSE POSITIVE
5009189,K01605.01,train,neg_only,0,false_positive,train_eligible,,dr25_clean_v2,FALSE POSITIVE,FALSE POSITIVE
5009743,K01609.01,train,pos_only,1,planet,train_eligible,,dr25_clean_v2,CONFIRMED,CANDIDATE
5014753,K00606.01,train,neg_only,0,false_positive,train_eligible,,dr25_clean_v2,FALSE POSITIVE,FALSE POSITIVE
5016163,K05115.01,train,neg_only,0,false_positive,train_eligible,,dr25_clean_v2,FALSE POSITIVE,FALSE POSITIVE
5020034,K03688.01,train,neg_only,0,false_positive,train_eligible,,dr25_clean_v2,FALSE POSITIVE,FALSE POSITIVE
5020319,K00635.01,train,pos_only,1,planet,train_eligible,,dr25_clean_v2,CONFIRMED,CANDIDATE
5021174,K03679.01,train,neg_only,0,false_positive,train_eligible,,dr25_clean_v2,FALSE POSITIVE,FALSE POSITIVE
5021732,K06490.01,train,neg_only,0,false_positive,train_eligible,,dr25_clean_v2,FALSE POSITIVE,FALSE POSITIVE
5021737,K00026.01,train,neg_only,0,false_positive,train_eligible,,dr25_clean_v2,FALSE POSITIVE,FALSE POSITIVE
5021899,K00821.01,train,pos_only,1,planet,train_eligible,,dr25_clean_v2,CONFIRMED,CANDIDATE
5022440,K06491.01,train,neg_only,0,false_positive,train_eligible,,dr25_clean_v2,FALSE POSITIVE,FALSE POSITIVE
5023948,K03570.01,train,neg_only,0,false_positive,train_eligible,,dr25_clean_v2,FALSE POSITIVE,FALSE POSITIVE
5024126,K06493.01,train,neg_only,0,false_positive,train_eligible,,dr25_clean_v2,FALSE POSITIVE,FALSE POSITIVE
5024138,K04819.01,train,neg_only,0,false_positive,train_eligible,,dr25_clean_v2,FALSE POSITIVE,FALSE POSITIVE
5024414,K07555.01,train,neg_only,0,false_positive,train_eligible,,dr25_clean_v2,FALSE POSITIVE,FALSE POSITIVE
5024450,K01544.01,train,neg_only,0,false_positive,train_eligible,,dr25_clean_v2,FALSE POSITIVE,FALSE POSITIVE
5025217,K06496.01,train,neg_only,0,false_positive,train_eligible,,dr25_clean_v2,FALSE POSITIVE,FALSE POSITIVE
5025294,K06498.01,train,neg_only,0,false_positive,train_eligible,,dr25_clean_v2,FALSE POSITIVE,FALSE POSITIVE
5026326,K04280.01,train,neg_only,0,false_positive,train_eligible,,dr25_clean_v2,FALSE POSITIVE,FALSE POSITIVE
5027859,K05117.01,train,unlabelled_only,,,excluded,unresolved_candidate,dr25_clean_v2,CANDIDATE,CANDIDATE
5033823,K04546.01,train,unlabelled_only,,,excluded,unresolved_candidate,dr25_clean_v2,CANDIDATE,CANDIDATE
5034333,K06124.01,train,neg_only,0,false_positive,train_eligible,,dr25_clean_v2,FALSE POSITIVE,FALSE POSITIVE
5035972,K00406.01,train,neg_only,0,false_positive,train_eligible,,dr25_clean_v2,FALSE POSITIVE,FALSE POSITIVE
5036480,K04080.01,train,neg_only,0,false_positive,train_eligible,,dr25_clean_v2,FALSE POSITIVE,FALSE POSITIVE
5036516,K06502.01,train,neg_only,0,false_positive,train_eligible,,dr25_clean_v2,FALSE POSITIVE,FALSE POSITIVE
5036530,K06503.01,train,neg_only,0,false_positive,train_eligible,,dr25_clean_v2,FALSE POSITIVE,FALSE POSITIVE
5036537,K03718.01,train,neg_only,0,false_positive,train_eligible,,dr25_clean_v2,FALSE POSITIVE,FALSE POSITIVE
5036538,K06504.01,train,neg_only,0,false_positive,train_eligible,,dr25_clean_v2,FALSE POSITIVE,FALSE POSITIVE
5036705,K02437.01,train,pos_only,1,planet,train_eligible,,dr25_clean_v2,CONFIRMED,CANDIDATE
5036966,K05998.01,train,neg_only,0,false_positive,train_eligible,,dr25_clean_v2,FALSE POSITIVE,FALSE POSITIVE
5039053,K05121.01,train,neg_only,0,false_positive,train_eligible,,dr25_clean_v2,FALSE POSITIVE,FALSE POSITIVE
5039129,K02546.01,train,neg_only,0,false_positive,train_eligible,,dr25_clean_v2,FALSE POSITIVE,FALSE POSITIVE
5039228,K01597.01,train,unlabelled_only,,,excluded,unresolved_candidate,dr25_clean_v2,CANDIDATE,CANDIDATE
5039441,K06125.01,train,neg_only,0,false_positive,train_eligible,,dr25_clean_v2,FALSE POSITIVE,FALSE POSITIVE
5041569,K02795.01,train,neg_only,0,false_positive,train_eligible,,dr25_clean_v2,FALSE POSITIVE,FALSE POSITIVE
5041847,K04085.01,train,neg_only,0,false_positive,train_eligible,,dr25_clean_v2,FALSE POSITIVE,FALSE POSITIVE
5042210,K02462.01,train,pos_only,1,planet,train_eligible,,dr25_clean_v2,CONFIRMED,CANDIDATE
5078025,K04211.01,train,neg_only,0,false_positive,train_eligible,,dr25_clean_v2,FALSE POSITIVE,FALSE POSITIVE
5078025,K04211.02,train,neg_only,0,false_positive,train_eligible,,dr25_clean_v2,FALSE POSITIVE,FALSE POSITIVE
5084171,K04202.01,train,pos_only,1,planet,train_eligible,,dr25_clean_v2,CONFIRMED,CANDIDATE
5084942,K00161.01,train,pos_only,1,planet,train_eligible,,dr25_clean_v2,CONFIRMED,CANDIDATE
5088400,K04127.01,train,pos_only,1,planet,train_eligible,,dr25_clean_v2,CONFIRMED,CANDIDATE
5091016,K02973.01,train,neg_only,0,false_positive,train_eligible,,dr25_clean_v2,FALSE POSITIVE,FALSE POSITIVE
5091479,K07715.01,train,unlabelled_only,,,excluded,unresolved_candidate,dr25_clean_v2,CANDIDATE,CANDIDATE
5091614,K06515.01,train,neg_only,0,false_positive,train_eligible,,dr25_clean_v2,FALSE POSITIVE,FALSE POSITIVE
5094412,K05124.01,train,neg_only,0,false_positive,train_eligible,,dr25_clean_v2,FALSE POSITIVE,FALSE POSITIVE
5094751,K00123.01,train,pos_only,1,planet,train_eligible,,dr25_clean_v2,CONFIRMED,CANDIDATE
5094751,K00123.02,train,pos_only,1,planet,train_eligible,,dr25_clean_v2,CONFIRMED,CANDIDATE
5095082,K04320.01,train,pos_only,1,planet,train_eligible,,dr25_clean_v2,CONFIRMED,CANDIDATE
5095269,K06518.01,train,neg_only,0,false_positive,train_eligible,,dr25_clean_v2,FALSE POSITIVE,FALSE POSITIVE
5095635,K02607.01,train,unlabelled_only,,,excluded,unresolved_candidate,dr25_clean_v2,CANDIDATE,CANDIDATE
5096053,K04331.01,train,unlabelled_only,,,excluded,unresolved_candidate,dr25_clean_v2,CANDIDATE,CANDIDATE
5096590,K03093.01,train,pos_only,1,planet,train_eligible,,dr25_clean_v2,CONFIRMED,CANDIDATE
5097454,K04244.01,train,neg_only,0,false_positive,train_eligible,,dr25_clean_v2,FALSE POSITIVE,FALSE POSITIVE
5097470,K02767.01,train,neg_only,0,false_positive,train_eligible,,dr25_clean_v2,FALSE POSITIVE,FALSE POSITIVE
5097868,K02435.01,train,unlabelled_only,,,excluded,unresolved_candidate,dr25_clean_v2,CANDIDATE,CANDIDATE
5098334,K08253.01,train,unlabelled_only,,,excluded,unresolved_candidate,dr25_clean_v2,CANDIDATE,CANDIDATE
5098444,K00637.01,train,neg_only,0,false_positive,train_eligible,,dr25_clean_v2,FALSE POSITIVE,FALSE POSITIVE
5103942,K01668.01,train,neg_only,0,false_positive,train_eligible,,dr25_clean_v2,FALSE POSITIVE,FALSE POSITIVE
5110423,K01777.01,train,neg_only,0,false_positive,train_eligible,,dr25_clean_v2,FALSE POSITIVE,FALSE POSITIVE
5111801,K06521.01,train,neg_only,0,false_positive,train_eligible,,dr25_clean_v2,FALSE POSITIVE,FALSE POSITIVE
5113053,K03571.01,train,neg_only,0,false_positive,train_eligible,,dr25_clean_v2,FALSE POSITIVE,FALSE POSITIVE
5115178,K06524.01,train,neg_only,0,false_positive,train_eligible,,dr25_clean_v2,FALSE POSITIVE,FALSE POSITIVE
5119619,K04789.01,train,neg_only,0,false_positive,train_eligible,,dr25_clean_v2,FALSE POSITIVE,FALSE POSITIVE
5120087,K00639.01,train,pos_only,1,planet,train_eligible,,dr25_clean_v2,CONFIRMED,CANDIDATE
5120225,K07717.01,train,neg_only,0,false_positive,train_eligible,,dr25_clean_v2,FALSE POSITIVE,FALSE POSITIVE
5121511,K00640.01,train,pos_only,1,planet,train_eligible,,dr25_clean_v2,CONFIRMED,CANDIDATE
5124667,K01822.01,train,pos_only,1,planet,train_eligible,,dr25_clean_v2,CONFIRMED,CANDIDATE
5125048,K06528.01,train,neg_only,0,false_positive,train_eligible,,dr25_clean_v2,FALSE POSITIVE,FALSE POSITIVE
5125347,K02241.01,train,pos_only,1,planet,train_eligible,,dr25_clean_v2,CONFIRMED,CANDIDATE
5126182,K04428.01,train,unlabelled_only,,,excluded,unresolved_candidate,dr25_clean_v2,CANDIDATE,CANDIDATE
5126627,K06529.01,train,neg_only,0,false_positive,train_eligible,,dr25_clean_v2,FALSE POSITIVE,FALSE POSITIVE
5126932,K07718.01,train,neg_only,0,false_positive,train_eligible,,dr25_clean_v2,FALSE POSITIVE,FALSE POSITIVE
5128673,K02698.01,train,pos_only,1,planet,train_eligible,,dr25_clean_v2,CONFIRMED,CANDIDATE
5128966,K08098.01,train,neg_only,0,false_positive,train_eligible,,dr25_clean_v2,FALSE POSITIVE,FALSE POSITIVE
5130369,K00140.01,train,neg_only,0,false_positive,train_eligible,,dr25_clean_v2,FALSE POSITIVE,FALSE POSITIVE
5130380,K03707.01,train,neg_only,0,false_positive,train_eligible,,dr25_clean_v2,FALSE POSITIVE,FALSE POSITIVE
5130563,K05128.01,train,neg_only,0,false_positive,train_eligible,,dr25_clean_v2,FALSE POSITIVE,FALSE POSITIVE
5130740,K03583.01,train,neg_only,0,false_positive,train_eligible,,dr25_clean_v2,FALSE POSITIVE,FALSE POSITIVE
5130983,K03325.01,train,neg_only,0,false_positive,train_eligible,,dr25_clean_v2,FALSE POSITIVE,FALSE POSITIVE
5131276,K05129.01,train,unlabelled_only,,,excluded,unresolved_candidate,dr25_clean_v2,CANDIDATE,CANDIDATE
5164255,K00824.01,train,pos_only,1,planet,train_eligible,,dr25_clean_v2,CONFIRMED,CANDIDATE
5164794,K06531.01,train,neg_only,0,false_positive,train_eligible,,dr25_clean_v2,FALSE POSITIVE,FALSE POSITIVE
5168498,K07719.01,train,neg_only,0,false_positive,train_eligible,,dr25_clean_v2,FALSE POSITIVE,FALSE POSITIVE
5171707,K06532.01,train,unlabelled_only,,,excluded,unresolved_candidate,dr25_clean_v2,CANDIDATE,CANDIDATE
5174920,K06535.01,train,neg_only,0,false_positive,train_eligible,,dr25_clean_v2,FALSE POSITIVE,FALSE POSITIVE
5175024,K02563.01,train,pos_only,1,planet,train_eligible,,dr25_clean_v2,CONFIRMED,CANDIDATE
5175024,K02563.02,train,pos_only,,,excluded,unresolved_candidate,dr25_clean_v2,CANDIDATE,CANDIDATE
5175986,K02708.01,train,unlabelled_only,,,excluded,disposition_conflict,dr25_clean_v2,CONFIRMED,FALSE POSITIVE
5177104,K01603.01,train,pos_only,1,planet,train_eligible,,dr25_clean_v2,CONFIRMED,CANDIDATE
5179609,K05132.01,train,unlabelled_only,,,excluded,unresolved_candidate,dr25_clean_v2,CANDIDATE,CANDIDATE
5181817,K00642.01,train,neg_only,0,false_positive,train_eligible,,dr25_clean_v2,FALSE POSITIVE,FALSE POSITIVE
5184584,K01564.01,train,pos_only,1,planet,train_eligible,,dr25_clean_v2,CONFIRMED,CANDIDATE
5185765,K07720.01,train,neg_only,0,false_positive,train_eligible,,dr25_clean_v2,FALSE POSITIVE,FALSE POSITIVE
5193384,K03637.01,train,neg_only,0,false_positive,train_eligible,,dr25_clean_v2,FALSE POSITIVE,FALSE POSITIVE
5193386,K06537.01,train,neg_only,0,false_positive,train_eligible,,dr25_clean_v2,FALSE POSITIVE,FALSE POSITIVE
5193400,K01580.01,train,neg_only,0,false_positive,train_eligible,,dr25_clean_v2,FALSE POSITIVE,FALSE POSITIVE
5193439,K06538.01,train,unlabelled_only,,,excluded,unresolved_candidate,dr25_clean_v2,CANDIDATE,CANDIDATE
5193659,K03323.01,train,unlabelled_only,,,excluded,unresolved_candidate,dr25_clean_v2,CANDIDATE,CANDIDATE
5195172,K01671.01,train,pos_only,1,planet,train_eligible,,dr25_clean_v2,CONFIRMED,CANDIDATE
5196864,K02695.01,train,unlabelled_only,,,excluded,unresolved_candidate,dr25_clean_v2,CANDIDATE,CANDIDATE
5197233,K04178.01,train,unlabelled_only,,,excluded,unresolved_candidate,dr25_clean_v2,CANDIDATE,CANDIDATE
5199426,K05138.01,train,neg_only,0,false_positive,train_eligible,,dr25_clean_v2,FALSE POSITIVE,FALSE POSITIVE
5199978,K06540.01,train,neg_only,0,false_positive,train_eligible,,dr25_clean_v2,FALSE POSITIVE,FALSE POSITIVE
5200084,K03159.01,train,neg_only,0,false_positive,train_eligible,,dr25_clean_v2,FALSE POSITIVE,FALSE POSITIVE
5201115,K04044.01,train,neg_only,0,false_positive,train_eligible,,dr25_clean_v2,FALSE POSITIVE,FALSE POSITIVE
5201593,K07721.01,train,neg_only,0,false_positive,train_eligible,,dr25_clean_v2,FALSE POSITIVE,FALSE POSITIVE
5206233,K03779.01,train,neg_only,0,false_positive,train_eligible,,dr25_clean_v2,FALSE POSITIVE,FALSE POSITIVE
5208962,K04912.01,train,unlabelled_only,,,excluded,unresolved_candidate,dr25_clean_v2,CANDIDATE,CANDIDATE
5210475,K01568.01,train,neg_only,0,false_positive,train_eligible,,dr25_clean_v2,FALSE POSITIVE,FALSE POSITIVE
5211199,K02158.01,train,pos_only,1,planet,train_eligible,,dr25_clean_v2,CONFIRMED,CANDIDATE
5211199,K02158.02,train,pos_only,,,excluded,unresolved_candidate,dr25_clean_v2,CANDIDATE,CANDIDATE
5211470,K06541.01,train,neg_only,0,false_positive,train_eligible,,dr25_clean_v2,FALSE POSITIVE,FALSE POSITIVE
5211470,K06541.02,train,neg_only,0,false_positive,train_eligible,,dr25_clean_v2,FALSE POSITIVE,FALSE POSITIVE
5211922,K03273.01,train,neg_only,0,false_positive,train_eligible,,dr25_clean_v2,FALSE POSITIVE,FALSE POSITIVE
5213230,K03474.01,train,pos_only,1,planet,train_eligible,,dr25_clean_v2,CONFIRMED,CANDIDATE
5213902,K01941.01,train,neg_only,0,false_positive,train_eligible,,dr25_clean_v2,FALSE POSITIVE,FALSE POSITIVE
5215700,K03740.01,train,neg_only,0,false_positive,train_eligible,,dr25_clean_v2,FALSE POSITIVE,FALSE POSITIVE
5215980,K03866.01,train,neg_only,0,false_positive,train_eligible,,dr25_clean_v2,FALSE POSITIVE,FALSE POSITIVE
5217733,K03155.01,train,neg_only,0,false_positive,train_eligible,,dr25_clean_v2,FALSE POSITIVE,FALSE POSITIVE
5218441,K00407.01,train,neg_only,0,false_positive,train_eligible,,dr25_clean_v2,FALSE POSITIVE,FALSE POSITIVE
5219234,K01563.01,train,pos_only,1,planet,train_eligible,,dr25_clean_v2,CONFIRMED,CANDIDATE
5219234,K01563.02,train,pos_only,1,planet,train_eligible,,dr25_clean_v2,CONFIRMED,CANDIDATE
5219234,K01563.03,train,pos_only,1,planet,train_eligible,,dr25_clean_v2,CONFIRMED,CANDIDATE
5219234,K01563.04,train,pos_only,1,planet,train_eligible,,dr25_clean_v2,CONFIRMED,CANDIDATE
5252423,K00825.01,train,pos_only,1,planet,train_eligible,,dr25_clean_v2,CONFIRMED,CANDIDATE
5252423,K00825.02,train,pos_only,1,planet,train_eligible,,dr25_clean_v2,CONFIRMED,CANDIDATE
5253802,K04713.01,train,unlabelled_only,,,excluded,unresolved_candidate,dr25_clean_v2,CANDIDATE,CANDIDATE
5254230,K05999.01,train,neg_only,0,false_positive,train_eligible,,dr25_clean_v2,FALSE POSITIVE,FALSE POSITIVE
5255552,K06545.01,train,neg_only,0,false_positive,train_eligible,,dr25_clean_v2,FALSE POSITIVE,FALSE POSITIVE
5257082,K03368.01,train,unlabelled_only,,,excluded,unresolved_candidate,dr25_clean_v2,CANDIDATE,CANDIDATE
5263167,K06546.01,train,unlabelled_only,,,excluded,unresolved_candidate,dr25_clean_v2,CANDIDATE,CANDIDATE
5263802,K05145.01,train,neg_only,0,false_positive,train_eligible,,dr25_clean_v2,FALSE POSITIVE,FALSE POSITIVE
5264304,K03563.01,train,neg_only,0,false_positive,train_eligible,,dr25_clean_v2,FALSE POSITIVE,FALSE POSITIVE
5266937,K06547.01,train,neg_only,0,false_positive,train_eligible,,dr25_clean_v2,FALSE POSITIVE,FALSE POSITIVE
5269407,K06548.01,train,neg_only,0,false_positive,train_eligible,,dr25_clean_v2,FALSE POSITIVE,FALSE POSITIVE
5270698,K01543.01,train,neg_only,0,false_positive,train_eligible,,dr25_clean_v2,FALSE POSITIVE,FALSE POSITIVE
5271608,K01673.01,train,neg_only,0,false_positive,train_eligible,,dr25_clean_v2,FALSE POSITIVE,FALSE POSITIVE
5272233,K02711.01,train,pos_only,1,planet,train_eligible,,dr25_clean_v2,CONFIRMED,CANDIDATE
5272233,K02711.02,train,pos_only,1,planet,train_eligible,,dr25_clean_v2,CONFIRMED,CANDIDATE
5272571,K06550.01,train,neg_only,0,false_positive,train_eligible,,dr25_clean_v2,FALSE POSITIVE,FALSE POSITIVE
5276332,K07723.01,train,neg_only,0,false_positive,train_eligible,,dr25_clean_v2,FALSE POSITIVE,FALSE POSITIVE
5280587,K03274.01,train,pos_only,1,planet,train_eligible,,dr25_clean_v2,CONFIRMED,CANDIDATE
5281113,K04411.01,train,pos_only,1,planet,train_eligible,,dr25_clean_v2,CONFIRMED,CANDIDATE
5282051,K00502.01,train,neg_only,0,false_positive,train_eligible,,dr25_clean_v2,FALSE POSITIVE,FALSE POSITIVE
5282477,K04736.01,train,neg_only,0,false_positive,train_eligible,,dr25_clean_v2,FALSE POSITIVE,FALSE POSITIVE
5283458,K01547.01,train,unlabelled_only,,,excluded,unresolved_candidate,dr25_clean_v2,CANDIDATE,CANDIDATE
5283542,K00827.01,train,neg_only,0,false_positive,train_eligible,,dr25_clean_v2,FALSE POSITIVE,FALSE POSITIVE
5284133,K06552.01,train,neg_only,0,false_positive,train_eligible,,dr25_clean_v2,FALSE POSITIVE,FALSE POSITIVE
5285607,K06553.01,train,neg_only,0,false_positive,train_eligible,,dr25_clean_v2,FALSE POSITIVE,FALSE POSITIVE
5287983,K00828.01,train,neg_only,0,false_positive,train_eligible,,dr25_clean_v2,FALSE POSITIVE,FALSE POSITIVE
5288543,K06555.01,train,neg_only,0,false_positive,train_eligible,,dr25_clean_v2,FALSE POSITIVE,FALSE POSITIVE
5288570,K02136.01,train,neg_only,0,false_positive,train_eligible,,dr25_clean_v2,FALSE POSITIVE,FALSE POSITIVE
5288744,K08099.01,train,neg_only,0,false_positive,train_eligible,,dr25_clean_v2,FALSE POSITIVE,FALSE POSITIVE
5289854,K01593.01,train,pos_only,1,planet,train_eligible,,dr25_clean_v2,CONFIRMED,CANDIDATE
5289854,K01593.02,train,pos_only,1,planet,train_eligible,,dr25_clean_v2,CONFIRMED,CANDIDATE
5289857,K05150.01,train,unlabelled_only,,,excluded,unresolved_candidate,dr25_clean_v2,CANDIDATE,CANDIDATE
5294739,K06556.01,train,neg_only,0,false_positive,train_eligible,,dr25_clean_v2,FALSE POSITIVE,FALSE POSITIVE
5294945,K03463.01,train,unlabelled_only,,,excluded,unresolved_candidate,dr25_clean_v2,CANDIDATE,CANDIDATE
5295206,K06557.01,train,unlabelled_only,,,excluded,unresolved_candidate,dr25_clean_v2,CANDIDATE,CANDIDATE
5297298,K00130.01,train,unlabelled_only,,,excluded,unresolved_candidate,dr25_clean_v2,CANDIDATE,CANDIDATE
5300878,K06559.01,train,neg_only,0,false_positive,train_eligible,,dr25_clean_v2,FALSE POSITIVE,FALSE POSITIVE
5301093,K07724.01,train,neg_only,0,false_positive,train_eligible,,dr25_clean_v2,FALSE POSITIVE,FALSE POSITIVE
5301750,K01589.01,train,pos_only,1,planet,train_eligible,,dr25_clean_v2,CONFIRMED,CANDIDATE
5301750,K01589.02,train,pos_only,1,planet,train_eligible,,dr25_clean_v2,CONFIRMED,CANDIDATE
5301750,K01589.03,train,pos_only,1,planet,train_eligible,,dr25_clean_v2,CONFIRMED,CANDIDATE
5301750,K01589.04,train,pos_only,1,planet,train_eligible,,dr25_clean_v2,CONFIRMED,CANDIDATE
5301750,K01589.05,train,pos_only,1,planet,train_eligible,,dr25_clean_v2,CONFIRMED,CANDIDATE
5302006,K01755.01,train,neg_only,0,false_positive,train_eligible,,dr25_clean_v2,FALSE POSITIVE,FALSE POSITIVE
5303346,K03275.01,train,neg_only,0,false_positive,train_eligible,,dr25_clean_v2,FALSE POSITIVE,FALSE POSITIVE
5303551,K00553.01,train,neg_only,0,false_positive,train_eligible,,dr25_clean_v2,FALSE POSITIVE,FALSE POSITIVE
5303557,K03982.01,train,neg_only,0,false_positive,train_eligible,,dr25_clean_v2,FALSE POSITIVE,FALSE POSITIVE
5305225,K08100.01,train,neg_only,0,false_positive,train_eligible,,dr25_clean_v2,FALSE POSITIVE,FALSE POSITIVE
5305240,K03239.01,train,neg_only,0,false_positive,train_eligible,,dr25_clean_v2,FALSE POSITIVE,FALSE POSITIVE
5305399,K07725.01,train,neg_only,0,false_positive,train_eligible,,dr25_clean_v2,FALSE POSITIVE,FALSE POSITIVE
5305404,K03820.01,train,neg_only,0,false_positive,train_eligible,,dr25_clean_v2,FALSE POSITIVE,FALSE POSITIVE
5305471,K03806.01,train,neg_only,0,false_positive,train_eligible,,dr25_clean_v2,FALSE POSITIVE,FALSE POSITIVE
5306383,K04158.01,train,neg_only,0,false_positive,train_eligible,,dr25_clean_v2,FALSE POSITIVE,FALSE POSITIVE
5306720,K01991.01,train,neg_only,0,false_positive,train_eligible,,dr25_clean_v2,FALSE POSITIVE,FALSE POSITIVE
5306862,K06561.01,train,neg_only,0,false_positive,train_eligible,,dr25_clean_v2,FALSE POSITIVE,FALSE POSITIVE
5307568,K02804.01,train,neg_only,0,false_positive,train_eligible,,dr25_clean_v2,FALSE POSITIVE,FALSE POSITIVE
5307858,K02558.01,train,neg_only,0,false_positive,train_eligible,,dr25_clean_v2,FALSE POSITIVE,FALSE POSITIVE
5308387,K02724.01,train,neg_only,0,false_positive,train_eligible,,dr25_clean_v2,FALSE POSITIVE,FALSE POSITIVE
5308419,K03887.01,train,neg_only,0,false_positive,train_eligible,,dr25_clean_v2,FALSE POSITIVE,FALSE POSITIVE
5308537,K04409.01,train,pos_only,1,planet,train_eligible,,dr25_clean_v2,CONFIRMED,CANDIDATE
5308663,K01562.01,train,neg_only,0,false_positive,train_eligible,,dr25_clean_v2,FALSE POSITIVE,FALSE POSITIVE
5308663,K01562.02,train,neg_only,,,excluded,unresolved_candidate,dr25_clean_v2,CANDIDATE,CANDIDATE
5308666,K02718.01,train,neg_only,0,false_positive,train_eligible,,dr25_clean_v2,FALSE POSITIVE,FALSE POSITIVE
5308778,K06563.01,train,neg_only,0,false_positive,train_eligible,,dr25_clean_v2,FALSE POSITIVE,FALSE POSITIVE
5310435,K06564.01,train,neg_only,0,false_positive,train_eligible,,dr25_clean_v2,FALSE POSITIVE,FALSE POSITIVE
5339567,K02440.01,train,pos_only,1,planet,train_eligible,,dr25_clean_v2,CONFIRMED,CANDIDATE
5340878,K04199.01,train,unlabelled_only,,,excluded,disposition_conflict,dr25_clean_v2,CONFIRMED,FALSE POSITIVE
5342061,K02666.01,train,unlabelled_only,,,excluded,unresolved_candidate,dr25_clean_v2,CANDIDATE,CANDIDATE
5342473,K02297.01,train,pos_only,1,planet,train_eligible,,dr25_clean_v2,CONFIRMED,CANDIDATE
5343976,K06565.01,train,neg_only,0,false_positive,train_eligible,,dr25_clean_v2,FALSE POSITIVE,FALSE POSITIVE
5352640,K04467.01,train,unlabelled_only,,,excluded,unresolved_candidate,dr25_clean_v2,CANDIDATE,CANDIDATE
5353938,K06568.01,train,unlabelled_only,,,excluded,unresolved_candidate,dr25_clean_v2,CANDIDATE,CANDIDATE
5356593,K00644.01,train,neg_only,0,false_positive,train_eligible,,dr25_clean_v2,FALSE POSITIVE,FALSE POSITIVE
5357545,K02219.01,train,pos_only,1,planet,train_eligible,,dr25_clean_v2,CONFIRMED,CANDIDATE
5357901,K00188.01,train,pos_only,1,planet,train_eligible,,dr25_clean_v2,CONFIRMED,CANDIDATE
5358241,K00829.01,train,pos_only,1,planet,train_eligible,,dr25_clean_v2,CONFIRMED,CANDIDATE
5358241,K00829.02,train,pos_only,1,planet,train_eligible,,dr25_clean_v2,CONFIRMED,CANDIDATE
5358241,K00829.03,train,pos_only,1,planet,train_eligible,,dr25_clean_v2,CONFIRMED,CANDIDATE
5360082,K03768.01,train,neg_only,0,false_positive,train_eligible,,dr25_clean_v2,FALSE POSITIVE,FALSE POSITIVE
5360920,K01675.01,train,unlabelled_only,,,excluded,unresolved_candidate,dr25_clean_v2,CANDIDATE,CANDIDATE
5364071,K00248.01,train,pos_only,1,planet,train_eligible,,dr25_clean_v2,CONFIRMED,CANDIDATE
5364071,K00248.02,train,pos_only,1,planet,train_eligible,,dr25_clean_v2,CONFIRMED,CANDIDATE
5364071,K00248.03,train,pos_only,1,planet,train_eligible,,dr25_clean_v2,CONFIRMED,CANDIDATE
5364071,K00248.04,train,pos_only,1,planet,train_eligible,,dr25_clean_v2,CONFIRMED,CANDIDATE
5369827,K02690.01,train,pos_only,1,planet,train_eligible,,dr25_clean_v2,CONFIRMED,CANDIDATE
5370302,K00831.01,train,neg_only,0,false_positive,train_eligible,,dr25_clean_v2,FALSE POSITIVE,FALSE POSITIVE
5371776,K01557.01,train,pos_only,1,planet,train_eligible,,dr25_clean_v2,CONFIRMED,CANDIDATE
5371776,K01557.02,train,pos_only,1,planet,train_eligible,,dr25_clean_v2,CONFIRMED,CANDIDATE
5371776,K01557.03,train,pos_only,1,planet,train_eligible,,dr25_clean_v2,CONFIRMED,CANDIDATE
5371776,K01557.04,train,pos_only,1,planet,train_eligible,,dr25_clean_v2,CONFIRMED,CANDIDATE
5371777,K04327.01,train,pos_only,1,planet,train_eligible,,dr25_clean_v2,CONFIRMED,CANDIDATE
5374403,K02556.01,train,pos_only,1,planet,train_eligible,,dr25_clean_v2,CONFIRMED,CANDIDATE
5374838,K05155.01,train,unlabelled_only,,,excluded,unresolved_candidate,dr25_clean_v2,CANDIDATE,CANDIDATE
5375194,K01825.01,train,pos_only,1,planet,train_eligible,,dr25_clean_v2,CONFIRMED,CANDIDATE
5376067,K00833.01,train,neg_only,0,false_positive,train_eligible,,dr25_clean_v2,FALSE POSITIVE,FALSE POSITIVE
5383248,K00261.01,train,pos_only,1,planet,train_eligible,,dr25_clean_v2,CONFIRMED,CANDIDATE
5384802,K00646.01,train,neg_only,0,false_positive,train_eligible,,dr25_clean_v2,FALSE POSITIVE,FALSE POSITIVE
5385139,K06000.01,train,neg_only,0,false_positive,train_eligible,,dr25_clean_v2,FALSE POSITIVE,FALSE POSITIVE
5385150,K06001.01,train,neg_only,0,false_positive,train_eligible,,dr25_clean_v2,FALSE POSITIVE,FALSE POSITIVE
5385304,K02370.01,train,unlabelled_only,,,excluded,unresolved_candidate,dr25_clean_v2,CANDIDATE,CANDIDATE
5385410,K04323.01,train,neg_only,,,excluded,unresolved_candidate,dr25_clean_v2,CANDIDATE,CANDIDATE
5385410,K04323.02,train,neg_only,0,false_positive,train_eligible,,dr25_clean_v2,FALSE POSITIVE,FALSE POSITIVE
5385439,K02478.01,train,neg_only,0,false_positive,train_eligible,,dr25_clean_v2,FALSE POSITIVE,FALSE POSITIVE
5385471,K03502.01,train,neg_only,0,false_positive,train_eligible,,dr25_clean_v2,FALSE POSITIVE,FALSE POSITIVE
5385566,K06004.01,train,neg_only,0,false_positive,train_eligible,,dr25_clean_v2,FALSE POSITIVE,FALSE POSITIVE
5385667,K06573.01,train,neg_only,0,false_positive,train_eligible,,dr25_clean_v2,FALSE POSITIVE,FALSE POSITIVE
5385697,K03967.01,train,neg_only,0,false_positive,train_eligible,,dr25_clean_v2,FALSE POSITIVE,FALSE POSITIVE
5385697,K03967.02,train,neg_only,0,false_positive,train_eligible,,dr25_clean_v2,FALSE POSITIVE,FALSE POSITIVE
5385778,K06129.01,train,neg_only,0,false_positive,train_eligible,,dr25_clean_v2,FALSE POSITIVE,FALSE POSITIVE
5386163,K06006.01,train,neg_only,0,false_positive,train_eligible,,dr25_clean_v2,FALSE POSITIVE,FALSE POSITIVE
5386264,K04135.01,train,neg_only,0,false_positive,train_eligible,,dr25_clean_v2,FALSE POSITIVE,FALSE POSITIVE
5387843,K01762.01,train,neg_only,0,false_positive,train_eligible,,dr25_clean_v2,FALSE POSITIVE,FALSE POSITIVE
5389184,K06575.01,train,neg_only,0,false_positive,train_eligible,,dr25_clean_v2,FALSE POSITIVE,FALSE POSITIVE
5389540,K01836.01,train,neg_only,0,false_positive,train_eligible,,dr25_clean_v2,FALSE POSITIVE,FALSE POSITIVE
5389632,K07726.01,train,neg_only,0,false_positive,train_eligible,,dr25_clean_v2,FALSE POSITIVE,FALSE POSITIVE
5389956,K04591.01,train,unlabelled_only,,,excluded,unresolved_candidate,dr25_clean_v2,CANDIDATE,CANDIDATE
5391407,K08254.01,train,neg_only,0,false_positive,train_eligible,,dr25_clean_v2,FALSE POSITIVE,FALSE POSITIVE
5391911,K05157.01,train,unlabelled_only,,,excluded,unresolved_candidate,dr25_clean_v2,CANDIDATE,CANDIDATE
5392702,K02510.01,train,neg_only,0,false_positive,train_eligible,,dr25_clean_v2,FALSE POSITIVE,FALSE POSITIVE
5392871,K03292.01,train,neg_only,0,false_positive,train_eligible,,dr25_clean_v2,FALSE POSITIVE,FALSE POSITIVE
5393558,K06576.01,train,neg_only,0,false_positive,train_eligible,,dr25_clean_v2,FALSE POSITIVE,FALSE POSITIVE
5397166,K03856.01,train,unlabelled_only,,,excluded,unresolved_candidate,dr25_clean_v2,CANDIDATE,CANDIDATE
5397905,K06577.01,train,neg_only,0,false_positive,train_eligible,,dr25_clean_v2,FALSE POSITIVE,FALSE POSITIVE
5428471,K04671.01,train,neg_only,0,false_positive,train_eligible,,dr25_clean_v2,FALSE POSITIVE,FALSE POSITIVE
5431027,K04558.01,train,unlabelled_only,,,excluded,unresolved_candidate,dr25_clean_v2,CANDIDATE,CANDIDATE
5435816,K03696.01,train,neg_only,0,false_positive,train_eligible,,dr25_clean_v2,FALSE POSITIVE,FALSE POSITIVE
5436338,K02835.01,train,pos_only,1,planet,train_eligible,,dr25_clean_v2,CONFIRMED,CANDIDATE
5436502,K00834.01,train,pos_only,1,planet,train_eligible,,dr25_clean_v2,CONFIRMED,CANDIDATE
5436502,K00834.02,train,pos_only,1,planet,train_eligible,,dr25_clean_v2,CONFIRMED,CANDIDATE
5436502,K00834.03,train,pos_only,1,planet,train_eligible,,dr25_clean_v2,CONFIRMED,CANDIDATE
5436502,K00834.04,train,pos_only,1,planet,train_eligible,,dr25_clean_v2,CONFIRMED,CANDIDATE
5436502,K00834.05,train,pos_only,1,planet,train_eligible,,dr25_clean_v2,CONFIRMED,CANDIDATE
5437945,K03791.01,train,pos_only,,,excluded,disposition_conflict,dr25_clean_v2,CONFIRMED,FALSE POSITIVE
5437945,K03791.02,train,pos_only,1,planet,train_eligible,,dr25_clean_v2,CONFIRMED,CANDIDATE
5438099,K01567.01,train,pos_only,1,planet,train_eligible,,dr25_clean_v2,CONFIRMED,CANDIDATE
5438099,K01567.02,train,pos_only,1,planet,train_eligible,,dr25_clean_v2,CONFIRMED,CANDIDATE
5438099,K01567.03,train,pos_only,1,planet,train_eligible,,dr25_clean_v2,CONFIRMED,CANDIDATE
5438099,K01567.04,train,pos_only,1,planet,train_eligible,,dr25_clean_v2,CONFIRMED,CANDIDATE
5438757,K01601.01,train,pos_only,1,planet,train_eligible,,dr25_clean_v2,CONFIRMED,CANDIDATE
5438757,K01601.02,train,pos_only,1,planet,train_eligible,,dr25_clean_v2,CONFIRMED,CANDIDATE
5441980,K00607.01,train,unlabelled_only,,,excluded,unresolved_candidate,dr25_clean_v2,CANDIDATE,CANDIDATE
5443320,K05169.01,train,unlabelled_only,,,excluded,unresolved_candidate,dr25_clean_v2,CANDIDATE,CANDIDATE
5443604,K02713.01,train,neg_only,0,false_positive,train_eligible,,dr25_clean_v2,FALSE POSITIVE,FALSE POSITIVE
5443775,K01676.01,train,neg_only,0,false_positive,train_eligible,,dr25_clean_v2,FALSE POSITIVE,FALSE POSITIVE
5443837,K00554.01,train,unlabelled_only,,,excluded,unresolved_candidate,dr25_clean_v2,CANDIDATE,CANDIDATE
5444334,K04064.01,train,neg_only,0,false_positive,train_eligible,,dr25_clean_v2,FALSE POSITIVE,FALSE POSITIVE
5444392,K06578.01,train,neg_only,0,false_positive,train_eligible,,dr25_clean_v2,FALSE POSITIVE,FALSE POSITIVE
5444548,K00409.01,train,pos_only,1,planet,train_eligible,,dr25_clean_v2,CONFIRMED,CANDIDATE
5444549,K01551.01,train,neg_only,0,false_positive,train_eligible,,dr25_clean_v2,FALSE POSITIVE,FALSE POSITIVE
5445681,K03039.01,train,pos_only,1,planet,train_eligible,,dr25_clean_v2,CONFIRMED,CANDIDATE
5450814,K01780.01,train,neg_only,0,false_positive,train_eligible,,dr25_clean_v2,FALSE POSITIVE,FALSE POSITIVE
5456023,K03521.01,train,neg_only,0,false_positive,train_eligible,,dr25_clean_v2,FALSE POSITIVE,FALSE POSITIVE
5456319,K07728.01,train,neg_only,0,false_positive,train_eligible,,dr25_clean_v2,FALSE POSITIVE,FALSE POSITIVE
5460434,K07729.01,train,neg_only,0,false_positive,train_eligible,,dr25_clean_v2,FALSE POSITIVE,FALSE POSITIVE
5460835,K06580.01,train,neg_only,0,false_positive,train_eligible,,dr25_clean_v2,FALSE POSITIVE,FALSE POSITIVE
5461440,K00504.01,train,pos_only,1,planet,train_eligible,,dr25_clean_v2,CONFIRMED,CANDIDATE
5466109,K06582.01,train,unlabelled_only,,,excluded,unresolved_candidate,dr25_clean_v2,CANDIDATE,CANDIDATE
5467113,K03825.01,train,neg_only,0,false_positive,train_eligible,,dr25_clean_v2,FALSE POSITIVE,FALSE POSITIVE
5467126,K05171.01,train,neg_only,0,false_positive,train_eligible,,dr25_clean_v2,FALSE POSITIVE,FALSE POSITIVE
5468555,K08255.01,train,neg_only,0,false_positive,train_eligible,,dr25_clean_v2,FALSE POSITIVE,FALSE POSITIVE
5470739,K01585.01,train,pos_only,1,planet,train_eligible,,dr25_clean_v2,CONFIRMED,CANDIDATE
5470960,K06007.01,train,neg_only,0,false_positive,train_eligible,,dr25_clean_v2,FALSE POSITIVE,FALSE POSITIVE
5471010,K06583.01,train,neg_only,0,false_positive,train_eligible,,dr25_clean_v2,FALSE POSITIVE,FALSE POSITIVE
5471059,K03956.01,train,neg_only,0,false_positive,train_eligible,,dr25_clean_v2,FALSE POSITIVE,FALSE POSITIVE
5471059,K03956.02,train,neg_only,0,false_positive,train_eligible,,dr25_clean_v2,FALSE POSITIVE,FALSE POSITIVE
5471068,K06008.01,train,neg_only,0,false_positive,train_eligible,,dr25_clean_v2,FALSE POSITIVE,FALSE POSITIVE
5471108,K05173.01,train,neg_only,0,false_positive,train_eligible,,dr25_clean_v2,FALSE POSITIVE,FALSE POSITIVE
5471158,K03504.01,train,neg_only,0,false_positive,train_eligible,,dr25_clean_v2,FALSE POSITIVE,FALSE POSITIVE
5471192,K06009.01,train,neg_only,0,false_positive,train_eligible,,dr25_clean_v2,FALSE POSITIVE,FALSE POSITIVE
5471202,K02911.01,train,neg_only,0,false_positive,train_eligible,,dr25_clean_v2,FALSE POSITIVE,FALSE POSITIVE
5471217,K06010.01,train,neg_only,0,false_positive,train_eligible,,dr25_clean_v2,FALSE POSITIVE,FALSE POSITIVE
5471289,K03485.01,train,neg_only,0,false_positive,train_eligible,,dr25_clean_v2,FALSE POSITIVE,FALSE POSITIVE
5471415,K06586.01,train,neg_only,0,false_positive,train_eligible,,dr25_clean_v2,FALSE POSITIVE,FALSE POSITIVE
5471480,K06587.01,train,neg_only,0,false_positive,train_eligible,,dr25_clean_v2,FALSE POSITIVE,FALSE POSITIVE
5471489,K04368.01,train,neg_only,0,false_positive,train_eligible,,dr25_clean_v2,FALSE POSITIVE,FALSE POSITIVE
5471566,K04863.01,train,neg_only,0,false_positive,train_eligible,,dr25_clean_v2,FALSE POSITIVE,FALSE POSITIVE
5471606,K03723.01,train,neg_only,0,false_positive,train_eligible,,dr25_clean_v2,FALSE POSITIVE,FALSE POSITIVE
5471688,K03499.01,train,neg_only,0,false_positive,train_eligible,,dr25_clean_v2,FALSE POSITIVE,FALSE POSITIVE
5471690,K04006.01,train,neg_only,0,false_positive,train_eligible,,dr25_clean_v2,FALSE POSITIVE,FALSE POSITIVE
5471770,K06012.01,train,neg_only,0,false_positive,train_eligible,,dr25_clean_v2,FALSE POSITIVE,FALSE POSITIVE
5471792,K04110.01,train,neg_only,0,false_positive,train_eligible,,dr25_clean_v2,FALSE POSITIVE,FALSE POSITIVE
5473556,K02939.01,train,neg_only,0,false_positive,train_eligible,,dr25_clean_v2,FALSE POSITIVE,FALSE POSITIVE
5475042,K03050.01,train,unlabelled_only,,,excluded,unresolved_candidate,dr25_clean_v2,CANDIDATE,CANDIDATE
5475431,K01546.01,train,unlabelled_only,,,excluded,unresolved_candidate,dr25_clean_v2,CANDIDATE,CANDIDATE
5475494,K03969.01,train,neg_only,0,false_positive,train_eligible,,dr25_clean_v2,FALSE POSITIVE,FALSE POSITIVE
5475641,K02895.01,train,neg_only,0,false_positive,train_eligible,,dr25_clean_v2,FALSE POSITIVE,FALSE POSITIVE
5475735,K04167.01,train,neg_only,0,false_positive,train_eligible,,dr25_clean_v2,FALSE POSITIVE,FALSE POSITIVE
5475736,K03798.01,train,neg_only,0,false_positive,train_eligible,,dr25_clean_v2,FALSE POSITIVE,FALSE POSITIVE
5476671,K04598.01,train,neg_only,0,false_positive,train_eligible,,dr25_clean_v2,FALSE POSITIVE,FALSE POSITIVE
5476671,K04598.02,train,neg_only,0,false_positive,train_eligible,,dr25_clean_v2,FALSE POSITIVE,FALSE POSITIVE
5477805,K01607.01,train,neg_only,0,false_positive,train_eligible,,dr25_clean_v2,FALSE POSITIVE,FALSE POSITIVE
5478055,K00411.01,train,neg_only,0,false_positive,train_eligible,,dr25_clean_v2,FALSE POSITIVE,FALSE POSITIVE
5478083,K03738.01,train,neg_only,0,false_positive,train_eligible,,dr25_clean_v2,FALSE POSITIVE,FALSE POSITIVE
5479802,K02251.01,train,neg_only,0,false_positive,train_eligible,,dr25_clean_v2,FALSE POSITIVE,FALSE POSITIVE
5480640,K02707.01,train,pos_only,1,planet,train_eligible,,dr25_clean_v2,CONFIRMED,CANDIDATE
5480640,K02707.02,train,pos_only,1,planet,train_eligible,,dr25_clean_v2,CONFIRMED,CANDIDATE
5480640,K02707.03,train,pos_only,1,planet,train_eligible,,dr25_clean_v2,CONFIRMED,CANDIDATE
5480736,K03904.01,train,neg_only,0,false_positive,train_eligible,,dr25_clean_v2,FALSE POSITIVE,FALSE POSITIVE
5480884,K04841.01,train,neg_only,0,false_positive,train_eligible,,dr25_clean_v2,FALSE POSITIVE,FALSE POSITIVE
5481148,K02701.01,train,neg_only,0,false_positive,train_eligible,,dr25_clean_v2,FALSE POSITIVE,FALSE POSITIVE
5481416,K00836.01,train,neg_only,0,false_positive,train_eligible,,dr25_clean_v2,FALSE POSITIVE,FALSE POSITIVE
5512513,K07730.01,train,neg_only,0,false_positive,train_eligible,,dr25_clean_v2,FALSE POSITIVE,FALSE POSITIVE
5513012,K02668.01,train,pos_only,1,planet,train_eligible,,dr25_clean_v2,CONFIRMED,CANDIDATE
5513857,K04119.01,train,neg_only,0,false_positive,train_eligible,,dr25_clean_v2,FALSE POSITIVE,FALSE POSITIVE
5513861,K07731.01,train,neg_only,0,false_positive,train_eligible,,dr25_clean_v2,FALSE POSITIVE,FALSE POSITIVE
5513866,K02854.01,train,neg_only,0,false_positive,train_eligible,,dr25_clean_v2,FALSE POSITIVE,FALSE POSITIVE
5513893,K02741.01,train,neg_only,0,false_positive,train_eligible,,dr25_clean_v2,FALSE POSITIVE,FALSE POSITIVE
5513897,K02591.01,train,neg_only,0,false_positive,train_eligible,,dr25_clean_v2,FALSE POSITIVE,FALSE POSITIVE
5520547,K02990.01,train,pos_only,1,planet,train_eligible,,dr25_clean_v2,CONFIRMED,CANDIDATE
5521300,K02456.01,train,neg_only,0,false_positive,train_eligible,,dr25_clean_v2,FALSE POSITIVE,FALSE POSITIVE
5524881,K03030.01,train,neg_only,0,false_positive,train_eligible,,dr25_clean_v2,FALSE POSITIVE,FALSE POSITIVE
5526527,K01838.01,train,pos_only,1,planet,train_eligible,,dr25_clean_v2,CONFIRMED,CANDIDATE
5526717,K01677.01,train,pos_only,1,planet,train_eligible,,dr25_clean_v2,CONFIRMED,CANDIDATE
5527172,K01678.01,train,neg_only,0,false_positive,train_eligible,,dr25_clean_v2,FALSE POSITIVE,FALSE POSITIVE
5529501,K06592.01,train,neg_only,0,false_positive,train_eligible,,dr25_clean_v2,FALSE POSITIVE,FALSE POSITIVE
5529643,K01679.01,train,neg_only,0,false_positive,train_eligible,,dr25_clean_v2,FALSE POSITIVE,FALSE POSITIVE
5529738,K02518.01,train,neg_only,0,false_positive,train_eligible,,dr25_clean_v2,FALSE POSITIVE,FALSE POSITIVE
5530112,K04067.01,train,pos_only,1,planet,train_eligible,,dr25_clean_v2,CONFIRMED,CANDIDATE
5530881,K06594.01,train,neg_only,0,false_positive,train_eligible,,dr25_clean_v2,FALSE POSITIVE,FALSE POSITIVE
5530882,K01680.01,train,neg_only,0,false_positive,train_eligible,,dr25_clean_v2,FALSE POSITIVE,FALSE POSITIVE
5531576,K00837.01,train,pos_only,1,planet,train_eligible,,dr25_clean_v2,CONFIRMED,CANDIDATE
5531576,K00837.02,train,pos_only,1,planet,train_eligible,,dr25_clean_v2,CONFIRMED,CANDIDATE
5531953,K01681.01,train,unlabelled_only,,,excluded,unresolved_candidate,dr25_clean_v2,CANDIDATE,CANDIDATE
5531953,K01681.02,train,unlabelled_only,,,excluded,disposition_conflict,dr25_clean_v2,CONFIRMED,FALSE POSITIVE
5531953,K01681.03,train,unlabelled_only,,,excluded,unresolved_candidate,dr25_clean_v2,CANDIDATE,CANDIDATE
5531953,K01681.04,train,unlabelled_only,,,excluded,unresolved_candidate,dr25_clean_v2,CANDIDATE,CANDIDATE
5534476,K06595.01,train,neg_only,0,false_positive,train_eligible,,dr25_clean_v2,FALSE POSITIVE,FALSE POSITIVE
5534702,K06596.01,train,neg_only,0,false_positive,train_eligible,,dr25_clean_v2,FALSE POSITIVE,FALSE POSITIVE
5534814,K00838.01,train,neg_only,0,false_positive,train_eligible,,dr25_clean_v2,FALSE POSITIVE,FALSE POSITIVE
5534941,K02332.01,train,pos_only,1,planet,train_eligible,,dr25_clean_v2,CONFIRMED,CANDIDATE
5535280,K06597.01,train,neg_only,0,false_positive,train_eligible,,dr25_clean_v2,FALSE POSITIVE,FALSE POSITIVE
5542466,K01590.01,train,pos_only,,,excluded,unresolved_candidate,dr25_clean_v2,CANDIDATE,CANDIDATE
5542466,K01590.02,train,pos_only,1,planet,train_eligible,,dr25_clean_v2,CONFIRMED,CANDIDATE
5542466,K01590.03,train,pos_only,,,excluded,unresolved_candidate,dr25_clean_v2,CANDIDATE,CANDIDATE
5542983,K02501.01,train,neg_only,0,false_positive,train_eligible,,dr25_clean_v2,FALSE POSITIVE,FALSE POSITIVE
5544903,K02499.01,train,neg_only,0,false_positive,train_eligible,,dr25_clean_v2,FALSE POSITIVE,FALSE POSITIVE
5546277,K03797.01,train,neg_only,0,false_positive,train_eligible,,dr25_clean_v2,FALSE POSITIVE,FALSE POSITIVE
5547480,K00224.01,train,neg_only,0,false_positive,train_eligible,,dr25_clean_v2,FALSE POSITIVE,FALSE POSITIVE
5551228,K04154.02,train,neg_only,0,false_positive,train_eligible,,dr25_clean_v2,FALSE POSITIVE,FALSE POSITIVE
5551240,K05178.01,train,pos_only,1,planet,train_eligible,,dr25_clean_v2,CONFIRMED,CANDIDATE
5551504,K03989.01,train,neg_only,0,false_positive,train_eligible,,dr25_clean_v2,FALSE POSITIVE,FALSE POSITIVE
5551672,K03119.01,train,unlabelled_only,,,excluded,unresolved_candidate,dr25_clean_v2,CANDIDATE,CANDIDATE
5552562,K04495.01,train,unlabelled_only,,,excluded,unresolved_candidate,dr25_clean_v2,CANDIDATE,CANDIDATE
5553624,K06599.01,train,neg_only,0,false_positive,train_eligible,,dr25_clean_v2,FALSE POSITIVE,FALSE POSITIVE
5553652,K01575.01,train,neg_only,0,false_positive,train_eligible,,dr25_clean_v2,FALSE POSITIVE,FALSE POSITIVE
5553959,K03377.01,train,unlabelled_only,,,excluded,unresolved_candidate,dr25_clean_v2,CANDIDATE,CANDIDATE
5556726,K03223.01,train,neg_only,0,false_positive,train_eligible,,dr25_clean_v2,FALSE POSITIVE,FALSE POSITIVE
5556804,K06013.01,train,neg_only,0,false_positive,train_eligible,,dr25_clean_v2,FALSE POSITIVE,FALSE POSITIVE
5559651,K04660.01,train,neg_only,0,false_positive,train_eligible,,dr25_clean_v2,FALSE POSITIVE,FALSE POSITIVE
5560830,K03879.01,train,neg_only,0,false_positive,train_eligible,,dr25_clean_v2,FALSE POSITIVE,FALSE POSITIVE
5560831,K03819.01,train,neg_only,0,false_positive,train_eligible,,dr25_clean_v2,FALSE POSITIVE,FALSE POSITIVE
5561278,K01621.01,train,pos_only,1,planet,train_eligible,,dr25_clean_v2,CONFIRMED,CANDIDATE
5562090,K02664.01,train,pos_only,1,planet,train_eligible,,dr25_clean_v2,CONFIRMED,CANDIDATE
5562784,K00608.01,train,neg_only,0,false_positive,train_eligible,,dr25_clean_v2,FALSE POSITIVE,FALSE POSITIVE
5563057,K05179.01,train,unlabelled_only,,,excluded,unresolved_candidate,dr25_clean_v2,CANDIDATE,CANDIDATE
5563300,K03309.01,train,unlabelled_only,,,excluded,unresolved_candidate,dr25_clean_v2,CANDIDATE,CANDIDATE
5563937,K04406.01,train,neg_only,0,false_positive,train_eligible,,dr25_clean_v2,FALSE POSITIVE,FALSE POSITIVE
5564247,K01566.01,train,neg_only,0,false_positive,train_eligible,,dr25_clean_v2,FALSE POSITIVE,FALSE POSITIVE
5565497,K01789.01,train,neg_only,0,false_positive,train_eligible,,dr25_clean_v2,FALSE POSITIVE,FALSE POSITIVE
5565707,K04161.01,train,neg_only,0,false_positive,train_eligible,,dr25_clean_v2,FALSE POSITIVE,FALSE POSITIVE
5596440,K00648.01,train,neg_only,0,false_positive,train_eligible,,dr25_clean_v2,FALSE POSITIVE,FALSE POSITIVE
5598216,K08101.01,train,neg_only,0,false_positive,train_eligible,,dr25_clean_v2,FALSE POSITIVE,FALSE POSITIVE
5598595,K03949.01,train,neg_only,0,false_positive,train_eligible,,dr25_clean_v2,FALSE POSITIVE,FALSE POSITIVE
5599774,K02337.01,train,pos_only,1,planet,train_eligible,,dr25_clean_v2,CONFIRMED,CANDIDATE
5601258,K02191.01,train,pos_only,1,planet,train_eligible,,dr25_clean_v2,CONFIRMED,CANDIDATE
5602588,K02369.01,train,pos_only,1,planet,train_eligible,,dr25_clean_v2,CONFIRMED,CANDIDATE
5602588,K02369.03,train,pos_only,,,excluded,unresolved_candidate,dr25_clean_v2,CANDIDATE,CANDIDATE
5607631,K02254.01,train,neg_only,0,false_positive,train_eligible,,dr25_clean_v2,FALSE POSITIVE,FALSE POSITIVE
5608566,K00609.01,train,neg_only,0,false_positive,train_eligible,,dr25_clean_v2,FALSE POSITIVE,FALSE POSITIVE
5610698,K06603.01,train,neg_only,0,false_positive,train_eligible,,dr25_clean_v2,FALSE POSITIVE,FALSE POSITIVE
5612697,K03206.01,train,unlabelled_only,,,excluded,unresolved_candidate,dr25_clean_v2,CANDIDATE,CANDIDATE
5613330,K00649.01,train,pos_only,1,planet,train_eligible,,dr25_clean_v2,CONFIRMED,CANDIDATE
5613330,K00649.02,train,pos_only,,,excluded,unresolved_candidate,dr25_clean_v2,CANDIDATE,CANDIDATE
5613821,K02915.01,train,unlabelled_only,,,excluded,unresolved_candidate,dr25_clean_v2,CANDIDATE,CANDIDATE
5617259,K07733.01,train,neg_only,0,false_positive,train_eligible,,dr25_clean_v2,FALSE POSITIVE,FALSE POSITIVE
5617854,K01588.01,train,pos_only,1,planet,train_eligible,,dr25_clean_v2,CONFIRMED,CANDIDATE
5621125,K01814.01,train,pos_only,1,planet,train_eligible,,dr25_clean_v2,CONFIRMED,CANDIDATE
5621299,K06607.01,train,neg_only,0,false_positive,train_eligible,,dr25_clean_v2,FALSE POSITIVE,FALSE POSITIVE
5621333,K03341.01,train,unlabelled_only,,,excluded,unresolved_candidate,dr25_clean_v2,CANDIDATE,CANDIDATE
5621333,K03341.02,train,unlabelled_only,,,excluded,unresolved_candidate,dr25_clean_v2,CANDIDATE,CANDIDATE
5621586,K02415.01,train,pos_only,1,planet,train_eligible,,dr25_clean_v2,CONFIRMED,CANDIDATE
5629353,K06132.01,train,pos_only,,,excluded,unresolved_candidate,dr25_clean_v2,CANDIDATE,CANDIDATE
5629353,K06132.02,train,pos_only,1,planet,train_eligible,,dr25_clean_v2,CONFIRMED,CANDIDATE
5629353,K06132.03,train,pos_only,,,excluded,unresolved_candidate,dr25_clean_v2,CANDIDATE,CANDIDATE
5629538,K02345.01,train,pos_only,1,planet,train_eligible,,dr25_clean_v2,CONFIRMED,CANDIDATE
5629985,K01578.01,train,neg_only,0,false_positive,train_eligible,,dr25_clean_v2,FALSE POSITIVE,FALSE POSITIVE
5631630,K02010.01,train,pos_only,1,planet,train_eligible,,dr25_clean_v2,CONFIRMED,CANDIDATE
5632781,K06609.01,train,neg_only,0,false_positive,train_eligible,,dr25_clean_v2,FALSE POSITIVE,FALSE POSITIVE
5636642,K03817.01,train,neg_only,0,false_positive,train_eligible,,dr25_clean_v2,FALSE POSITIVE,FALSE POSITIVE
5636648,K01565.01,train,neg_only,0,false_positive,train_eligible,,dr25_clean_v2,FALSE POSITIVE,FALSE POSITIVE
5637036,K08102.01,train,neg_only,0,false_positive,train_eligible,,dr25_clean_v2,FALSE POSITIVE,FALSE POSITIVE
5643492,K06015.01,train,neg_only,0,false_positive,train_eligible,,dr25_clean_v2,FALSE POSITIVE,FALSE POSITIVE
5647008,K08103.01,train,neg_only,0,false_positive,train_eligible,,dr25_clean_v2,FALSE POSITIVE,FALSE POSITIVE
5649206,K03636.01,train,neg_only,0,false_positive,train_eligible,,dr25_clean_v2,FALSE POSITIVE,FALSE POSITIVE
5649215,K00839.01,train,neg_only,0,false_positive,train_eligible,,dr25_clean_v2,FALSE POSITIVE,FALSE POSITIVE
5649836,K03831.01,train,neg_only,0,false_positive,train_eligible,,dr25_clean_v2,FALSE POSITIVE,FALSE POSITIVE
5649837,K04078.01,train,neg_only,0,false_positive,train_eligible,,dr25_clean_v2,FALSE POSITIVE,FALSE POSITIVE
5649956,K01540.01,train,neg_only,0,false_positive,train_eligible,,dr25_clean_v2,FALSE POSITIVE,FALSE POSITIVE
5650420,K05187.01,train,neg_only,0,false_positive,train_eligible,,dr25_clean_v2,FALSE POSITIVE,FALSE POSITIVE
5651104,K00840.01,train,pos_only,1,planet,train_eligible,,dr25_clean_v2,CONFIRMED,CANDIDATE
5651829,K04778.01,train,unlabelled_only,,,excluded,unresolved_candidate,dr25_clean_v2,CANDIDATE,CANDIDATE
5652237,K00164.01,train,neg_only,0,false_positive,train_eligible,,dr25_clean_v2,FALSE POSITIVE,FALSE POSITIVE
5652260,K03703.01,train,neg_only,0,false_positive,train_eligible,,dr25_clean_v2,FALSE POSITIVE,FALSE POSITIVE
5652893,K02790.01,train,pos_only,1,planet,train_eligible,,dr25_clean_v2,CONFIRMED,CANDIDATE
5652983,K00371.01,train,neg_only,0,false_positive,train_eligible,,dr25_clean_v2,FALSE POSITIVE,FALSE POSITIVE
5653152,K05189.01,train,neg_only,0,false_positive,train_eligible,,dr25_clean_v2,FALSE POSITIVE,FALSE POSITIVE
5653163,K05190.01,train,neg_only,0,false_positive,train_eligible,,dr25_clean_v2,FALSE POSITIVE,FALSE POSITIVE
5653795,K07734.01,train,neg_only,0,false_positive,train_eligible,,dr25_clean_v2,FALSE POSITIVE,FALSE POSITIVE
5653849,K03711.01,train,neg_only,0,false_positive,train_eligible,,dr25_clean_v2,FALSE POSITIVE,FALSE POSITIVE
5683743,K00412.01,train,pos_only,1,planet,train_eligible,,dr25_clean_v2,CONFIRMED,CANDIDATE
5686174,K00610.01,train,pos_only,1,planet,train_eligible,,dr25_clean_v2,CONFIRMED,CANDIDATE
5686974,K06613.01,train,neg_only,0,false_positive,train_eligible,,dr25_clean_v2,FALSE POSITIVE,FALSE POSITIVE
5687700,K04587.01,train,unlabelled_only,,,excluded,unresolved_candidate,dr25_clean_v2,CANDIDATE,CANDIDATE
5687986,K07735.01,train,unlabelled_only,,,excluded,unresolved_candidate,dr25_clean_v2,CANDIDATE,CANDIDATE
5688683,K04097.01,train,mixed,1,planet,train_eligible,,dr25_clean_v2,CONFIRMED,CANDIDATE
5688683,K04097.02,train,mixed,0,false_positive,train_eligible,,dr25_clean_v2,FALSE POSITIVE,FALSE POSITIVE
5689351,K00505.01,train,pos_only,1,planet,train_eligible,,dr25_clean_v2,CONFIRMED,CANDIDATE
5689351,K00505.02,train,pos_only,1,planet,train_eligible,,dr25_clean_v2,CONFIRMED,CANDIDATE
5689351,K00505.03,train,pos_only,1,planet,train_eligible,,dr25_clean_v2,CONFIRMED,CANDIDATE
5689351,K00505.04,train,pos_only,1,planet,train_eligible,,dr25_clean_v2,CONFIRMED,CANDIDATE
5689351,K00505.05,train,pos_only,1,planet,train_eligible,,dr25_clean_v2,CONFIRMED,CANDIDATE
5695396,K00283.01,train,pos_only,1,planet,train_eligible,,dr25_clean_v2,CONFIRMED,CANDIDATE
5695396,K00283.02,train,pos_only,1,planet,train_eligible,,dr25_clean_v2,CONFIRMED,CANDIDATE
5695904,K02983.01,train,neg_only,0,false_positive,train_eligible,,dr25_clean_v2,FALSE POSITIVE,FALSE POSITIVE
5696909,K06614.01,train,neg_only,0,false_positive,train_eligible,,dr25_clean_v2,FALSE POSITIVE,FALSE POSITIVE
5696918,K04594.01,train,neg_only,0,false_positive,train_eligible,,dr25_clean_v2,FALSE POSITIVE,FALSE POSITIVE
5700900,K04100.01,train,neg_only,0,false_positive,train_eligible,,dr25_clean_v2,FALSE POSITIVE,FALSE POSITIVE
5702939,K03000.01,train,neg_only,0,false_positive,train_eligible,,dr25_clean_v2,FALSE POSITIVE,FALSE POSITIVE
5705819,K02091.01,train,pos_only,1,planet,train_eligible,,dr25_clean_v2,CONFIRMED,CANDIDATE
5706595,K02183.01,train,mixed,1,planet,train_eligible,,dr25_clean_v2,CONFIRMED,CANDIDATE
5706595,K02183.02,train,mixed,1,planet,train_eligible,,dr25_clean_v2,CONFIRMED,CANDIDATE
5706595,K02183.03,train,mixed,0,false_positive,train_eligible,,dr25_clean_v2,FALSE POSITIVE,FALSE POSITIVE
5706966,K01908.01,train,pos_only,1,planet,train_eligible,,dr25_clean_v2,CONFIRMED,CANDIDATE
5706966,K01908.02,train,pos_only,1,planet,train_eligible,,dr25_clean_v2,CONFIRMED,CANDIDATE
5709103,K07736.01,train,neg_only,0,false_positive,train_eligible,,dr25_clean_v2,FALSE POSITIVE,FALSE POSITIVE
5709226,K08104.01,train,neg_only,0,false_positive,train_eligible,,dr25_clean_v2,FALSE POSITIVE,FALSE POSITIVE
5716244,K06619.01,train,unlabelled_only,,,excluded,unresolved_candidate,dr25_clean_v2,CANDIDATE,CANDIDATE
5716508,K07737.01,train,neg_only,0,false_positive,train_eligible,,dr25_clean_v2,FALSE POSITIVE,FALSE POSITIVE
5716763,K00272.01,train,neg_only,0,false_positive,train_eligible,,dr25_clean_v2,FALSE POSITIVE,FALSE POSITIVE
5716932,K02358.01,train,pos_only,1,planet,train_eligible,,dr25_clean_v2,CONFIRMED,CANDIDATE
5717567,K02752.01,train,neg_only,0,false_positive,train_eligible,,dr25_clean_v2,FALSE POSITIVE,FALSE POSITIVE
5725851,K06620.01,train,neg_only,0,false_positive,train_eligible,,dr25_clean_v2,FALSE POSITIVE,FALSE POSITIVE
5728139,K00206.01,train,pos_only,1,planet,train_eligible,,dr25_clean_v2,CONFIRMED,CANDIDATE
5730380,K07738.01,train,neg_only,0,false_positive,train_eligible,,dr25_clean_v2,FALSE POSITIVE,FALSE POSITIVE
5730389,K01956.01,train,neg_only,0,false_positive,train_eligible,,dr25_clean_v2,FALSE POSITIVE,FALSE POSITIVE
5730394,K03603.01,train,neg_only,0,false_positive,train_eligible,,dr25_clean_v2,FALSE POSITIVE,FALSE POSITIVE
5730445,K02189.01,train,unlabelled_only,,,excluded,unresolved_candidate,dr25_clean_v2,CANDIDATE,CANDIDATE
5731312,K06621.01,train,neg_only,0,false_positive,train_eligible,,dr25_clean_v2,FALSE POSITIVE,FALSE POSITIVE
5731623,K01793.01,train,unlabelled_only,,,excluded,unresolved_candidate,dr25_clean_v2,CANDIDATE,CANDIDATE
5736461,K06623.01,train,neg_only,0,false_positive,train_eligible,,dr25_clean_v2,FALSE POSITIVE,FALSE POSITIVE
5736801,K07739.01,train,neg_only,0,false_positive,train_eligible,,dr25_clean_v2,FALSE POSITIVE,FALSE POSITIVE
5738346,K01006.01,train,neg_only,0,false_positive,train_eligible,,dr25_clean_v2,FALSE POSITIVE,FALSE POSITIVE
5738496,K00556.01,train,neg_only,0,false_positive,train_eligible,,dr25_clean_v2,FALSE POSITIVE,FALSE POSITIVE
5738506,K03676.01,train,neg_only,0,false_positive,train_eligible,,dr25_clean_v2,FALSE POSITIVE,FALSE POSITIVE
5738634,K03951.01,train,neg_only,0,false_positive,train_eligible,,dr25_clean_v2,FALSE POSITIVE,FALSE POSITIVE
5738698,K06134.01,train,neg_only,0,false_positive,train_eligible,,dr25_clean_v2,FALSE POSITIVE,FALSE POSITIVE
5768816,K03288.01,train,pos_only,1,planet,train_eligible,,dr25_clean_v2,CONFIRMED,CANDIDATE
5768927,K06135.01,train,neg_only,0,false_positive,train_eligible,,dr25_clean_v2,FALSE POSITIVE,FALSE POSITIVE
5769810,K04913.01,train,neg_only,,,excluded,unresolved_candidate,dr25_clean_v2,CANDIDATE,CANDIDATE
5769810,K04913.02,train,neg_only,0,false_positive,train_eligible,,dr25_clean_v2,FALSE POSITIVE,FALSE POSITIVE
5769943,K03810.01,train,neg_only,0,false_positive,train_eligible,,dr25_clean_v2,FALSE POSITIVE,FALSE POSITIVE
5770074,K01928.01,train,pos_only,1,planet,train_eligible,,dr25_clean_v2,CONFIRMED,CANDIDATE
5771589,K06625.01,train,neg_only,0,false_positive,train_eligible,,dr25_clean_v2,FALSE POSITIVE,FALSE POSITIVE
5771719,K00190.01,train,neg_only,0,false_positive,train_eligible,,dr25_clean_v2,FALSE POSITIVE,FALSE POSITIVE
5774375,K07740.01,train,neg_only,0,false_positive,train_eligible,,dr25_clean_v2,FALSE POSITIVE,FALSE POSITIVE
5775090,K08105.01,train,neg_only,0,false_positive,train_eligible,,dr25_clean_v2,FALSE POSITIVE,FALSE POSITIVE
5775129,K02802.01,train,pos_only,1,planet,train_eligible,,dr25_clean_v2,CONFIRMED,CANDIDATE
5779852,K00449.01,train,neg_only,0,false_positive,train_eligible,,dr25_clean_v2,FALSE POSITIVE,FALSE POSITIVE
5780460,K01005.01,train,pos_only,1,planet,train_eligible,,dr25_clean_v2,CONFIRMED,CANDIDATE
5780715,K00506.01,train,unlabelled_only,,,excluded,unresolved_candidate,dr25_clean_v2,CANDIDATE,CANDIDATE
5780855,K04443.01,train,unlabelled_only,,,excluded,unresolved_candidate,dr25_clean_v2,CANDIDATE,CANDIDATE
5780930,K03412.01,train,pos_only,1,planet,train_eligible,,dr25_clean_v2,CONFIRMED,CANDIDATE
5781192,K06626.01,train,neg_only,0,false_positive,train_eligible,,dr25_clean_v2,FALSE POSITIVE,FALSE POSITIVE
5786676,K00650.01,train,pos_only,1,planet,train_eligible,,dr25_clean_v2,CONFIRMED,CANDIDATE
5787131,K02927.01,train,unlabelled_only,,,excluded,unresolved_candidate,dr25_clean_v2,CANDIDATE,CANDIDATE
5790807,K00259.01,train,neg_only,0,false_positive,train_eligible,,dr25_clean_v2,FALSE POSITIVE,FALSE POSITIVE
5791705,K08106.01,train,neg_only,0,false_positive,train_eligible,,dr25_clean_v2,FALSE POSITIVE,FALSE POSITIVE
5791986,K00413.01,train,pos_only,1,planet,train_eligible,,dr25_clean_v2,CONFIRMED,CANDIDATE
5791986,K00413.02,train,pos_only,1,planet,train_eligible,,dr25_clean_v2,CONFIRMED,CANDIDATE
5792202,K00841.01,train,mixed,1,planet,train_eligible,,dr25_clean_v2,CONFIRMED,CANDIDATE
5792202,K00841.02,train,mixed,1,planet,train_eligible,,dr25_clean_v2,CONFIRMED,CANDIDATE
5792202,K00841.03,train,mixed,1,planet,train_eligible,,dr25_clean_v2,CONFIRMED,CANDIDATE
5792202,K00841.04,train,mixed,0,false_positive,train_eligible,,dr25_clean_v2,FALSE POSITIVE,FALSE POSITIVE
5792202,K00841.05,train,mixed,0,false_positive,train_eligible,,dr25_clean_v2,FALSE POSITIVE,FALSE POSITIVE
5794240,K00254.01,train,pos_only,1,planet,train_eligible,,dr25_clean_v2,CONFIRMED,CANDIDATE
5794379,K00842.01,train,pos_only,1,planet,train_eligible,,dr25_clean_v2,CONFIRMED,CANDIDATE
5794379,K00842.02,train,pos_only,1,planet,train_eligible,,dr25_clean_v2,CONFIRMED,CANDIDATE
5794570,K02675.01,train,pos_only,1,planet,train_eligible,,dr25_clean_v2,CONFIRMED,CANDIDATE
5794570,K02675.02,train,pos_only,1,planet,train_eligible,,dr25_clean_v2,CONFIRMED,CANDIDATE
5795648,K06016.01,train,unlabelled_only,,,excluded,unresolved_candidate,dr25_clean_v2,CANDIDATE,CANDIDATE
5796185,K03369.01,train,neg_only,0,false_positive,train_eligible,,dr25_clean_v2,FALSE POSITIVE,FALSE POSITIVE
5796186,K00651.01,train,neg_only,0,false_positive,train_eligible,,dr25_clean_v2,FALSE POSITIVE,FALSE POSITIVE
5796675,K00652.01,train,pos_only,1,planet,train_eligible,,dr25_clean_v2,CONFIRMED,CANDIDATE
5802205,K08107.01,train,unlabelled_only,,,excluded,unresolved_candidate,dr25_clean_v2,CANDIDATE,CANDIDATE
5802246,K01044.01,train,neg_only,0,false_positive,train_eligible,,dr25_clean_v2,FALSE POSITIVE,FALSE POSITIVE
5802285,K06627.01,train,neg_only,0,false_positive,train_eligible,,dr25_clean_v2,FALSE POSITIVE,FALSE POSITIVE
5802292,K04767.01,train,neg_only,0,false_positive,train_eligible,,dr25_clean_v2,FALSE POSITIVE,FALSE POSITIVE
5802470,K06628.01,train,neg_only,0,false_positive,train_eligible,,dr25_clean_v2,FALSE POSITIVE,FALSE POSITIVE
5802486,K01039.01,train,neg_only,0,false_positive,train_eligible,,dr25_clean_v2,FALSE POSITIVE,FALSE POSITIVE
5802637,K04398.01,train,unlabelled_only,,,excluded,unresolved_candidate,dr25_clean_v2,CANDIDATE,CANDIDATE
5807579,K06629.01,train,neg_only,0,false_positive,train_eligible,,dr25_clean_v2,FALSE POSITIVE,FALSE POSITIVE
5809372,K06630.01,train,unlabelled_only,,,excluded,unresolved_candidate,dr25_clean_v2,CANDIDATE,CANDIDATE
5809890,K01050.01,train,pos_only,1,planet,train_eligible,,dr25_clean_v2,CONFIRMED,CANDIDATE
5809890,K01050.02,train,pos_only,1,planet,train_eligible,,dr25_clean_v2,CONFIRMED,CANDIDATE
5809954,K01902.01,train,neg_only,0,false_positive,train_eligible,,dr25_clean_v2,FALSE POSITIVE,FALSE POSITIVE
5812701,K00012.01,train,pos_only,1,planet,train_eligible,,dr25_clean_v2,CONFIRMED,CANDIDATE
5812960,K00507.01,train,pos_only,1,planet,train_eligible,,dr25_clean_v2,CONFIRMED,CANDIDATE
5814013,K04865.01,train,neg_only,0,false_positive,train_eligible,,dr25_clean_v2,FALSE POSITIVE,FALSE POSITIVE
5814635,K06136.01,train,neg_only,0,false_positive,train_eligible,,dr25_clean_v2,FALSE POSITIVE,FALSE POSITIVE
5816144,K06137.01,train,neg_only,,,excluded,unresolved_candidate,dr25_clean_v2,CANDIDATE,CANDIDATE
5816144,K06137.02,train,neg_only,0,false_positive,train_eligible,,dr25_clean_v2,FALSE POSITIVE,FALSE POSITIVE
5816165,K01043.01,train,neg_only,0,false_positive,train_eligible,,dr25_clean_v2,FALSE POSITIVE,FALSE POSITIVE
5816806,K03645.01,train,neg_only,0,false_positive,train_eligible,,dr25_clean_v2,FALSE POSITIVE,FALSE POSITIVE
5817533,K04293.01,train,neg_only,0,false_positive,train_eligible,,dr25_clean_v2,FALSE POSITIVE,FALSE POSITIVE
5817553,K01040.01,train,neg_only,0,false_positive,train_eligible,,dr25_clean_v2,FALSE POSITIVE,FALSE POSITIVE
5817566,K06138.01,train,neg_only,0,false_positive,train_eligible,,dr25_clean_v2,FALSE POSITIVE,FALSE POSITIVE
5817613,K04256.01,train,neg_only,0,false_positive,train_eligible,,dr25_clean_v2,FALSE POSITIVE,FALSE POSITIVE
5817685,K04652.01,train,neg_only,0,false_positive,train_eligible,,dr25_clean_v2,FALSE POSITIVE,FALSE POSITIVE
5817712,K05204.01,train,neg_only,0,false_positive,train_eligible,,dr25_clean_v2,FALSE POSITIVE,FALSE POSITIVE
5817957,K07742.01,train,neg_only,0,false_positive,train_eligible,,dr25_clean_v2,FALSE POSITIVE,FALSE POSITIVE
5817986,K02897.01,train,neg_only,0,false_positive,train_eligible,,dr25_clean_v2,FALSE POSITIVE,FALSE POSITIVE
5818068,K03332.01,train,neg_only,0,false_positive,train_eligible,,dr25_clean_v2,FALSE POSITIVE,FALSE POSITIVE
5823557,K07743.01,train,neg_only,0,false_positive,train_eligible,,dr25_clean_v2,FALSE POSITIVE,FALSE POSITIVE
5856571,K01839.01,train,pos_only,1,planet,train_eligible,,dr25_clean_v2,CONFIRMED,CANDIDATE
5856571,K01839.02,train,pos_only,,,excluded,unresolved_candidate,dr25_clean_v2,CANDIDATE,CANDIDATE
5858519,K05206.01,train,neg_only,0,false_positive,train_eligible,,dr25_clean_v2,FALSE POSITIVE,FALSE POSITIVE
5858919,K08109.01,train,unlabelled_only,,,excluded,unresolved_candidate,dr25_clean_v2,CANDIDATE,CANDIDATE
5860347,K06631.01,train,unlabelled_only,,,excluded,unresolved_candidate,dr25_clean_v2,CANDIDATE,CANDIDATE
5860968,K04384.01,train,pos_only,1,planet,train_eligible,,dr25_clean_v2,CONFIRMED,CANDIDATE
5864975,K01787.01,train,pos_only,1,planet,train_eligible,,dr25_clean_v2,CONFIRMED,CANDIDATE
5865654,K03071.01,train,pos_only,1,planet,train_eligible,,dr25_clean_v2,CONFIRMED,CANDIDATE
5868793,K04290.01,train,pos_only,1,planet,train_eligible,,dr25_clean_v2,CONFIRMED,CANDIDATE
5871985,K02703.01,train,pos_only,1,planet,train_eligible,,dr25_clean_v2,CONFIRMED,CANDIDATE
5872139,K08110.01,train,neg_only,0,false_positive,train_eligible,,dr25_clean_v2,FALSE POSITIVE,FALSE POSITIVE
5872150,K00414.01,train,neg_only,0,false_positive,train_eligible,,dr25_clean_v2,FALSE POSITIVE,FALSE POSITIVE
5872150,K00414.02,train,neg_only,0,false_positive,train_eligible,,dr25_clean_v2,FALSE POSITIVE,FALSE POSITIVE
5876368,K01049.01,train,neg_only,0,false_positive,train_eligible,,dr25_clean_v2,FALSE POSITIVE,FALSE POSITIVE
5877292,K07744.01,train,unlabelled_only,,,excluded,unresolved_candidate,dr25_clean_v2,CANDIDATE,CANDIDATE
5879448,K07745.01,train,neg_only,0,false_positive,train_eligible,,dr25_clean_v2,FALSE POSITIVE,FALSE POSITIVE
5880320,K01060.01,train,pos_only,1,planet,train_eligible,,dr25_clean_v2,CONFIRMED,CANDIDATE
5880320,K01060.02,train,pos_only,1,planet,train_eligible,,dr25_clean_v2,CONFIRMED,CANDIDATE
5880320,K01060.03,train,pos_only,1,planet,train_eligible,,dr25_clean_v2,CONFIRMED,CANDIDATE
5880320,K01060.04,train,pos_only,1,planet,train_eligible,,dr25_clean_v2,CONFIRMED,CANDIDATE
5881120,K04156.01,train,pos_only,1,planet,train_eligible,,dr25_clean_v2,CONFIRMED,CANDIDATE
5893123,K00653.01,train,neg_only,0,false_positive,train_eligible,,dr25_clean_v2,FALSE POSITIVE,FALSE POSITIVE
5894073,K02187.01,train,neg_only,0,false_positive,train_eligible,,dr25_clean_v2,FALSE POSITIVE,FALSE POSITIVE
5894182,K07750.01,train,unlabelled_only,,,excluded,unresolved_candidate,dr25_clean_v2,CANDIDATE,CANDIDATE
5894825,K06633.01,train,neg_only,0,false_positive,train_eligible,,dr25_clean_v2,FALSE POSITIVE,FALSE POSITIVE
5894972,K06634.01,train,neg_only,0,false_positive,train_eligible,,dr25_clean_v2,FALSE POSITIVE,FALSE POSITIVE
5895083,K07751.01,train,neg_only,0,false_positive,train_eligible,,dr25_clean_v2,FALSE POSITIVE,FALSE POSITIVE
5895158,K03935.01,train,pos_only,1,planet,train_eligible,,dr25_clean_v2,CONFIRMED,CANDIDATE
5895588,K03981.01,train,neg_only,0,false_positive,train_eligible,,dr25_clean_v2,FALSE POSITIVE,FALSE POSITIVE
5898983,K03422.01,train,neg_only,0,false_positive,train_eligible,,dr25_clean_v2,FALSE POSITIVE,FALSE POSITIVE
5900390,K04063.01,train,neg_only,0,false_positive,train_eligible,,dr25_clean_v2,FALSE POSITIVE,FALSE POSITIVE
5903301,K03692.01,train,unlabelled_only,,,excluded,unresolved_candidate,dr25_clean_v2,CANDIDATE,CANDIDATE
5903749,K03029.01,train,unlabelled_only,,,excluded,unresolved_candidate,dr25_clean_v2,CANDIDATE,CANDIDATE
5903749,K03029.02,train,unlabelled_only,,,excluded,unresolved_candidate,dr25_clean_v2,CANDIDATE,CANDIDATE
5905728,K05209.01,train,neg_only,0,false_positive,train_eligible,,dr25_clean_v2,FALSE POSITIVE,FALSE POSITIVE
5906426,K02377.01,train,unlabelled_only,,,excluded,unresolved_candidate,dr25_clean_v2,CANDIDATE,CANDIDATE
5906694,K04069.01,train,pos_only,1,planet,train_eligible,,dr25_clean_v2,CONFIRMED,CANDIDATE
5941160,K00654.01,train,pos_only,1,planet,train_eligible,,dr25_clean_v2,CONFIRMED,CANDIDATE
5941160,K00654.02,train,pos_only,1,planet,train_eligible,,dr25_clean_v2,CONFIRMED,CANDIDATE
5942093,K01995.01,train,unlabelled_only,,,excluded,unresolved_candidate,dr25_clean_v2,CANDIDATE,CANDIDATE
5942808,K02250.01,train,pos_only,1,planet,train_eligible,,dr25_clean_v2,CONFIRMED,CANDIDATE
5942808,K02250.02,train,pos_only,1,planet,train_eligible,,dr25_clean_v2,CONFIRMED,CANDIDATE
5952366,K03947.01,train,neg_only,0,false_positive,train_eligible,,dr25_clean_v2,FALSE POSITIVE,FALSE POSITIVE
5952366,K03947.02,train,neg_only,0,false_positive,train_eligible,,dr25_clean_v2,FALSE POSITIVE,FALSE POSITIVE
5952403,K06139.01,train,neg_only,0,false_positive,train_eligible,,dr25_clean_v2,FALSE POSITIVE,FALSE POSITIVE
5952448,K07753.01,train,neg_only,0,false_positive,train_eligible,,dr25_clean_v2,FALSE POSITIVE,FALSE POSITIVE
5952457,K06637.01,train,neg_only,0,false_positive,train_eligible,,dr25_clean_v2,FALSE POSITIVE,FALSE POSITIVE
5953297,K02733.01,train,pos_only,1,planet,train_eligible,,dr25_clean_v2,CONFIRMED,CANDIDATE
5955427,K08112.01,train,neg_only,0,false_positive,train_eligible,,dr25_clean_v2,FALSE POSITIVE,FALSE POSITIVE
5955621,K04624.01,train,neg_only,0,false_positive,train_eligible,,dr25_clean_v2,FALSE POSITIVE,FALSE POSITIVE
5956342,K01052.01,train,pos_only,1,planet,train_eligible,,dr25_clean_v2,CONFIRMED,CANDIDATE
5956342,K01052.02,train,pos_only,1,planet,train_eligible,,dr25_clean_v2,CONFIRMED,CANDIDATE
5956342,K01052.03,train,pos_only,1,planet,train_eligible,,dr25_clean_v2,CONFIRMED,CANDIDATE
5956342,K01052.04,train,pos_only,1,planet,train_eligible,,dr25_clean_v2,CONFIRMED,CANDIDATE
5956354,K04726.01,train,neg_only,0,false_positive,train_eligible,,dr25_clean_v2,FALSE POSITIVE,FALSE POSITIVE
5956776,K03821.01,train,neg_only,0,false_positive,train_eligible,,dr25_clean_v2,FALSE POSITIVE,FALSE POSITIVE
5956787,K02616.01,train,neg_only,0,false_positive,train_eligible,,dr25_clean_v2,FALSE POSITIVE,FALSE POSITIVE
5961350,K06017.01,train,neg_only,0,false_positive,train_eligible,,dr25_clean_v2,FALSE POSITIVE,FALSE POSITIVE
5962514,K06639.01,train,neg_only,0,false_positive,train_eligible,,dr25_clean_v2,FALSE POSITIVE,FALSE POSITIVE
5963222,K01035.01,train,neg_only,0,false_positive,train_eligible,,dr25_clean_v2,FALSE POSITIVE,FALSE POSITIVE
5963582,K02479.01,train,pos_only,1,planet,train_eligible,,dr25_clean_v2,CONFIRMED,CANDIDATE
5965819,K03319.01,train,pos_only,1,planet,train_eligible,,dr25_clean_v2,CONFIRMED,CANDIDATE
5965819,K03319.02,train,pos_only,1,planet,train_eligible,,dr25_clean_v2,CONFIRMED,CANDIDATE
5965819,K03319.03,train,pos_only,1,planet,train_eligible,,dr25_clean_v2,CONFIRMED,CANDIDATE
5966154,K00655.01,train,pos_only,1,planet,train_eligible,,dr25_clean_v2,CONFIRMED,CANDIDATE
5966154,K00655.02,train,pos_only,1,planet,train_eligible,,dr25_clean_v2,CONFIRMED,CANDIDATE
5966732,K06641.01,train,unlabelled_only,,,excluded,unresolved_candidate,dr25_clean_v2,CANDIDATE,CANDIDATE
5972334,K00191.01,train,pos_only,1,planet,train_eligible,,dr25_clean_v2,CONFIRMED,CANDIDATE
5972334,K00191.02,train,pos_only,1,planet,train_eligible,,dr25_clean_v2,CONFIRMED,CANDIDATE
5972334,K00191.03,train,pos_only,,,excluded,unresolved_candidate,dr25_clean_v2,CANDIDATE,CANDIDATE
5972334,K00191.04,train,pos_only,,,excluded,disposition_conflict,dr25_clean_v2,CONFIRMED,FALSE POSITIVE
5977541,K06642.01,train,neg_only,0,false_positive,train_eligible,,dr25_clean_v2,FALSE POSITIVE,FALSE POSITIVE
5978559,K02321.01,train,pos_only,1,planet,train_eligible,,dr25_clean_v2,CONFIRMED,CANDIDATE
5978559,K02321.02,train,pos_only,,,excluded,unresolved_candidate,dr25_clean_v2,CANDIDATE,CANDIDATE
5979863,K06018.01,train,neg_only,0,false_positive,train_eligible,,dr25_clean_v2,FALSE POSITIVE,FALSE POSITIVE
5980061,K04817.01,train,neg_only,0,false_positive,train_eligible,,dr25_clean_v2,FALSE POSITIVE,FALSE POSITIVE
5980354,K05218.01,train,neg_only,0,false_positive,train_eligible,,dr25_clean_v2,FALSE POSITIVE,FALSE POSITIVE
5980783,K02967.01,train,pos_only,1,planet,train_eligible,,dr25_clean_v2,CONFIRMED,CANDIDATE
5981058,K05219.01,train,neg_only,0,false_positive,train_eligible,,dr25_clean_v2,FALSE POSITIVE,FALSE POSITIVE
5982353,K01036.01,train,neg_only,0,false_positive,train_eligible,,dr25_clean_v2,FALSE POSITIVE,FALSE POSITIVE
5982368,K01041.01,train,neg_only,0,false_positive,train_eligible,,dr25_clean_v2,FALSE POSITIVE,FALSE POSITIVE
5983348,K06644.01,train,neg_only,0,false_positive,train_eligible,,dr25_clean_v2,FALSE POSITIVE,FALSE POSITIVE
5985713,K03190.01,train,unlabelled_only,,,excluded,unresolved_candidate,dr25_clean_v2,CANDIDATE,CANDIDATE
5986209,K03476.01,train,neg_only,0,false_positive,train_eligible,,dr25_clean_v2,FALSE POSITIVE,FALSE POSITIVE
5986270,K05220.01,train,unlabelled_only,,,excluded,unresolved_candidate,dr25_clean_v2,CANDIDATE,CANDIDATE
5988031,K01047.01,train,neg_only,0,false_positive,train_eligible,,dr25_clean_v2,FALSE POSITIVE,FALSE POSITIVE
5990753,K06645.01,train,neg_only,0,false_positive,train_eligible,,dr25_clean_v2,FALSE POSITIVE,FALSE POSITIVE
5991070,K07756.01,train,neg_only,0,false_positive,train_eligible,,dr25_clean_v2,FALSE POSITIVE,FALSE POSITIVE
5991765,K04538.01,train,neg_only,0,false_positive,train_eligible,,dr25_clean_v2,FALSE POSITIVE,FALSE POSITIVE
5992270,K01855.01,train,unlabelled_only,,,excluded,unresolved_candidate,dr25_clean_v2,CANDIDATE,CANDIDATE
6019872,K03942.01,train,neg_only,0,false_positive,train_eligible,,dr25_clean_v2,FALSE POSITIVE,FALSE POSITIVE
6020753,K00657.01,train,pos_only,1,planet,train_eligible,,dr25_clean_v2,CONFIRMED,CANDIDATE
6020753,K00657.02,train,pos_only,1,planet,train_eligible,,dr25_clean_v2,CONFIRMED,CANDIDATE
6022556,K00844.01,train,pos_only,1,planet,train_eligible,,dr25_clean_v2,CONFIRMED,CANDIDATE
6023859,K03414.01,train,neg_only,0,false_positive,train_eligible,,dr25_clean_v2,FALSE POSITIVE,FALSE POSITIVE
6025124,K03411.01,train,neg_only,0,false_positive,train_eligible,,dr25_clean_v2,FALSE POSITIVE,FALSE POSITIVE
6026438,K02045.01,train,pos_only,1,planet,train_eligible,,dr25_clean_v2,CONFIRMED,CANDIDATE
6026438,K02045.02,train,pos_only,,,excluded,disposition_conflict,dr25_clean_v2,CONFIRMED,FALSE POSITIVE
6026438,K02045.03,train,pos_only,1,planet,train_eligible,,dr25_clean_v2,CONFIRMED,CANDIDATE
6026737,K02949.01,train,unlabelled_only,,,excluded,unresolved_candidate,dr25_clean_v2,CANDIDATE,CANDIDATE
6026737,K02949.02,train,unlabelled_only,,,excluded,unresolved_candidate,dr25_clean_v2,CANDIDATE,CANDIDATE
6026924,K04276.01,train,pos_only,1,planet,train_eligible,,dr25_clean_v2,CONFIRMED,CANDIDATE
6028860,K02950.01,train,neg_only,0,false_positive,train_eligible,,dr25_clean_v2,FALSE POSITIVE,FALSE POSITIVE
6029239,K00304.01,train,pos_only,1,planet,train_eligible,,dr25_clean_v2,CONFIRMED,CANDIDATE
6029239,K00304.02,train,pos_only,,,excluded,unresolved_candidate,dr25_clean_v2,CANDIDATE,CANDIDATE
6032497,K00845.01,train,pos_only,1,planet,train_eligible,,dr25_clean_v2,CONFIRMED,CANDIDATE
6034945,K01683.01,train,pos_only,1,planet,train_eligible,,dr25_clean_v2,CONFIRMED,CANDIDATE
6035124,K02071.01,train,pos_only,1,planet,train_eligible,,dr25_clean_v2,CONFIRMED,CANDIDATE
6037187,K01061.01,train,pos_only,1,planet,train_eligible,,dr25_clean_v2,CONFIRMED,CANDIDATE
6037581,K01916.01,train,pos_only,1,planet,train_eligible,,dr25_clean_v2,CONFIRMED,CANDIDATE
6037581,K01916.02,train,pos_only,1,planet,train_eligible,,dr25_clean_v2,CONFIRMED,CANDIDATE
6037581,K01916.03,train,pos_only,1,planet,train_eligible,,dr25_clean_v2,CONFIRMED,CANDIDATE
6041511,K06649.01,train,neg_only,0,false_positive,train_eligible,,dr25_clean_v2,FALSE POSITIVE,FALSE POSITIVE
6041734,K02167.01,train,pos_only,1,planet,train_eligible,,dr25_clean_v2,CONFIRMED,CANDIDATE
6041734,K02167.03,train,pos_only,1,planet,train_eligible,,dr25_clean_v2,CONFIRMED,CANDIDATE
6042031,K04165.01,train,neg_only,0,false_positive,train_eligible,,dr25_clean_v2,FALSE POSITIVE,FALSE POSITIVE
6042116,K06650.01,train,neg_only,0,false_positive,train_eligible,,dr25_clean_v2,FALSE POSITIVE,FALSE POSITIVE
6042214,K00450.01,train,neg_only,0,false_positive,train_eligible,,dr25_clean_v2,FALSE POSITIVE,FALSE POSITIVE
6042663,K06651.01,train,neg_only,0,false_positive,train_eligible,,dr25_clean_v2,FALSE POSITIVE,FALSE POSITIVE
6043562,K04764.01,train,unlabelled_only,,,excluded,unresolved_candidate,dr25_clean_v2,CANDIDATE,CANDIDATE
6043574,K08114.01,train,neg_only,0,false_positive,train_eligible,,dr25_clean_v2,FALSE POSITIVE,FALSE POSITIVE
6044064,K06652.01,train,neg_only,0,false_positive,train_eligible,,dr25_clean_v2,FALSE POSITIVE,FALSE POSITIVE
6044553,K02646.01,train,neg_only,0,false_positive,train_eligible,,dr25_clean_v2,FALSE POSITIVE,FALSE POSITIVE
6046311,K06654.01,train,neg_only,0,false_positive,train_eligible,,dr25_clean_v2,FALSE POSITIVE,FALSE POSITIVE
6046540,K00200.01,train,pos_only,1,planet,train_eligible,,dr25_clean_v2,CONFIRMED,CANDIDATE
6047072,K02100.01,train,pos_only,1,planet,train_eligible,,dr25_clean_v2,CONFIRMED,CANDIDATE
6048024,K01684.01,train,neg_only,0,false_positive,train_eligible,,dr25_clean_v2,FALSE POSITIVE,FALSE POSITIVE
6048106,K06655.01,train,neg_only,0,false_positive,train_eligible,,dr25_clean_v2,FALSE POSITIVE,FALSE POSITIVE
6048255,K06656.01,train,neg_only,0,false_positive,train_eligible,,dr25_clean_v2,FALSE POSITIVE,FALSE POSITIVE
6049190,K01685.01,train,pos_only,1,planet,train_eligible,,dr25_clean_v2,CONFIRMED,CANDIDATE
6049470,K08115.01,train,neg_only,0,false_positive,train_eligible,,dr25_clean_v2,FALSE POSITIVE,FALSE POSITIVE
6056992,K00051.01,train,neg_only,0,false_positive,train_eligible,,dr25_clean_v2,FALSE POSITIVE,FALSE POSITIVE
6057750,K06657.01,train,neg_only,0,false_positive,train_eligible,,dr25_clean_v2,FALSE POSITIVE,FALSE POSITIVE
6058614,K01799.01,train,neg_only,0,false_positive,train_eligible,,dr25_clean_v2,FALSE POSITIVE,FALSE POSITIVE
6058816,K03500.01,train,pos_only,1,planet,train_eligible,,dr25_clean_v2,CONFIRMED,CANDIDATE
6058816,K03500.02,train,pos_only,,,excluded,unresolved_candidate,dr25_clean_v2,CANDIDATE,CANDIDATE
6058896,K05233.01,train,neg_only,0,false_positive,train_eligible,,dr25_clean_v2,FALSE POSITIVE,FALSE POSITIVE
6061119,K00846.01,train,pos_only,1,planet,train_eligible,,dr25_clean_v2,CONFIRMED,CANDIDATE
6061773,K02001.01,train,pos_only,1,planet,train_eligible,,dr25_clean_v2,CONFIRMED,CANDIDATE
6062088,K00658.01,train,pos_only,1,planet,train_eligible,,dr25_clean_v2,CONFIRMED,CANDIDATE
6062088,K00658.02,train,pos_only,1,planet,train_eligible,,dr25_clean_v2,CONFIRMED,CANDIDATE
6062088,K00658.03,train,pos_only,1,planet,train_eligible,,dr25_clean_v2,CONFIRMED,CANDIDATE
6063220,K00305.01,train,pos_only,1,planet,train_eligible,,dr25_clean_v2,CONFIRMED,CANDIDATE
6063448,K06659.01,train,neg_only,0,false_positive,train_eligible,,dr25_clean_v2,FALSE POSITIVE,FALSE POSITIVE
6066379,K03649.01,train,neg_only,0,false_positive,train_eligible,,dr25_clean_v2,FALSE POSITIVE,FALSE POSITIVE
6066403,K01045.01,train,neg_only,0,false_positive,train_eligible,,dr25_clean_v2,FALSE POSITIVE,FALSE POSITIVE
6066416,K01057.01,train,neg_only,0,false_positive,train_eligible,,dr25_clean_v2,FALSE POSITIVE,FALSE POSITIVE
6067545,K05236.01,train,neg_only,0,false_positive,train_eligible,,dr25_clean_v2,FALSE POSITIVE,FALSE POSITIVE
6070337,K04632.01,train,unlabelled_only,,,excluded,unresolved_candidate,dr25_clean_v2,CANDIDATE,CANDIDATE
6072593,K03070.01,train,neg_only,0,false_positive,train_eligible,,dr25_clean_v2,FALSE POSITIVE,FALSE POSITIVE
6103049,K06662.01,train,neg_only,0,false_positive,train_eligible,,dr25_clean_v2,FALSE POSITIVE,FALSE POSITIVE
6105359,K08116.01,train,neg_only,0,false_positive,train_eligible,,dr25_clean_v2,FALSE POSITIVE,FALSE POSITIVE
6105462,K02098.01,train,pos_only,1,planet,train_eligible,,dr25_clean_v2,CONFIRMED,CANDIDATE
6105462,K02098.02,train,pos_only,1,planet,train_eligible,,dr25_clean_v2,CONFIRMED,CANDIDATE
6106046,K07762.01,train,unlabelled_only,,,excluded,unresolved_candidate,dr25_clean_v2,CANDIDATE,CANDIDATE
6109688,K06663.01,train,neg_only,0,false_positive,train_eligible,,dr25_clean_v2,FALSE POSITIVE,FALSE POSITIVE
6111011,K06664.01,train,neg_only,0,false_positive,train_eligible,,dr25_clean_v2,FALSE POSITIVE,FALSE POSITIVE
6113752,K07763.01,train,neg_only,0,false_positive,train_eligible,,dr25_clean_v2,FALSE POSITIVE,FALSE POSITIVE
6114140,K08117.01,train,neg_only,0,false_positive,train_eligible,,dr25_clean_v2,FALSE POSITIVE,FALSE POSITIVE
6115516,K03134.01,train,neg_only,0,false_positive,train_eligible,,dr25_clean_v2,FALSE POSITIVE,FALSE POSITIVE
6117415,K06019.01,train,neg_only,0,false_positive,train_eligible,,dr25_clean_v2,FALSE POSITIVE,FALSE POSITIVE
6119141,K02343.01,train,neg_only,0,false_positive,train_eligible,,dr25_clean_v2,FALSE POSITIVE,FALSE POSITIVE
6119605,K08118.01,train,neg_only,0,false_positive,train_eligible,,dr25_clean_v2,FALSE POSITIVE,FALSE POSITIVE
6124137,K07764.01,train,unlabelled_only,,,excluded,unresolved_candidate,dr25_clean_v2,CANDIDATE,CANDIDATE
6124512,K02627.01,train,pos_only,1,planet,train_eligible,,dr25_clean_v2,CONFIRMED,CANDIDATE
6125481,K00659.01,train,pos_only,1,planet,train_eligible,,dr25_clean_v2,CONFIRMED,CANDIDATE
6126076,K04553.01,train,neg_only,0,false_positive,train_eligible,,dr25_clean_v2,FALSE POSITIVE,FALSE POSITIVE
6128027,K06020.01,train,neg_only,0,false_positive,train_eligible,,dr25_clean_v2,FALSE POSITIVE,FALSE POSITIVE
6128245,K06666.01,train,unlabelled_only,,,excluded,unresolved_candidate,dr25_clean_v2,CANDIDATE,CANDIDATE
6131130,K03307.01,train,unlabelled_only,,,excluded,unresolved_candidate,dr25_clean_v2,CANDIDATE,CANDIDATE
6131236,K01051.01,train,pos_only,1,planet,train_eligible,,dr25_clean_v2,CONFIRMED,CANDIDATE
6131659,K06667.01,train,neg_only,0,false_positive,train_eligible,,dr25_clean_v2,FALSE POSITIVE,FALSE POSITIVE
6139220,K05241.01,train,neg_only,0,false_positive,train_eligible,,dr25_clean_v2,FALSE POSITIVE,FALSE POSITIVE
6142862,K02336.01,train,neg_only,0,false_positive,train_eligible,,dr25_clean_v2,FALSE POSITIVE,FALSE POSITIVE
6144039,K04602.01,train,unlabelled_only,,,excluded,unresolved_candidate,dr25_clean_v2,CANDIDATE,CANDIDATE
6146838,K06668.01,train,neg_only,0,false_positive,train_eligible,,dr25_clean_v2,FALSE POSITIVE,FALSE POSITIVE
6147122,K01062.01,train,neg_only,0,false_positive,train_eligible,,dr25_clean_v2,FALSE POSITIVE,FALSE POSITIVE
6148271,K03812.01,train,neg_only,0,false_positive,train_eligible,,dr25_clean_v2,FALSE POSITIVE,FALSE POSITIVE
6149910,K02469.01,train,pos_only,1,planet,train_eligible,,dr25_clean_v2,CONFIRMED,CANDIDATE
6152521,K06670.01,train,neg_only,0,false_positive,train_eligible,,dr25_clean_v2,FALSE POSITIVE,FALSE POSITIVE
6153407,K03179.01,train,pos_only,1,planet,train_eligible,,dr25_clean_v2,CONFIRMED,CANDIDATE
6153672,K01794.01,train,neg_only,0,false_positive,train_eligible,,dr25_clean_v2,FALSE POSITIVE,FALSE POSITIVE
6182019,K06023.01,train,neg_only,0,false_positive,train_eligible,,dr25_clean_v2,FALSE POSITIVE,FALSE POSITIVE
6182508,K08261.01,train,neg_only,0,false_positive,train_eligible,,dr25_clean_v2,FALSE POSITIVE,FALSE POSITIVE
6182849,K03512.01,train,neg_only,0,false_positive,train_eligible,,dr25_clean_v2,FALSE POSITIVE,FALSE POSITIVE
6185331,K01727.01,train,pos_only,1,planet,train_eligible,,dr25_clean_v2,CONFIRMED,CANDIDATE
6185496,K02858.01,train,neg_only,0,false_positive,train_eligible,,dr25_clean_v2,FALSE POSITIVE,FALSE POSITIVE
6185717,K06671.01,train,neg_only,0,false_positive,train_eligible,,dr25_clean_v2,FALSE POSITIVE,FALSE POSITIVE
6186964,K02839.01,train,pos_only,1,planet,train_eligible,,dr25_clean_v2,CONFIRMED,CANDIDATE
6187508,K06672.01,train,unlabelled_only,,,excluded,unresolved_candidate,dr25_clean_v2,CANDIDATE,CANDIDATE
6187888,K07768.01,train,neg_only,0,false_positive,train_eligible,,dr25_clean_v2,FALSE POSITIVE,FALSE POSITIVE
6190535,K07769.01,train,neg_only,0,false_positive,train_eligible,,dr25_clean_v2,FALSE POSITIVE,FALSE POSITIVE
6196457,K00285.01,train,pos_only,1,planet,train_eligible,,dr25_clean_v2,CONFIRMED,CANDIDATE
6196457,K00285.02,train,pos_only,1,planet,train_eligible,,dr25_clean_v2,CONFIRMED,CANDIDATE
6196457,K00285.03,train,pos_only,,,excluded,disposition_conflict,dr25_clean_v2,CONFIRMED,FALSE POSITIVE
6197038,K06144.01,train,neg_only,0,false_positive,train_eligible,,dr25_clean_v2,FALSE POSITIVE,FALSE POSITIVE
6197215,K02829.01,train,pos_only,1,planet,train_eligible,,dr25_clean_v2,CONFIRMED,CANDIDATE
6198182,K02636.01,train,pos_only,1,planet,train_eligible,,dr25_clean_v2,CONFIRMED,CANDIDATE
6198256,K07770.01,train,neg_only,0,false_positive,train_eligible,,dr25_clean_v2,FALSE POSITIVE,FALSE POSITIVE
6199056,K02398.01,train,unlabelled_only,,,excluded,unresolved_candidate,dr25_clean_v2,CANDIDATE,CANDIDATE
6199702,K02211.01,train,neg_only,0,false_positive,train_eligible,,dr25_clean_v2,FALSE POSITIVE,FALSE POSITIVE
6199716,K07771.01,train,neg_only,0,false_positive,train_eligible,,dr25_clean_v2,FALSE POSITIVE,FALSE POSITIVE
6200235,K02350.01,train,pos_only,1,planet,train_eligible,,dr25_clean_v2,CONFIRMED,CANDIDATE
6200709,K03694.01,train,neg_only,0,false_positive,train_eligible,,dr25_clean_v2,FALSE POSITIVE,FALSE POSITIVE
6200715,K00451.01,train,neg_only,0,false_positive,train_eligible,,dr25_clean_v2,FALSE POSITIVE,FALSE POSITIVE
6200810,K03397.01,train,unlabelled_only,,,excluded,unresolved_candidate,dr25_clean_v2,CANDIDATE,CANDIDATE
6205228,K01882.01,train,pos_only,1,planet,train_eligible,,dr25_clean_v2,CONFIRMED,CANDIDATE
6205384,K05250.01,train,neg_only,0,false_positive,train_eligible,,dr25_clean_v2,FALSE POSITIVE,FALSE POSITIVE
6205405,K05251.01,train,neg_only,0,false_positive,train_eligible,,dr25_clean_v2,FALSE POSITIVE,FALSE POSITIVE
6205460,K06673.01,train,neg_only,0,false_positive,train_eligible,,dr25_clean_v2,FALSE POSITIVE,FALSE POSITIVE
6205468,K01037.01,train,neg_only,0,false_positive,train_eligible,,dr25_clean_v2,FALSE POSITIVE,FALSE POSITIVE
6205566,K07772.01,train,neg_only,0,false_positive,train_eligible,,dr25_clean_v2,FALSE POSITIVE,FALSE POSITIVE
6205897,K01967.01,train,pos_only,1,planet,train_eligible,,dr25_clean_v2,CONFIRMED,CANDIDATE
6206214,K02252.01,train,pos_only,1,planet,train_eligible,,dr25_clean_v2,CONFIRMED,CANDIDATE
6206470,K05252.01,train,neg_only,0,false_positive,train_eligible,,dr25_clean_v2,FALSE POSITIVE,FALSE POSITIVE
6206559,K03240.01,train,neg_only,0,false_positive,train_eligible,,dr25_clean_v2,FALSE POSITIVE,FALSE POSITIVE
6206751,K06674.01,train,neg_only,0,false_positive,train_eligible,,dr25_clean_v2,FALSE POSITIVE,FALSE POSITIVE
6209347,K06025.01,train,neg_only,0,false_positive,train_eligible,,dr25_clean_v2,FALSE POSITIVE,FALSE POSITIVE
6209677,K01750.01,train,pos_only,1,planet,train_eligible,,dr25_clean_v2,CONFIRMED,CANDIDATE
6209677,K01750.02,train,pos_only,,,excluded,unresolved_candidate,dr25_clean_v2,CANDIDATE,CANDIDATE
6209798,K02196.01,train,neg_only,0,false_positive,train_eligible,,dr25_clean_v2,FALSE POSITIVE,FALSE POSITIVE
6211812,K02638.01,train,pos_only,1,planet,train_eligible,,dr25_clean_v2,CONFIRMED,CANDIDATE
6220312,K04793.01,train,unlabelled_only,,,excluded,unresolved_candidate,dr25_clean_v2,CANDIDATE,CANDIDATE
6220470,K06677.01,train,neg_only,0,false_positive,train_eligible,,dr25_clean_v2,FALSE POSITIVE,FALSE POSITIVE
6221385,K06145.01,train,pos_only,1,planet,train_eligible,,dr25_clean_v2,CONFIRMED,CANDIDATE
6221385,K06145.02,train,pos_only,1,planet,train_eligible,,dr25_clean_v2,CONFIRMED,CANDIDATE
6221385,K06145.03,train,pos_only,,,excluded,unresolved_candidate,dr25_clean_v2,CANDIDATE,CANDIDATE
6223324,K04274.01,train,unlabelled_only,,,excluded,unresolved_candidate,dr25_clean_v2,CANDIDATE,CANDIDATE
6226908,K04068.01,train,unlabelled_only,,,excluded,disposition_conflict,dr25_clean_v2,CONFIRMED,FALSE POSITIVE
6230649,K08119.01,train,neg_only,0,false_positive,train_eligible,,dr25_clean_v2,FALSE POSITIVE,FALSE POSITIVE
6231401,K06679.01,train,neg_only,0,false_positive,train_eligible,,dr25_clean_v2,FALSE POSITIVE,FALSE POSITIVE
6233466,K03552.01,train,neg_only,0,false_positive,train_eligible,,dr25_clean_v2,FALSE POSITIVE,FALSE POSITIVE
6233483,K03291.01,train,neg_only,0,false_positive,train_eligible,,dr25_clean_v2,FALSE POSITIVE,FALSE POSITIVE
6233573,K02725.01,train,neg_only,0,false_positive,train_eligible,,dr25_clean_v2,FALSE POSITIVE,FALSE POSITIVE
6263593,K03049.01,train,pos_only,1,planet,train_eligible,,dr25_clean_v2,CONFIRMED,CANDIDATE
6264750,K04715.01,train,unlabelled_only,,,excluded,unresolved_candidate,dr25_clean_v2,CANDIDATE,CANDIDATE
6265665,K03436.01,train,pos_only,1,planet,train_eligible,,dr25_clean_v2,CONFIRMED,CANDIDATE
6265792,K02753.01,train,pos_only,1,planet,train_eligible,,dr25_clean_v2,CONFIRMED,CANDIDATE
6265961,K06680.01,train,unlabelled_only,,,excluded,unresolved_candidate,dr25_clean_v2,CANDIDATE,CANDIDATE
6267425,K00848.01,train,neg_only,0,false_positive,train_eligible,,dr25_clean_v2,FALSE POSITIVE,FALSE POSITIVE
6267535,K00660.01,train,pos_only,1,planet,train_eligible,,dr25_clean_v2,CONFIRMED,CANDIDATE
6268648,K01613.01,train,pos_only,1,planet,train_eligible,,dr25_clean_v2,CONFIRMED,CANDIDATE
6268648,K01613.02,train,pos_only,,,excluded,unresolved_candidate,dr25_clean_v2,CANDIDATE,CANDIDATE
6268648,K01613.03,train,pos_only,,,excluded,unresolved_candidate,dr25_clean_v2,CANDIDATE,CANDIDATE
6268722,K06026.01,train,neg_only,0,false_positive,train_eligible,,dr25_clean_v2,FALSE POSITIVE,FALSE POSITIVE
6276994,K04095.01,train,neg_only,0,false_positive,train_eligible,,dr25_clean_v2,FALSE POSITIVE,FALSE POSITIVE
6277410,K07774.01,train,unlabelled_only,,,excluded,unresolved_candidate,dr25_clean_v2,CANDIDATE,CANDIDATE
6277594,K05255.01,train,neg_only,0,false_positive,train_eligible,,dr25_clean_v2,FALSE POSITIVE,FALSE POSITIVE
6278762,K03158.01,train,pos_only,1,planet,train_eligible,,dr25_clean_v2,CONFIRMED,CANDIDATE
6278762,K03158.02,train,pos_only,1,planet,train_eligible,,dr25_clean_v2,CONFIRMED,CANDIDATE
6278762,K03158.03,train,pos_only,1,planet,train_eligible,,dr25_clean_v2,CONFIRMED,CANDIDATE
6278762,K03158.04,train,pos_only,1,planet,train_eligible,,dr25_clean_v2,CONFIRMED,CANDIDATE
6278762,K03158.05,train,pos_only,1,planet,train_eligible,,dr25_clean_v2,CONFIRMED,CANDIDATE
6279974,K01812.01,train,neg_only,0,false_positive,train_eligible,,dr25_clean_v2,FALSE POSITIVE,FALSE POSITIVE
6283224,K06682.01,train,neg_only,0,false_positive,train_eligible,,dr25_clean_v2,FALSE POSITIVE,FALSE POSITIVE
6285094,K06683.01,train,neg_only,0,false_positive,train_eligible,,dr25_clean_v2,FALSE POSITIVE,FALSE POSITIVE
6285397,K06685.01,train,neg_only,0,false_positive,train_eligible,,dr25_clean_v2,FALSE POSITIVE,FALSE POSITIVE
6286155,K03803.01,train,neg_only,0,false_positive,train_eligible,,dr25_clean_v2,FALSE POSITIVE,FALSE POSITIVE
6286633,K08120.01,train,neg_only,0,false_positive,train_eligible,,dr25_clean_v2,FALSE POSITIVE,FALSE POSITIVE
6287313,K02221.01,train,pos_only,1,planet,train_eligible,,dr25_clean_v2,CONFIRMED,CANDIDATE
6289344,K04319.01,train,neg_only,0,false_positive,train_eligible,,dr25_clean_v2,FALSE POSITIVE,FALSE POSITIVE
6289897,K05260.01,train,neg_only,0,false_positive,train_eligible,,dr25_clean_v2,FALSE POSITIVE,FALSE POSITIVE
6290382,K03869.01,train,neg_only,0,false_positive,train_eligible,,dr25_clean_v2,FALSE POSITIVE,FALSE POSITIVE
6290935,K04302.01,train,unlabelled_only,,,excluded,unresolved_candidate,dr25_clean_v2,CANDIDATE,CANDIDATE
6291033,K00452.01,train,pos_only,1,planet,train_eligible,,dr25_clean_v2,CONFIRMED,CANDIDATE
6291653,K00850.01,train,pos_only,1,planet,train_eligible,,dr25_clean_v2,CONFIRMED,CANDIDATE
6291837,K00308.01,train,pos_only,1,planet,train_eligible,,dr25_clean_v2,CONFIRMED,CANDIDATE
6294819,K02852.01,train,pos_only,1,planet,train_eligible,,dr25_clean_v2,CONFIRMED,CANDIDATE
6300348,K00212.01,train,unlabelled_only,,,excluded,unresolved_candidate,dr25_clean_v2,CANDIDATE,CANDIDATE
6301030,K06027.01,train,neg_only,0,false_positive,train_eligible,,dr25_clean_v2,FALSE POSITIVE,FALSE POSITIVE
6301035,K01124.01,train,neg_only,0,false_positive,train_eligible,,dr25_clean_v2,FALSE POSITIVE,FALSE POSITIVE
6307000,K06687.01,train,unlabelled_only,,,excluded,unresolved_candidate,dr25_clean_v2,CANDIDATE,CANDIDATE
6307062,K03153.01,train,neg_only,0,false_positive,train_eligible,,dr25_clean_v2,FALSE POSITIVE,FALSE POSITIVE
6307063,K02702.01,train,neg_only,0,false_positive,train_eligible,,dr25_clean_v2,FALSE POSITIVE,FALSE POSITIVE
6307521,K01126.01,train,neg_only,0,false_positive,train_eligible,,dr25_clean_v2,FALSE POSITIVE,FALSE POSITIVE
6307521,K01126.02,train,neg_only,0,false_positive,train_eligible,,dr25_clean_v2,FALSE POSITIVE,FALSE POSITIVE
6307537,K01120.01,train,neg_only,0,false_positive,train_eligible,,dr25_clean_v2,FALSE POSITIVE,FALSE POSITIVE
6309264,K03387.01,train,neg_only,0,false_positive,train_eligible,,dr25_clean_v2,FALSE POSITIVE,FALSE POSITIVE
6309763,K00611.01,train,unlabelled_only,,,excluded,unresolved_candidate,dr25_clean_v2,CANDIDATE,CANDIDATE
6311520,K04115.01,train,neg_only,0,false_positive,train_eligible,,dr25_clean_v2,FALSE POSITIVE,FALSE POSITIVE
6311637,K06688.01,train,neg_only,0,false_positive,train_eligible,,dr25_clean_v2,FALSE POSITIVE,FALSE POSITIVE
6311681,K01122.01,train,neg_only,0,false_positive,train_eligible,,dr25_clean_v2,FALSE POSITIVE,FALSE POSITIVE
6311891,K04627.01,train,unlabelled_only,,,excluded,unresolved_candidate,dr25_clean_v2,CANDIDATE,CANDIDATE
6312314,K01625.01,train,neg_only,0,false_positive,train_eligible,,dr25_clean_v2,FALSE POSITIVE,FALSE POSITIVE
6312521,K03656.01,train,neg_only,0,false_positive,train_eligible,,dr25_clean_v2,FALSE POSITIVE,FALSE POSITIVE
6314173,K03708.01,train,neg_only,0,false_positive,train_eligible,,dr25_clean_v2,FALSE POSITIVE,FALSE POSITIVE
6314185,K03752.01,train,neg_only,0,false_positive,train_eligible,,dr25_clean_v2,FALSE POSITIVE,FALSE POSITIVE
6343170,K02419.01,train,pos_only,1,planet,train_eligible,,dr25_clean_v2,CONFIRMED,CANDIDATE
6345732,K02857.01,train,pos_only,1,planet,train_eligible,,dr25_clean_v2,CONFIRMED,CANDIDATE
6345732,K02857.02,train,pos_only,1,planet,train_eligible,,dr25_clean_v2,CONFIRMED,CANDIDATE
6346809,K02775.01,train,unlabelled_only,,,excluded,unresolved_candidate,dr25_clean_v2,CANDIDATE,CANDIDATE
6347299,K00661.01,train,pos_only,1,planet,train_eligible,,dr25_clean_v2,CONFIRMED,CANDIDATE
6347299,K00661.02,train,pos_only,1,planet,train_eligible,,dr25_clean_v2,CONFIRMED,CANDIDATE
6349881,K04121.01,train,pos_only,1,planet,train_eligible,,dr25_clean_v2,CONFIRMED,CANDIDATE
6350476,K02710.01,train,neg_only,0,false_positive,train_eligible,,dr25_clean_v2,FALSE POSITIVE,FALSE POSITIVE
6350882,K04410.01,train,unlabelled_only,,,excluded,unresolved_candidate,dr25_clean_v2,CANDIDATE,CANDIDATE
6351097,K02618.01,train,neg_only,0,false_positive,train_eligible,,dr25_clean_v2,FALSE POSITIVE,FALSE POSITIVE
6356207,K02021.01,train,pos_only,1,planet,train_eligible,,dr25_clean_v2,CONFIRMED,CANDIDATE
6356400,K07776.01,train,unlabelled_only,,,excluded,unresolved_candidate,dr25_clean_v2,CANDIDATE,CANDIDATE
6356506,K08263.01,train,unlabelled_only,,,excluded,unresolved_candidate,dr25_clean_v2,CANDIDATE,CANDIDATE
6356692,K02948.01,train,pos_only,1,planet,train_eligible,,dr25_clean_v2,CONFIRMED,CANDIDATE
6357290,K03040.01,train,unlabelled_only,,,excluded,unresolved_candidate,dr25_clean_v2,CANDIDATE,CANDIDATE
6359320,K01127.01,train,pos_only,1,planet,train_eligible,,dr25_clean_v2,CONFIRMED,CANDIDATE
6359320,K01127.02,train,pos_only,1,planet,train_eligible,,dr25_clean_v2,CONFIRMED,CANDIDATE
6359320,K01127.03,train,pos_only,,,excluded,unresolved_candidate,dr25_clean_v2,CANDIDATE,CANDIDATE
6359798,K01121.01,train,neg_only,0,false_positive,train_eligible,,dr25_clean_v2,FALSE POSITIVE,FALSE POSITIVE
6359802,K03399.01,train,neg_only,0,false_positive,train_eligible,,dr25_clean_v2,FALSE POSITIVE,FALSE POSITIVE
6359926,K04391.01,train,unlabelled_only,,,excluded,unresolved_candidate,dr25_clean_v2,CANDIDATE,CANDIDATE
6362386,K06146.01,train,neg_only,0,false_positive,train_eligible,,dr25_clean_v2,FALSE POSITIVE,FALSE POSITIVE
6364067,K04221.01,train,neg_only,0,false_positive,train_eligible,,dr25_clean_v2,FALSE POSITIVE,FALSE POSITIVE
6364143,K05272.01,train,neg_only,0,false_positive,train_eligible,,dr25_clean_v2,FALSE POSITIVE,FALSE POSITIVE
6364162,K02889.01,train,neg_only,0,false_positive,train_eligible,,dr25_clean_v2,FALSE POSITIVE,FALSE POSITIVE
6364195,K06691.01,train,neg_only,0,false_positive,train_eligible,,dr25_clean_v2,FALSE POSITIVE,FALSE POSITIVE
6364200,K06692.01,train,neg_only,0,false_positive,train_eligible,,dr25_clean_v2,FALSE POSITIVE,FALSE POSITIVE
6364276,K02873.01,train,neg_only,0,false_positive,train_eligible,,dr25_clean_v2,FALSE POSITIVE,FALSE POSITIVE
6364294,K06694.01,train,neg_only,0,false_positive,train_eligible,,dr25_clean_v2,FALSE POSITIVE,FALSE POSITIVE
6364307,K05273.01,train,neg_only,0,false_positive,train_eligible,,dr25_clean_v2,FALSE POSITIVE,FALSE POSITIVE
6364327,K01744.01,train,neg_only,0,false_positive,train_eligible,,dr25_clean_v2,FALSE POSITIVE,FALSE POSITIVE
6364582,K03456.01,train,pos_only,1,planet,train_eligible,,dr25_clean_v2,CONFIRMED,CANDIDATE
6365321,K01123.01,train,neg_only,0,false_positive,train_eligible,,dr25_clean_v2,FALSE POSITIVE,FALSE POSITIVE
6366559,K05274.01,train,neg_only,0,false_positive,train_eligible,,dr25_clean_v2,FALSE POSITIVE,FALSE POSITIVE
6367628,K06696.01,train,neg_only,0,false_positive,train_eligible,,dr25_clean_v2,FALSE POSITIVE,FALSE POSITIVE
6367663,K05275.01,train,neg_only,0,false_positive,train_eligible,,dr25_clean_v2,FALSE POSITIVE,FALSE POSITIVE
6368175,K03503.01,train,pos_only,1,planet,train_eligible,,dr25_clean_v2,CONFIRMED,CANDIDATE
6368230,K03356.01,train,pos_only,1,planet,train_eligible,,dr25_clean_v2,CONFIRMED,CANDIDATE
6368905,K05276.01,train,unlabelled_only,,,excluded,unresolved_candidate,dr25_clean_v2,CANDIDATE,CANDIDATE
6369131,K04554.01,train,unlabelled_only,,,excluded,unresolved_candidate,dr25_clean_v2,CANDIDATE,CANDIDATE
6369845,K07777.01,train,neg_only,0,false_positive,train_eligible,,dr25_clean_v2,FALSE POSITIVE,FALSE POSITIVE
6370120,K02811.01,train,unlabelled_only,,,excluded,unresolved_candidate,dr25_clean_v2,CANDIDATE,CANDIDATE
6372194,K05278.01,train,unlabelled_only,,,excluded,unresolved_candidate,dr25_clean_v2,CANDIDATE,CANDIDATE
6372268,K06698.01,train,neg_only,0,false_positive,train_eligible,,dr25_clean_v2,FALSE POSITIVE,FALSE POSITIVE
6381846,K00509.01,train,pos_only,1,planet,train_eligible,,dr25_clean_v2,CONFIRMED,CANDIDATE
6381846,K00509.02,train,pos_only,1,planet,train_eligible,,dr25_clean_v2,CONFIRMED,CANDIDATE
6381846,K00509.03,train,pos_only,,,excluded,disposition_conflict,dr25_clean_v2,CONFIRMED,FALSE POSITIVE
6382217,K02036.01,train,pos_only,1,planet,train_eligible,,dr25_clean_v2,CONFIRMED,CANDIDATE
6382217,K02036.02,train,pos_only,1,planet,train_eligible,,dr25_clean_v2,CONFIRMED,CANDIDATE
6383785,K00239.01,train,pos_only,1,planet,train_eligible,,dr25_clean_v2,CONFIRMED,CANDIDATE
6383785,K00239.02,train,pos_only,1,planet,train_eligible,,dr25_clean_v2,CONFIRMED,CANDIDATE
6383821,K01238.01,train,pos_only,1,planet,train_eligible,,dr25_clean_v2,CONFIRMED,CANDIDATE
6386784,K06700.01,train,neg_only,0,false_positive,train_eligible,,dr25_clean_v2,FALSE POSITIVE,FALSE POSITIVE
6387450,K01228.01,train,neg_only,0,false_positive,train_eligible,,dr25_clean_v2,FALSE POSITIVE,FALSE POSITIVE
6387542,K01626.01,train,pos_only,1,planet,train_eligible,,dr25_clean_v2,CONFIRMED,CANDIDATE
6387557,K05279.01,train,unlabelled_only,,,excluded,unresolved_candidate,dr25_clean_v2,CANDIDATE,CANDIDATE
6388770,K03035.01,train,neg_only,0,false_positive,train_eligible,,dr25_clean_v2,FALSE POSITIVE,FALSE POSITIVE
6390236,K06701.01,train,neg_only,0,false_positive,train_eligible,,dr25_clean_v2,FALSE POSITIVE,FALSE POSITIVE
6392727,K00851.01,train,pos_only,1,planet,train_eligible,,dr25_clean_v2,CONFIRMED,CANDIDATE
6421188,K06702.01,train,neg_only,0,false_positive,train_eligible,,dr25_clean_v2,FALSE POSITIVE,FALSE POSITIVE
6421483,K06703.01,train,neg_only,0,false_positive,train_eligible,,dr25_clean_v2,FALSE POSITIVE,FALSE POSITIVE
6422070,K00852.01,train,pos_only,1,planet,train_eligible,,dr25_clean_v2,CONFIRMED,CANDIDATE
6423922,K06705.01,train,unlabelled_only,,,excluded,unresolved_candidate,dr25_clean_v2,CANDIDATE,CANDIDATE
6425957,K00663.01,train,pos_only,1,planet,train_eligible,,dr25_clean_v2,CONFIRMED,CANDIDATE
6425957,K00663.02,train,pos_only,1,planet,train_eligible,,dr25_clean_v2,CONFIRMED,CANDIDATE
6426592,K03554.01,train,unlabelled_only,,,excluded,unresolved_candidate,dr25_clean_v2,CANDIDATE,CANDIDATE
6428700,K00853.01,train,pos_only,1,planet,train_eligible,,dr25_clean_v2,CONFIRMED,CANDIDATE
6428700,K00853.02,train,pos_only,1,planet,train_eligible,,dr25_clean_v2,CONFIRMED,CANDIDATE
6428794,K04054.01,train,pos_only,1,planet,train_eligible,,dr25_clean_v2,CONFIRMED,CANDIDATE
6431670,K03534.01,train,neg_only,0,false_positive,train_eligible,,dr25_clean_v2,FALSE POSITIVE,FALSE POSITIVE
6441738,K01246.01,train,unlabelled_only,,,excluded,unresolved_candidate,dr25_clean_v2,CANDIDATE,CANDIDATE
6442246,K06709.01,train,neg_only,0,false_positive,train_eligible,,dr25_clean_v2,FALSE POSITIVE,FALSE POSITIVE
6442340,K00664.01,train,pos_only,1,planet,train_eligible,,dr25_clean_v2,CONFIRMED,CANDIDATE
6442340,K00664.02,train,pos_only,1,planet,train_eligible,,dr25_clean_v2,CONFIRMED,CANDIDATE
6442340,K00664.03,train,pos_only,1,planet,train_eligible,,dr25_clean_v2,CONFIRMED,CANDIDATE
6443093,K05284.01,train,unlabelled_only,,,excluded,unresolved_candidate,dr25_clean_v2,CANDIDATE,CANDIDATE
6443392,K06710.01,train,neg_only,0,false_positive,train_eligible,,dr25_clean_v2,FALSE POSITIVE,FALSE POSITIVE
6444896,K03138.01,train,pos_only,1,planet,train_eligible,,dr25_clean_v2,CONFIRMED,CANDIDATE
6444896,K03138.02,train,pos_only,,,excluded,disposition_conflict,dr25_clean_v2,CONFIRMED,FALSE POSITIVE
6445531,K07779.01,train,neg_only,0,false_positive,train_eligible,,dr25_clean_v2,FALSE POSITIVE,FALSE POSITIVE
6447326,K06711.01,train,neg_only,0,false_positive,train_eligible,,dr25_clean_v2,FALSE POSITIVE,FALSE POSITIVE
6449358,K06147.01,train,neg_only,0,false_positive,train_eligible,,dr25_clean_v2,FALSE POSITIVE,FALSE POSITIVE
6449552,K06714.01,train,neg_only,0,false_positive,train_eligible,,dr25_clean_v2,FALSE POSITIVE,FALSE POSITIVE
6451125,K08121.01,train,neg_only,0,false_positive,train_eligible,,dr25_clean_v2,FALSE POSITIVE,FALSE POSITIVE
6451368,K07780.01,train,unlabelled_only,,,excluded,unresolved_candidate,dr25_clean_v2,CANDIDATE,CANDIDATE
6451936,K00511.01,train,pos_only,1,planet,train_eligible,,dr25_clean_v2,CONFIRMED,CANDIDATE
6451936,K00511.02,train,pos_only,1,planet,train_eligible,,dr25_clean_v2,CONFIRMED,CANDIDATE
6452742,K06715.01,train,unlabelled_only,,,excluded,unresolved_candidate,dr25_clean_v2,CANDIDATE,CANDIDATE
6461850,K03054.01,train,neg_only,0,false_positive,train_eligible,,dr25_clean_v2,FALSE POSITIVE,FALSE POSITIVE
6462874,K01231.01,train,neg_only,0,false_positive,train_eligible,,dr25_clean_v2,FALSE POSITIVE,FALSE POSITIVE
6462874,K01231.02,train,neg_only,0,false_positive,train_eligible,,dr25_clean_v2,FALSE POSITIVE,FALSE POSITIVE
6466939,K06717.01,train,neg_only,0,false_positive,train_eligible,,dr25_clean_v2,FALSE POSITIVE,FALSE POSITIVE
6467363,K02840.01,train,unlabelled_only,,,excluded,unresolved_candidate,dr25_clean_v2,CANDIDATE,CANDIDATE
6467363,K02840.02,train,unlabelled_only,,,excluded,unresolved_candidate,dr25_clean_v2,CANDIDATE,CANDIDATE
6468138,K01826.01,train,pos_only,1,planet,train_eligible,,dr25_clean_v2,CONFIRMED,CANDIDATE
6468904,K04743.01,train,unlabelled_only,,,excluded,unresolved_candidate,dr25_clean_v2,CANDIDATE,CANDIDATE
6468938,K06718.01,train,neg_only,0,false_positive,train_eligible,,dr25_clean_v2,FALSE POSITIVE,FALSE POSITIVE
6469946,K07781.01,train,neg_only,0,false_positive,train_eligible,,dr25_clean_v2,FALSE POSITIVE,FALSE POSITIVE
6470516,K03705.01,train,neg_only,0,false_positive,train_eligible,,dr25_clean_v2,FALSE POSITIVE,FALSE POSITIVE
6470917,K01690.01,train,neg_only,0,false_positive,train_eligible,,dr25_clean_v2,FALSE POSITIVE,FALSE POSITIVE
6471021,K00372.01,train,unlabelled_only,,,excluded,disposition_conflict,dr25_clean_v2,CONFIRMED,FALSE POSITIVE
6471229,K06719.01,train,neg_only,0,false_positive,train_eligible,,dr25_clean_v2,FALSE POSITIVE,FALSE POSITIVE
6471230,K06720.01,train,neg_only,0,false_positive,train_eligible,,dr25_clean_v2,FALSE POSITIVE,FALSE POSITIVE
6500206,K02451.01,train,neg_only,0,false_positive,train_eligible,,dr25_clean_v2,FALSE POSITIVE,FALSE POSITIVE
6501635,K00560.01,train,pos_only,1,planet,train_eligible,,dr25_clean_v2,CONFIRMED,CANDIDATE
6504534,K03152.01,train,neg_only,0,false_positive,train_eligible,,dr25_clean_v2,FALSE POSITIVE,FALSE POSITIVE
6504954,K01790.01,train,pos_only,1,planet,train_eligible,,dr25_clean_v2,CONFIRMED,CANDIDATE
6507433,K03815.01,train,unlabelled_only,,,excluded,unresolved_candidate,dr25_clean_v2,CANDIDATE,CANDIDATE
6508221,K00416.01,train,pos_only,1,planet,train_eligible,,dr25_clean_v2,CONFIRMED,CANDIDATE
6508221,K00416.02,train,pos_only,1,planet,train_eligible,,dr25_clean_v2,CONFIRMED,CANDIDATE
6508221,K00416.03,train,pos_only,,,excluded,unresolved_candidate,dr25_clean_v2,CANDIDATE,CANDIDATE
6509282,K05287.01,train,unlabelled_only,,,excluded,unresolved_candidate,dr25_clean_v2,CANDIDATE,CANDIDATE
6511182,K05288.01,train,unlabelled_only,,,excluded,unresolved_candidate,dr25_clean_v2,CANDIDATE,CANDIDATE
6515722,K03818.01,train,neg_only,0,false_positive,train_eligible,,dr25_clean_v2,FALSE POSITIVE,FALSE POSITIVE
6516185,K02445.01,train,unlabelled_only,,,excluded,unresolved_candidate,dr25_clean_v2,CANDIDATE,CANDIDATE
6516529,K08123.01,train,neg_only,0,false_positive,train_eligible,,dr25_clean_v2,FALSE POSITIVE,FALSE POSITIVE
6516874,K03824.01,train,neg_only,0,false_positive,train_eligible,,dr25_clean_v2,FALSE POSITIVE,FALSE POSITIVE
6519865,K07782.01,train,neg_only,0,false_positive,train_eligible,,dr25_clean_v2,FALSE POSITIVE,FALSE POSITIVE
6520519,K04749.01,train,unlabelled_only,,,excluded,unresolved_candidate,dr25_clean_v2,CANDIDATE,CANDIDATE
6520753,K04504.01,train,unlabelled_only,,,excluded,unresolved_candidate,dr25_clean_v2,CANDIDATE,CANDIDATE
6520753,K04504.02,train,unlabelled_only,,,excluded,unresolved_candidate,dr25_clean_v2,CANDIDATE,CANDIDATE
6521174,K06721.01,train,neg_only,0,false_positive,train_eligible,,dr25_clean_v2,FALSE POSITIVE,FALSE POSITIVE
6521526,K08124.01,train,neg_only,0,false_positive,train_eligible,,dr25_clean_v2,FALSE POSITIVE,FALSE POSITIVE
6521542,K06722.01,train,neg_only,0,false_positive,train_eligible,,dr25_clean_v2,FALSE POSITIVE,FALSE POSITIVE
6522750,K06724.01,train,neg_only,0,false_positive,train_eligible,,dr25_clean_v2,FALSE POSITIVE,FALSE POSITIVE
6522824,K04882.01,train,neg_only,0,false_positive,train_eligible,,dr25_clean_v2,FALSE POSITIVE,FALSE POSITIVE
6523351,K03117.01,train,unlabelled_only,,,excluded,unresolved_candidate,dr25_clean_v2,CANDIDATE,CANDIDATE
6525185,K02568.01,train,neg_only,0,false_positive,train_eligible,,dr25_clean_v2,FALSE POSITIVE,FALSE POSITIVE
6525193,K02653.01,train,neg_only,0,false_positive,train_eligible,,dr25_clean_v2,FALSE POSITIVE,FALSE POSITIVE
6525196,K05293.01,train,neg_only,0,false_positive,train_eligible,,dr25_clean_v2,FALSE POSITIVE,FALSE POSITIVE
6525209,K03479.01,train,neg_only,0,false_positive,train_eligible,,dr25_clean_v2,FALSE POSITIVE,FALSE POSITIVE
6525209,K03479.02,train,neg_only,0,false_positive,train_eligible,,dr25_clean_v2,FALSE POSITIVE,FALSE POSITIVE
6525249,K02197.01,train,neg_only,0,false_positive,train_eligible,,dr25_clean_v2,FALSE POSITIVE,FALSE POSITIVE
6525280,K04277.01,train,neg_only,0,false_positive,train_eligible,,dr25_clean_v2,FALSE POSITIVE,FALSE POSITIVE
6525946,K02093.01,train,unlabelled_only,,,excluded,unresolved_candidate,dr25_clean_v2,CANDIDATE,CANDIDATE
6525946,K02093.02,train,unlabelled_only,,,excluded,unresolved_candidate,dr25_clean_v2,CANDIDATE,CANDIDATE
6525946,K02093.03,train,unlabelled_only,,,excluded,unresolved_candidate,dr25_clean_v2,CANDIDATE,CANDIDATE
6526377,K05295.01,train,neg_only,0,false_positive,train_eligible,,dr25_clean_v2,FALSE POSITIVE,FALSE POSITIVE
6527078,K04657.01,train,unlabelled_only,,,excluded,unresolved_candidate,dr25_clean_v2,CANDIDATE,CANDIDATE
6527078,K04657.02,train,unlabelled_only,,,excluded,unresolved_candidate,dr25_clean_v2,CANDIDATE,CANDIDATE
6527229,K05296.01,train,neg_only,0,false_positive,train_eligible,,dr25_clean_v2,FALSE POSITIVE,FALSE POSITIVE
6528464,K00270.01,train,pos_only,1,planet,train_eligible,,dr25_clean_v2,CONFIRMED,CANDIDATE
6528464,K00270.02,train,pos_only,1,planet,train_eligible,,dr25_clean_v2,CONFIRMED,CANDIDATE
6531143,K07784.01,train,neg_only,0,false_positive,train_eligible,,dr25_clean_v2,FALSE POSITIVE,FALSE POSITIVE
6531485,K06726.01,train,neg_only,0,false_positive,train_eligible,,dr25_clean_v2,FALSE POSITIVE,FALSE POSITIVE
6531496,K03646.01,train,neg_only,0,false_positive,train_eligible,,dr25_clean_v2,FALSE POSITIVE,FALSE POSITIVE
6531496,K03646.02,train,neg_only,0,false_positive,train_eligible,,dr25_clean_v2,FALSE POSITIVE,FALSE POSITIVE
6531617,K07785.01,train,unlabelled_only,,,excluded,unresolved_candidate,dr25_clean_v2,CANDIDATE,CANDIDATE
6541920,K00157.01,train,pos_only,1,planet,train_eligible,,dr25_clean_v2,CONFIRMED,CANDIDATE
6541920,K00157.02,train,pos_only,1,planet,train_eligible,,dr25_clean_v2,CONFIRMED,CANDIDATE
6541920,K00157.03,train,pos_only,1,planet,train_eligible,,dr25_clean_v2,CONFIRMED,CANDIDATE
6541920,K00157.04,train,pos_only,1,planet,train_eligible,,dr25_clean_v2,CONFIRMED,CANDIDATE
6541920,K00157.05,train,pos_only,1,planet,train_eligible,,dr25_clean_v2,CONFIRMED,CANDIDATE
6541920,K00157.06,train,pos_only,1,planet,train_eligible,,dr25_clean_v2,CONFIRMED,CANDIDATE
6543192,K05297.01,train,unlabelled_only,,,excluded,unresolved_candidate,dr25_clean_v2,CANDIDATE,CANDIDATE
6543645,K04679.01,train,neg_only,0,false_positive,train_eligible,,dr25_clean_v2,FALSE POSITIVE,FALSE POSITIVE
6543674,K05298.01,train,neg_only,0,false_positive,train_eligible,,dr25_clean_v2,FALSE POSITIVE,FALSE POSITIVE
6543682,K06728.01,train,neg_only,0,false_positive,train_eligible,,dr25_clean_v2,FALSE POSITIVE,FALSE POSITIVE
6543893,K01627.01,train,pos_only,1,planet,train_eligible,,dr25_clean_v2,CONFIRMED,CANDIDATE
6543893,K01627.02,train,pos_only,1,planet,train_eligible,,dr25_clean_v2,CONFIRMED,CANDIDATE
6543893,K01627.03,train,pos_only,,,excluded,unresolved_candidate,dr25_clean_v2,CANDIDATE,CANDIDATE
6545051,K02777.01,train,neg_only,0,false_positive,train_eligible,,dr25_clean_v2,FALSE POSITIVE,FALSE POSITIVE
6545358,K01233.01,train,neg_only,0,false_positive,train_eligible,,dr25_clean_v2,FALSE POSITIVE,FALSE POSITIVE
6546528,K01235.01,train,neg_only,0,false_positive,train_eligible,,dr25_clean_v2,FALSE POSITIVE,FALSE POSITIVE
6547322,K07786.01,train,neg_only,0,false_positive,train_eligible,,dr25_clean_v2,FALSE POSITIVE,FALSE POSITIVE
6548447,K06730.01,train,neg_only,0,false_positive,train_eligible,,dr25_clean_v2,FALSE POSITIVE,FALSE POSITIVE
6551106,K06731.01,train,unlabelled_only,,,excluded,unresolved_candidate,dr25_clean_v2,CANDIDATE,CANDIDATE
6583107,K08264.01,train,neg_only,0,false_positive,train_eligible,,dr25_clean_v2,FALSE POSITIVE,FALSE POSITIVE
6584273,K03287.01,train,pos_only,1,planet,train_eligible,,dr25_clean_v2,CONFIRMED,CANDIDATE
6584278,K06733.01,train,unlabelled_only,,,excluded,unresolved_candidate,dr25_clean_v2,CANDIDATE,CANDIDATE
6586746,K02747.01,train,pos_only,1,planet,train_eligible,,dr25_clean_v2,CONFIRMED,CANDIDATE
6587002,K00612.01,train,pos_only,1,planet,train_eligible,,dr25_clean_v2,CONFIRMED,CANDIDATE
6587002,K00612.02,train,pos_only,1,planet,train_eligible,,dr25_clean_v2,CONFIRMED,CANDIDATE
6587002,K00612.03,train,pos_only,1,planet,train_eligible,,dr25_clean_v2,CONFIRMED,CANDIDATE
6587105,K02721.01,train,pos_only,1,planet,train_eligible,,dr25_clean_v2,CONFIRMED,CANDIDATE
6587280,K00857.01,train,pos_only,1,planet,train_eligible,,dr25_clean_v2,CONFIRMED,CANDIDATE
6587280,K00857.02,train,pos_only,1,planet,train_eligible,,dr25_clean_v2,CONFIRMED,CANDIDATE
6590307,K07787.01,train,neg_only,0,false_positive,train_eligible,,dr25_clean_v2,FALSE POSITIVE,FALSE POSITIVE
6590362,K07570.01,train,neg_only,0,false_positive,train_eligible,,dr25_clean_v2,FALSE POSITIVE,FALSE POSITIVE
6591789,K06735.01,train,neg_only,0,false_positive,train_eligible,,dr25_clean_v2,FALSE POSITIVE,FALSE POSITIVE
6592832,K04082.01,train,neg_only,0,false_positive,train_eligible,,dr25_clean_v2,FALSE POSITIVE,FALSE POSITIVE
6593150,K03037.01,train,unlabelled_only,,,excluded,unresolved_candidate,dr25_clean_v2,CANDIDATE,CANDIDATE
6593363,K06736.01,train,neg_only,0,false_positive,train_eligible,,dr25_clean_v2,FALSE POSITIVE,FALSE POSITIVE
6594972,K06737.01,train,neg_only,0,false_positive,train_eligible,,dr25_clean_v2,FALSE POSITIVE,FALSE POSITIVE
6595662,K06738.01,train,neg_only,0,false_positive,train_eligible,,dr25_clean_v2,FALSE POSITIVE,FALSE POSITIVE
6599919,K00858.01,train,neg_only,0,false_positive,train_eligible,,dr25_clean_v2,FALSE POSITIVE,FALSE POSITIVE
6599975,K03438.01,train,pos_only,1,planet,train_eligible,,dr25_clean_v2,CONFIRMED,CANDIDATE
6603756,K01729.01,train,unlabelled_only,,,excluded,unresolved_candidate,dr25_clean_v2,CANDIDATE,CANDIDATE
6603765,K06739.01,train,unlabelled_only,,,excluded,unresolved_candidate,dr25_clean_v2,CANDIDATE,CANDIDATE
6604328,K01736.01,train,pos_only,1,planet,train_eligible,,dr25_clean_v2,CONFIRMED,CANDIDATE
6606282,K06740.01,train,neg_only,0,false_positive,train_eligible,,dr25_clean_v2,FALSE POSITIVE,FALSE POSITIVE
6606438,K02860.01,train,pos_only,1,planet,train_eligible,,dr25_clean_v2,CONFIRMED,CANDIDATE
6606653,K01224.01,train,neg_only,0,false_positive,train_eligible,,dr25_clean_v2,FALSE POSITIVE,FALSE POSITIVE
6606934,K06028.01,train,neg_only,0,false_positive,train_eligible,,dr25_clean_v2,FALSE POSITIVE,FALSE POSITIVE
6607286,K01239.01,train,unlabelled_only,,,excluded,unresolved_candidate,dr25_clean_v2,CANDIDATE,CANDIDATE
6607286,K01239.02,train,unlabelled_only,,,excluded,unresolved_candidate,dr25_clean_v2,CANDIDATE,CANDIDATE
6607357,K02838.01,train,pos_only,1,planet,train_eligible,,dr25_clean_v2,CONFIRMED,CANDIDATE
6607357,K02838.02,train,pos_only,1,planet,train_eligible,,dr25_clean_v2,CONFIRMED,CANDIDATE
6607447,K01242.01,train,unlabelled_only,,,excluded,unresolved_candidate,dr25_clean_v2,CANDIDATE,CANDIDATE
6607610,K06742.01,train,neg_only,0,false_positive,train_eligible,,dr25_clean_v2,FALSE POSITIVE,FALSE POSITIVE
6607644,K04159.01,train,pos_only,1,planet,train_eligible,,dr25_clean_v2,CONFIRMED,CANDIDATE
6609270,K03090.01,train,mixed,1,planet,train_eligible,,dr25_clean_v2,CONFIRMED,CANDIDATE
6609270,K03090.02,train,mixed,0,false_positive,train_eligible,,dr25_clean_v2,FALSE POSITIVE,FALSE POSITIVE
6610219,K06743.01,train,neg_only,0,false_positive,train_eligible,,dr25_clean_v2,FALSE POSITIVE,FALSE POSITIVE
6611330,K01691.01,train,neg_only,0,false_positive,train_eligible,,dr25_clean_v2,FALSE POSITIVE,FALSE POSITIVE
6612284,K02908.01,train,neg_only,0,false_positive,train_eligible,,dr25_clean_v2,FALSE POSITIVE,FALSE POSITIVE
6612411,K05305.01,train,neg_only,0,false_positive,train_eligible,,dr25_clean_v2,FALSE POSITIVE,FALSE POSITIVE
6613006,K01223.01,train,neg_only,0,false_positive,train_eligible,,dr25_clean_v2,FALSE POSITIVE,FALSE POSITIVE
6614629,K02737.01,train,neg_only,0,false_positive,train_eligible,,dr25_clean_v2,FALSE POSITIVE,FALSE POSITIVE
6614926,K06029.01,train,neg_only,0,false_positive,train_eligible,,dr25_clean_v2,FALSE POSITIVE,FALSE POSITIVE
6615511,K03306.01,train,pos_only,1,planet,train_eligible,,dr25_clean_v2,CONFIRMED,CANDIDATE
6615600,K05307.01,train,neg_only,0,false_positive,train_eligible,,dr25_clean_v2,FALSE POSITIVE,FALSE POSITIVE
6616218,K01692.01,train,pos_only,1,planet,train_eligible,,dr25_clean_v2,CONFIRMED,CANDIDATE
6616218,K01692.02,train,pos_only,1,planet,train_eligible,,dr25_clean_v2,CONFIRMED,CANDIDATE
6619815,K03361.01,train,pos_only,1,planet,train_eligible,,dr25_clean_v2,CONFIRMED,CANDIDATE
6620003,K01225.01,train,neg_only,0,false_positive,train_eligible,,dr25_clean_v2,FALSE POSITIVE,FALSE POSITIVE
6621116,K01226.01,train,neg_only,0,false_positive,train_eligible,,dr25_clean_v2,FALSE POSITIVE,FALSE POSITIVE
6628237,K06030.01,train,neg_only,0,false_positive,train_eligible,,dr25_clean_v2,FALSE POSITIVE,FALSE POSITIVE
6628926,K06746.01,train,unlabelled_only,,,excluded,unresolved_candidate,dr25_clean_v2,CANDIDATE,CANDIDATE
6629588,K06748.01,train,neg_only,0,false_positive,train_eligible,,dr25_clean_v2,FALSE POSITIVE,FALSE POSITIVE
6631721,K00160.01,train,unlabelled_only,,,excluded,unresolved_candidate,dr25_clean_v2,CANDIDATE,CANDIDATE
6634112,K05308.01,train,neg_only,0,false_positive,train_eligible,,dr25_clean_v2,FALSE POSITIVE,FALSE POSITIVE
6634133,K02262.01,train,neg_only,0,false_positive,train_eligible,,dr25_clean_v2,FALSE POSITIVE,FALSE POSITIVE
6664842,K06750.01,train,unlabelled_only,,,excluded,unresolved_candidate,dr25_clean_v2,CANDIDATE,CANDIDATE
6665064,K06751.01,train,neg_only,0,false_positive,train_eligible,,dr25_clean_v2,FALSE POSITIVE,FALSE POSITIVE
6665064,K06751.02,train,neg_only,0,false_positive,train_eligible,,dr25_clean_v2,FALSE POSITIVE,FALSE POSITIVE
6665223,K01232.01,train,neg_only,0,false_positive,train_eligible,,dr25_clean_v2,FALSE POSITIVE,FALSE POSITIVE
6665223,K01232.02,train,neg_only,0,false_positive,train_eligible,,dr25_clean_v2,FALSE POSITIVE,FALSE POSITIVE
6665512,K02005.01,train,pos_only,1,planet,train_eligible,,dr25_clean_v2,CONFIRMED,CANDIDATE
6665695,K00561.01,train,pos_only,1,planet,train_eligible,,dr25_clean_v2,CONFIRMED,CANDIDATE
6670075,K02382.01,train,neg_only,0,false_positive,train_eligible,,dr25_clean_v2,FALSE POSITIVE,FALSE POSITIVE
6670610,K06752.01,train,unlabelled_only,,,excluded,unresolved_candidate,dr25_clean_v2,CANDIDATE,CANDIDATE
6675056,K00859.01,train,neg_only,0,false_positive,train_eligible,,dr25_clean_v2,FALSE POSITIVE,FALSE POSITIVE
6675060,K03611.01,train,neg_only,0,false_positive,train_eligible,,dr25_clean_v2,FALSE POSITIVE,FALSE POSITIVE
6677267,K03622.01,train,neg_only,0,false_positive,train_eligible,,dr25_clean_v2,FALSE POSITIVE,FALSE POSITIVE
6678383,K00111.01,train,pos_only,1,planet,train_eligible,,dr25_clean_v2,CONFIRMED,CANDIDATE
6678383,K00111.02,train,pos_only,1,planet,train_eligible,,dr25_clean_v2,CONFIRMED,CANDIDATE
6678383,K00111.03,train,pos_only,1,planet,train_eligible,,dr25_clean_v2,CONFIRMED,CANDIDATE
6679295,K02862.01,train,unlabelled_only,,,excluded,unresolved_candidate,dr25_clean_v2,CANDIDATE,CANDIDATE
6679504,K07788.01,train,neg_only,0,false_positive,train_eligible,,dr25_clean_v2,FALSE POSITIVE,FALSE POSITIVE
6681473,K05312.01,train,neg_only,0,false_positive,train_eligible,,dr25_clean_v2,FALSE POSITIVE,FALSE POSITIVE
6685403,K08126.01,train,neg_only,0,false_positive,train_eligible,,dr25_clean_v2,FALSE POSITIVE,FALSE POSITIVE
6685526,K00861.01,train,pos_only,1,planet,train_eligible,,dr25_clean_v2,CONFIRMED,CANDIDATE
6690082,K01240.01,train,pos_only,1,planet,train_eligible,,dr25_clean_v2,CONFIRMED,CANDIDATE
6690082,K01240.02,train,pos_only,1,planet,train_eligible,,dr25_clean_v2,CONFIRMED,CANDIDATE
6690171,K03320.01,train,neg_only,0,false_positive,train_eligible,,dr25_clean_v2,FALSE POSITIVE,FALSE POSITIVE
6690836,K02699.01,train,pos_only,1,planet,train_eligible,,dr25_clean_v2,CONFIRMED,CANDIDATE
6692833,K01244.01,train,neg_only,0,false_positive,train_eligible,,dr25_clean_v2,FALSE POSITIVE,FALSE POSITIVE
6693640,K01245.01,train,pos_only,1,planet,train_eligible,,dr25_clean_v2,CONFIRMED,CANDIDATE
6694186,K06031.01,train,neg_only,0,false_positive,train_eligible,,dr25_clean_v2,FALSE POSITIVE,FALSE POSITIVE
6695801,K05316.01,train,neg_only,0,false_positive,train_eligible,,dr25_clean_v2,FALSE POSITIVE,FALSE POSITIVE
6695889,K06757.01,train,neg_only,0,false_positive,train_eligible,,dr25_clean_v2,FALSE POSITIVE,FALSE POSITIVE
6696462,K01693.01,train,unlabelled_only,,,excluded,unresolved_candidate,dr25_clean_v2,CANDIDATE,CANDIDATE
6697605,K02851.01,train,pos_only,1,planet,train_eligible,,dr25_clean_v2,CONFIRMED,CANDIDATE
6697605,K02851.02,train,pos_only,,,excluded,unresolved_candidate,dr25_clean_v2,CANDIDATE,CANDIDATE
6697716,K06758.01,train,neg_only,0,false_positive,train_eligible,,dr25_clean_v2,FALSE POSITIVE,FALSE POSITIVE
6697756,K02798.01,train,pos_only,1,planet,train_eligible,,dr25_clean_v2,CONFIRMED,CANDIDATE
6697817,K03508.01,train,unlabelled_only,,,excluded,unresolved_candidate,dr25_clean_v2,CANDIDATE,CANDIDATE
6698670,K06760.01,train,neg_only,0,false_positive,train_eligible,,dr25_clean_v2,FALSE POSITIVE,FALSE POSITIVE
6705026,K03374.01,train,pos_only,1,planet,train_eligible,,dr25_clean_v2,CONFIRMED,CANDIDATE
6705026,K03374.02,train,pos_only,,,excluded,unresolved_candidate,dr25_clean_v2,CANDIDATE,CANDIDATE
6706287,K06761.01,train,neg_only,0,false_positive,train_eligible,,dr25_clean_v2,FALSE POSITIVE,FALSE POSITIVE
6707833,K00563.01,train,pos_only,1,planet,train_eligible,,dr25_clean_v2,CONFIRMED,CANDIDATE
6707835,K00666.01,train,pos_only,1,planet,train_eligible,,dr25_clean_v2,CONFIRMED,CANDIDATE
6707942,K03569.01,train,neg_only,0,false_positive,train_eligible,,dr25_clean_v2,FALSE POSITIVE,FALSE POSITIVE
6716021,K02679.01,train,unlabelled_only,,,excluded,unresolved_candidate,dr25_clean_v2,CANDIDATE,CANDIDATE
6716545,K02906.01,train,pos_only,1,planet,train_eligible,,dr25_clean_v2,CONFIRMED,CANDIDATE
6716545,K02906.02,train,pos_only,,,excluded,unresolved_candidate,dr25_clean_v2,CANDIDATE,CANDIDATE
6716545,K02906.03,train,pos_only,,,excluded,unresolved_candidate,dr25_clean_v2,CANDIDATE,CANDIDATE
6717252,K04651.01,train,unlabelled_only,,,excluded,unresolved_candidate,dr25_clean_v2,CANDIDATE,CANDIDATE
6721123,K00114.01,train,neg_only,0,false_positive,train_eligible,,dr25_clean_v2,FALSE POSITIVE,FALSE POSITIVE
6752002,K04184.01,train,pos_only,1,planet,train_eligible,,dr25_clean_v2,CONFIRMED,CANDIDATE
6752502,K00667.01,train,unlabelled_only,,,excluded,unresolved_candidate,dr25_clean_v2,CANDIDATE,CANDIDATE
6755944,K04072.01,train,pos_only,1,planet,train_eligible,,dr25_clean_v2,CONFIRMED,CANDIDATE
6756669,K00862.01,train,neg_only,0,false_positive,train_eligible,,dr25_clean_v2,FALSE POSITIVE,FALSE POSITIVE
6758917,K00453.01,train,neg_only,0,false_positive,train_eligible,,dr25_clean_v2,FALSE POSITIVE,FALSE POSITIVE
6761777,K04571.01,train,pos_only,1,planet,train_eligible,,dr25_clean_v2,CONFIRMED,CANDIDATE
6762188,K05323.01,train,unlabelled_only,,,excluded,unresolved_candidate,dr25_clean_v2,CANDIDATE,CANDIDATE
6763884,K06763.01,train,unlabelled_only,,,excluded,unresolved_candidate,dr25_clean_v2,CANDIDATE,CANDIDATE
6765135,K02592.01,train,unlabelled_only,,,excluded,unresolved_candidate,dr25_clean_v2,CANDIDATE,CANDIDATE
6766634,K01375.01,train,pos_only,1,planet,train_eligible,,dr25_clean_v2,CONFIRMED,CANDIDATE
6766748,K06764.01,train,neg_only,0,false_positive,train_eligible,,dr25_clean_v2,FALSE POSITIVE,FALSE POSITIVE
6767227,K04871.01,train,unlabelled_only,,,excluded,unresolved_candidate,dr25_clean_v2,CANDIDATE,CANDIDATE
6767840,K02506.01,train,pos_only,1,planet,train_eligible,,dr25_clean_v2,CONFIRMED,CANDIDATE
6768616,K06765.01,train,neg_only,,,excluded,unresolved_candidate,dr25_clean_v2,CANDIDATE,CANDIDATE
6768616,K06765.02,train,neg_only,0,false_positive,train_eligible,,dr25_clean_v2,FALSE POSITIVE,FALSE POSITIVE
6773862,K01868.01,train,pos_only,1,planet,train_eligible,,dr25_clean_v2,CONFIRMED,CANDIDATE
6774537,K02146.01,train,pos_only,1,planet,train_eligible,,dr25_clean_v2,CONFIRMED,CANDIDATE
6774880,K02062.01,train,pos_only,1,planet,train_eligible,,dr25_clean_v2,CONFIRMED,CANDIDATE
6775985,K03780.01,train,neg_only,0,false_positive,train_eligible,,dr25_clean_v2,FALSE POSITIVE,FALSE POSITIVE
6776555,K05327.01,train,unlabelled_only,,,excluded,unresolved_candidate,dr25_clean_v2,CANDIDATE,CANDIDATE
6778008,K04373.01,train,neg_only,0,false_positive,train_eligible,,dr25_clean_v2,FALSE POSITIVE,FALSE POSITIVE
6778019,K02953.01,train,neg_only,0,false_positive,train_eligible,,dr25_clean_v2,FALSE POSITIVE,FALSE POSITIVE
6778289,K06767.01,train,neg_only,0,false_positive,train_eligible,,dr25_clean_v2,FALSE POSITIVE,FALSE POSITIVE
6779726,K03375.01,train,pos_only,1,planet,train_eligible,,dr25_clean_v2,CONFIRMED,CANDIDATE
6780158,K02231.01,train,neg_only,0,false_positive,train_eligible,,dr25_clean_v2,FALSE POSITIVE,FALSE POSITIVE
6780367,K07789.01,train,neg_only,0,false_positive,train_eligible,,dr25_clean_v2,FALSE POSITIVE,FALSE POSITIVE
6781047,K06768.01,train,neg_only,0,false_positive,train_eligible,,dr25_clean_v2,FALSE POSITIVE,FALSE POSITIVE
6781535,K06769.01,train,neg_only,0,false_positive,train_eligible,,dr25_clean_v2,FALSE POSITIVE,FALSE POSITIVE
6781548,K02944.01,train,neg_only,0,false_positive,train_eligible,,dr25_clean_v2,FALSE POSITIVE,FALSE POSITIVE
6783732,K07790.01,train,neg_only,0,false_positive,train_eligible,,dr25_clean_v2,FALSE POSITIVE,FALSE POSITIVE
6786037,K00564.01,train,pos_only,1,planet,train_eligible,,dr25_clean_v2,CONFIRMED,CANDIDATE
6786037,K00564.02,train,pos_only,1,planet,train_eligible,,dr25_clean_v2,CONFIRMED,CANDIDATE
6786037,K00564.03,train,pos_only,1,planet,train_eligible,,dr25_clean_v2,CONFIRMED,CANDIDATE
6786224,K04850.01,train,unlabelled_only,,,excluded,unresolved_candidate,dr25_clean_v2,CANDIDATE,CANDIDATE
6786348,K01749.01,train,pos_only,1,planet,train_eligible,,dr25_clean_v2,CONFIRMED,CANDIDATE
6790592,K07791.01,train,unlabelled_only,,,excluded,unresolved_candidate,dr25_clean_v2,CANDIDATE,CANDIDATE
6792124,K06770.01,train,neg_only,0,false_positive,train_eligible,,dr25_clean_v2,FALSE POSITIVE,FALSE POSITIVE
6792908,K04341.01,train,unlabelled_only,,,excluded,unresolved_candidate,dr25_clean_v2,CANDIDATE,CANDIDATE
6795089,K07792.01,train,neg_only,0,false_positive,train_eligible,,dr25_clean_v2,FALSE POSITIVE,FALSE POSITIVE
6803202,K00177.01,train,pos_only,1,planet,train_eligible,,dr25_clean_v2,CONFIRMED,CANDIDATE
6805414,K05329.01,train,unlabelled_only,,,excluded,unresolved_candidate,dr25_clean_v2,CANDIDATE,CANDIDATE
6806632,K06772.01,train,neg_only,0,false_positive,train_eligible,,dr25_clean_v2,FALSE POSITIVE,FALSE POSITIVE
6837146,K01362.01,train,unlabelled_only,,,excluded,unresolved_candidate,dr25_clean_v2,CANDIDATE,CANDIDATE
6837283,K02914.01,train,unlabelled_only,,,excluded,unresolved_candidate,dr25_clean_v2,CANDIDATE,CANDIDATE
6838050,K00512.01,train,pos_only,1,planet,train_eligible,,dr25_clean_v2,CONFIRMED,CANDIDATE
6839010,K04674.01,train,unlabelled_only,,,excluded,unresolved_candidate,dr25_clean_v2,CANDIDATE,CANDIDATE
6841577,K06773.01,train,neg_only,0,false_positive,train_eligible,,dr25_clean_v2,FALSE POSITIVE,FALSE POSITIVE
6842345,K06774.01,train,unlabelled_only,,,excluded,unresolved_candidate,dr25_clean_v2,CANDIDATE,CANDIDATE
6842682,K02649.01,train,pos_only,1,planet,train_eligible,,dr25_clean_v2,CONFIRMED,CANDIDATE
6842807,K02921.01,train,unlabelled_only,,,excluded,unresolved_candidate,dr25_clean_v2,CANDIDATE,CANDIDATE
6846544,K08127.01,train,neg_only,0,false_positive,train_eligible,,dr25_clean_v2,FALSE POSITIVE,FALSE POSITIVE
6846911,K02477.01,train,pos_only,1,planet,train_eligible,,dr25_clean_v2,CONFIRMED,CANDIDATE
6847018,K01349.01,train,neg_only,0,false_positive,train_eligible,,dr25_clean_v2,FALSE POSITIVE,FALSE POSITIVE
6848529,K08128.01,train,neg_only,0,false_positive,train_eligible,,dr25_clean_v2,FALSE POSITIVE,FALSE POSITIVE
6849046,K00201.01,train,pos_only,1,planet,train_eligible,,dr25_clean_v2,CONFIRMED,CANDIDATE
6850504,K00070.01,train,pos_only,1,planet,train_eligible,,dr25_clean_v2,CONFIRMED,CANDIDATE
6850504,K00070.02,train,pos_only,1,planet,train_eligible,,dr25_clean_v2,CONFIRMED,CANDIDATE
6850504,K00070.03,train,pos_only,1,planet,train_eligible,,dr25_clean_v2,CONFIRMED,CANDIDATE
6850504,K00070.04,train,pos_only,1,planet,train_eligible,,dr25_clean_v2,CONFIRMED,CANDIDATE
6850504,K00070.05,train,pos_only,1,planet,train_eligible,,dr25_clean_v2,CONFIRMED,CANDIDATE
6850665,K03244.01,train,neg_only,0,false_positive,train_eligible,,dr25_clean_v2,FALSE POSITIVE,FALSE POSITIVE
6851425,K00163.01,train,pos_only,1,planet,train_eligible,,dr25_clean_v2,CONFIRMED,CANDIDATE
6852488,K06775.01,train,neg_only,0,false_positive,train_eligible,,dr25_clean_v2,FALSE POSITIVE,FALSE POSITIVE
6853172,K06776.01,train,unlabelled_only,,,excluded,unresolved_candidate,dr25_clean_v2,CANDIDATE,CANDIDATE
6859546,K06777.01,train,unlabelled_only,,,excluded,unresolved_candidate,dr25_clean_v2,CANDIDATE,CANDIDATE
6859801,K03321.01,train,neg_only,0,false_positive,train_eligible,,dr25_clean_v2,FALSE POSITIVE,FALSE POSITIVE
6859813,K06778.01,train,neg_only,0,false_positive,train_eligible,,dr25_clean_v2,FALSE POSITIVE,FALSE POSITIVE
6862603,K00866.01,train,neg_only,0,false_positive,train_eligible,,dr25_clean_v2,FALSE POSITIVE,FALSE POSITIVE
6862721,K01982.01,train,pos_only,1,planet,train_eligible,,dr25_clean_v2,CONFIRMED,CANDIDATE
6863161,K03757.01,train,neg_only,0,false_positive,train_eligible,,dr25_clean_v2,FALSE POSITIVE,FALSE POSITIVE
6863187,K07794.01,train,neg_only,0,false_positive,train_eligible,,dr25_clean_v2,FALSE POSITIVE,FALSE POSITIVE
6863839,K01373.01,train,neg_only,0,false_positive,train_eligible,,dr25_clean_v2,FALSE POSITIVE,FALSE POSITIVE
6863840,K06779.01,train,neg_only,0,false_positive,train_eligible,,dr25_clean_v2,FALSE POSITIVE,FALSE POSITIVE
6864859,K06782.01,train,neg_only,0,false_positive,train_eligible,,dr25_clean_v2,FALSE POSITIVE,FALSE POSITIVE
6864885,K02434.01,train,neg_only,0,false_positive,train_eligible,,dr25_clean_v2,FALSE POSITIVE,FALSE POSITIVE
6864893,K02375.01,train,neg_only,0,false_positive,train_eligible,,dr25_clean_v2,FALSE POSITIVE,FALSE POSITIVE
6866228,K01348.01,train,neg_only,0,false_positive,train_eligible,,dr25_clean_v2,FALSE POSITIVE,FALSE POSITIVE
6867155,K00868.01,train,unlabelled_only,,,excluded,unresolved_candidate,dr25_clean_v2,CANDIDATE,CANDIDATE
6867219,K06783.01,train,unlabelled_only,,,excluded,unresolved_candidate,dr25_clean_v2,CANDIDATE,CANDIDATE
6867588,K02571.01,train,unlabelled_only,,,excluded,unresolved_candidate,dr25_clean_v2,CANDIDATE,CANDIDATE
6869184,K01732.01,train,pos_only,1,planet,train_eligible,,dr25_clean_v2,CONFIRMED,CANDIDATE
6869373,K05331.01,train,unlabelled_only,,,excluded,unresolved_candidate,dr25_clean_v2,CANDIDATE,CANDIDATE
6871071,K02220.01,train,pos_only,1,planet,train_eligible,,dr25_clean_v2,CONFIRMED,CANDIDATE
6871071,K02220.02,train,pos_only,1,planet,train_eligible,,dr25_clean_v2,CONFIRMED,CANDIDATE
6871071,K02220.03,train,pos_only,1,planet,train_eligible,,dr25_clean_v2,CONFIRMED,CANDIDATE
6871071,K02220.04,train,pos_only,,,excluded,unresolved_candidate,dr25_clean_v2,CANDIDATE,CANDIDATE
6875342,K05332.01,train,unlabelled_only,,,excluded,unresolved_candidate,dr25_clean_v2,CANDIDATE,CANDIDATE
6877673,K06784.01,train,neg_only,0,false_positive,train_eligible,,dr25_clean_v2,FALSE POSITIVE,FALSE POSITIVE
6879865,K00417.01,train,neg_only,0,false_positive,train_eligible,,dr25_clean_v2,FALSE POSITIVE,FALSE POSITIVE
6880517,K03305.01,train,pos_only,1,planet,train_eligible,,dr25_clean_v2,CONFIRMED,CANDIDATE
6887030,K07795.01,train,unlabelled_only,,,excluded,unresolved_candidate,dr25_clean_v2,CANDIDATE,CANDIDATE
6887321,K08129.01,train,neg_only,0,false_positive,train_eligible,,dr25_clean_v2,FALSE POSITIVE,FALSE POSITIVE
6890618,K06787.01,train,neg_only,0,false_positive,train_eligible,,dr25_clean_v2,FALSE POSITIVE,FALSE POSITIVE
6891124,K07796.01,train,unlabelled_only,,,excluded,unresolved_candidate,dr25_clean_v2,CANDIDATE,CANDIDATE
6891366,K01696.01,train,neg_only,0,false_positive,train_eligible,,dr25_clean_v2,FALSE POSITIVE,FALSE POSITIVE
6891512,K05335.01,train,neg_only,0,false_positive,train_eligible,,dr25_clean_v2,FALSE POSITIVE,FALSE POSITIVE
6891513,K04413.01,train,neg_only,0,false_positive,train_eligible,,dr25_clean_v2,FALSE POSITIVE,FALSE POSITIVE
6891543,K01354.01,train,neg_only,0,false_positive,train_eligible,,dr25_clean_v2,FALSE POSITIVE,FALSE POSITIVE
6891637,K01697.01,train,neg_only,0,false_positive,train_eligible,,dr25_clean_v2,FALSE POSITIVE,FALSE POSITIVE
6921944,K02114.01,train,pos_only,1,planet,train_eligible,,dr25_clean_v2,CONFIRMED,CANDIDATE
6922203,K02578.01,train,unlabelled_only,,,excluded,unresolved_candidate,dr25_clean_v2,CANDIDATE,CANDIDATE
6922710,K02087.01,train,pos_only,1,planet,train_eligible,,dr25_clean_v2,CONFIRMED,CANDIDATE
6924203,K01370.01,train,pos_only,1,planet,train_eligible,,dr25_clean_v2,CONFIRMED,CANDIDATE
6928906,K03242.01,train,neg_only,0,false_positive,train_eligible,,dr25_clean_v2,FALSE POSITIVE,FALSE POSITIVE
6929285,K04572.01,train,neg_only,0,false_positive,train_eligible,,dr25_clean_v2,FALSE POSITIVE,FALSE POSITIVE
6929841,K03026.01,train,pos_only,1,planet,train_eligible,,dr25_clean_v2,CONFIRMED,CANDIDATE
6932987,K01366.01,train,pos_only,1,planet,train_eligible,,dr25_clean_v2,CONFIRMED,CANDIDATE
6932987,K01366.02,train,pos_only,1,planet,train_eligible,,dr25_clean_v2,CONFIRMED,CANDIDATE
6933567,K02643.01,train,pos_only,1,planet,train_eligible,,dr25_clean_v2,CONFIRMED,CANDIDATE
6934291,K01367.01,train,pos_only,1,planet,train_eligible,,dr25_clean_v2,CONFIRMED,CANDIDATE
6934587,K06032.01,train,neg_only,0,false_positive,train_eligible,,dr25_clean_v2,FALSE POSITIVE,FALSE POSITIVE
6936909,K01363.01,train,pos_only,1,planet,train_eligible,,dr25_clean_v2,CONFIRMED,CANDIDATE
6936909,K01363.02,train,pos_only,1,planet,train_eligible,,dr25_clean_v2,CONFIRMED,CANDIDATE
6936977,K06791.01,train,neg_only,0,false_positive,train_eligible,,dr25_clean_v2,FALSE POSITIVE,FALSE POSITIVE
6937402,K02894.01,train,pos_only,1,planet,train_eligible,,dr25_clean_v2,CONFIRMED,CANDIDATE
6937692,K00513.01,train,pos_only,1,planet,train_eligible,,dr25_clean_v2,CONFIRMED,CANDIDATE
6938264,K04180.01,train,unlabelled_only,,,excluded,unresolved_candidate,dr25_clean_v2,CANDIDATE,CANDIDATE
6941084,K02348.01,train,pos_only,1,planet,train_eligible,,dr25_clean_v2,CONFIRMED,CANDIDATE
6945786,K03136.01,train,pos_only,1,planet,train_eligible,,dr25_clean_v2,CONFIRMED,CANDIDATE
6947623,K06793.01,train,unlabelled_only,,,excluded,unresolved_candidate,dr25_clean_v2,CANDIDATE,CANDIDATE
6947668,K03455.01,train,unlabelled_only,,,excluded,unresolved_candidate,dr25_clean_v2,CANDIDATE,CANDIDATE
6948054,K00869.01,train,pos_only,1,planet,train_eligible,,dr25_clean_v2,CONFIRMED,CANDIDATE
6948054,K00869.02,train,pos_only,1,planet,train_eligible,,dr25_clean_v2,CONFIRMED,CANDIDATE
6948054,K00869.03,train,pos_only,1,planet,train_eligible,,dr25_clean_v2,CONFIRMED,CANDIDATE
6948054,K00869.04,train,pos_only,1,planet,train_eligible,,dr25_clean_v2,CONFIRMED,CANDIDATE
6948815,K05339.01,train,neg_only,0,false_positive,train_eligible,,dr25_clean_v2,FALSE POSITIVE,FALSE POSITIVE
6949061,K01960.01,train,pos_only,1,planet,train_eligible,,dr25_clean_v2,CONFIRMED,CANDIDATE
6949061,K01960.02,train,pos_only,1,planet,train_eligible,,dr25_clean_v2,CONFIRMED,CANDIDATE
6949550,K06795.01,train,neg_only,0,false_positive,train_eligible,,dr25_clean_v2,FALSE POSITIVE,FALSE POSITIVE
6949898,K03031.01,train,unlabelled_only,,,excluded,unresolved_candidate,dr25_clean_v2,CANDIDATE,CANDIDATE
6950275,K06796.01,train,neg_only,0,false_positive,train_eligible,,dr25_clean_v2,FALSE POSITIVE,FALSE POSITIVE
6952971,K07798.01,train,unlabelled_only,,,excluded,unresolved_candidate,dr25_clean_v2,CANDIDATE,CANDIDATE
6955671,K03329.01,train,unlabelled_only,,,excluded,unresolved_candidate,dr25_clean_v2,CANDIDATE,CANDIDATE
6956014,K00031.01,train,neg_only,0,false_positive,train_eligible,,dr25_clean_v2,FALSE POSITIVE,FALSE POSITIVE
6956176,K06798.01,train,unlabelled_only,,,excluded,unresolved_candidate,dr25_clean_v2,CANDIDATE,CANDIDATE
6956216,K03604.01,train,neg_only,0,false_positive,train_eligible,,dr25_clean_v2,FALSE POSITIVE,FALSE POSITIVE
6956233,K01352.01,train,neg_only,0,false_positive,train_eligible,,dr25_clean_v2,FALSE POSITIVE,FALSE POSITIVE
6960445,K00669.01,train,neg_only,0,false_positive,train_eligible,,dr25_clean_v2,FALSE POSITIVE,FALSE POSITIVE
6960446,K03654.01,train,neg_only,0,false_positive,train_eligible,,dr25_clean_v2,FALSE POSITIVE,FALSE POSITIVE
6960487,K03386.01,train,neg_only,0,false_positive,train_eligible,,dr25_clean_v2,FALSE POSITIVE,FALSE POSITIVE
6960913,K01361.01,train,pos_only,1,planet,train_eligible,,dr25_clean_v2,CONFIRMED,CANDIDATE
6962109,K02182.01,train,pos_only,1,planet,train_eligible,,dr25_clean_v2,CONFIRMED,CANDIDATE
6962977,K01364.01,train,pos_only,1,planet,train_eligible,,dr25_clean_v2,CONFIRMED,CANDIDATE
6962977,K01364.02,train,pos_only,1,planet,train_eligible,,dr25_clean_v2,CONFIRMED,CANDIDATE
6962977,K01364.03,train,pos_only,1,planet,train_eligible,,dr25_clean_v2,CONFIRMED,CANDIDATE
6962977,K01364.04,train,pos_only,1,planet,train_eligible,,dr25_clean_v2,CONFIRMED,CANDIDATE
6962977,K01364.05,train,pos_only,1,planet,train_eligible,,dr25_clean_v2,CONFIRMED,CANDIDATE
6964043,K01351.01,train,neg_only,0,false_positive,train_eligible,,dr25_clean_v2,FALSE POSITIVE,FALSE POSITIVE
6964159,K03129.01,train,neg_only,0,false_positive,train_eligible,,dr25_clean_v2,FALSE POSITIVE,FALSE POSITIVE
6965293,K06800.01,train,neg_only,0,false_positive,train_eligible,,dr25_clean_v2,FALSE POSITIVE,FALSE POSITIVE
6967430,K06801.01,train,neg_only,0,false_positive,train_eligible,,dr25_clean_v2,FALSE POSITIVE,FALSE POSITIVE
6973796,K03726.01,train,neg_only,0,false_positive,train_eligible,,dr25_clean_v2,FALSE POSITIVE,FALSE POSITIVE
6974867,K07800.01,train,neg_only,0,false_positive,train_eligible,,dr25_clean_v2,FALSE POSITIVE,FALSE POSITIVE
6975129,K01628.01,train,mixed,1,planet,train_eligible,,dr25_clean_v2,CONFIRMED,CANDIDATE
6975129,K01628.02,train,mixed,1,planet,train_eligible,,dr25_clean_v2,CONFIRMED,CANDIDATE
6975129,K01628.03,train,mixed,0,false_positive,train_eligible,,dr25_clean_v2,FALSE POSITIVE,FALSE POSITIVE
6975615,K01698.01,train,neg_only,0,false_positive,train_eligible,,dr25_clean_v2,FALSE POSITIVE,FALSE POSITIVE
7008149,K02918.01,train,neg_only,0,false_positive,train_eligible,,dr25_clean_v2,FALSE POSITIVE,FALSE POSITIVE
7008211,K02102.01,train,pos_only,1,planet,train_eligible,,dr25_clean_v2,CONFIRMED,CANDIDATE
7009828,K06802.01,train,neg_only,0,false_positive,train_eligible,,dr25_clean_v2,FALSE POSITIVE,FALSE POSITIVE
7013923,K07801.01,train,neg_only,0,false_positive,train_eligible,,dr25_clean_v2,FALSE POSITIVE,FALSE POSITIVE
7017372,K03689.01,train,unlabelled_only,,,excluded,unresolved_candidate,dr25_clean_v2,CANDIDATE,CANDIDATE
7017437,K07802.01,train,neg_only,0,false_positive,train_eligible,,dr25_clean_v2,FALSE POSITIVE,FALSE POSITIVE
7019489,K02128.01,train,neg_only,0,false_positive,train_eligible,,dr25_clean_v2,FALSE POSITIVE,FALSE POSITIVE
7020168,K08131.01,train,neg_only,0,false_positive,train_eligible,,dr25_clean_v2,FALSE POSITIVE,FALSE POSITIVE
7021177,K03452.01,train,neg_only,0,false_positive,train_eligible,,dr25_clean_v2,FALSE POSITIVE,FALSE POSITIVE
7021681,K00255.01,train,mixed,1,planet,train_eligible,,dr25_clean_v2,CONFIRMED,CANDIDATE
7021681,K00255.02,train,mixed,,,excluded,unresolved_candidate,dr25_clean_v2,CANDIDATE,CANDIDATE
7021681,K00255.03,train,mixed,0,false_positive,train_eligible,,dr25_clean_v2,FALSE POSITIVE,FALSE POSITIVE
7022573,K03112.01,train,unlabelled_only,,,excluded,unresolved_candidate,dr25_clean_v2,CANDIDATE,CANDIDATE
7022603,K05346.01,train,neg_only,0,false_positive,train_eligible,,dr25_clean_v2,FALSE POSITIVE,FALSE POSITIVE
7024530,K03922.01,train,neg_only,0,false_positive,train_eligible,,dr25_clean_v2,FALSE POSITIVE,FALSE POSITIVE
7025526,K01380.01,train,neg_only,0,false_positive,train_eligible,,dr25_clean_v2,FALSE POSITIVE,FALSE POSITIVE
7025846,K00565.01,train,neg_only,0,false_positive,train_eligible,,dr25_clean_v2,FALSE POSITIVE,FALSE POSITIVE
7025851,K06803.01,train,neg_only,0,false_positive,train_eligible,,dr25_clean_v2,FALSE POSITIVE,FALSE POSITIVE
7031066,K07803.01,train,neg_only,0,false_positive,train_eligible,,dr25_clean_v2,FALSE POSITIVE,FALSE POSITIVE
7031126,K07573.01,train,neg_only,0,false_positive,train_eligible,,dr25_clean_v2,FALSE POSITIVE,FALSE POSITIVE
7031132,K06804.01,train,neg_only,0,false_positive,train_eligible,,dr25_clean_v2,FALSE POSITIVE,FALSE POSITIVE
7031340,K07804.01,train,neg_only,0,false_positive,train_eligible,,dr25_clean_v2,FALSE POSITIVE,FALSE POSITIVE
7031430,K04472.01,train,neg_only,0,false_positive,train_eligible,,dr25_clean_v2,FALSE POSITIVE,FALSE POSITIVE
7031742,K07575.01,train,neg_only,0,false_positive,train_eligible,,dr25_clean_v2,FALSE POSITIVE,FALSE POSITIVE
7031767,K06806.01,train,neg_only,0,false_positive,train_eligible,,dr25_clean_v2,FALSE POSITIVE,FALSE POSITIVE
7031898,K07807.01,train,neg_only,0,false_positive,train_eligible,,dr25_clean_v2,FALSE POSITIVE,FALSE POSITIVE
7031942,K04420.01,train,neg_only,0,false_positive,train_eligible,,dr25_clean_v2,FALSE POSITIVE,FALSE POSITIVE
7032001,K04518.01,train,neg_only,0,false_positive,train_eligible,,dr25_clean_v2,FALSE POSITIVE,FALSE POSITIVE
7032117,K06809.01,train,neg_only,0,false_positive,train_eligible,,dr25_clean_v2,FALSE POSITIVE,FALSE POSITIVE
7032687,K07577.01,train,neg_only,0,false_positive,train_eligible,,dr25_clean_v2,FALSE POSITIVE,FALSE POSITIVE
7033233,K02339.01,train,pos_only,1,planet,train_eligible,,dr25_clean_v2,CONFIRMED,CANDIDATE
7033713,K06813.01,train,neg_only,0,false_positive,train_eligible,,dr25_clean_v2,FALSE POSITIVE,FALSE POSITIVE
7033748,K06814.01,train,neg_only,0,false_positive,train_eligible,,dr25_clean_v2,FALSE POSITIVE,FALSE POSITIVE
7037540,K01347.01,train,neg_only,0,false_positive,train_eligible,,dr25_clean_v2,FALSE POSITIVE,FALSE POSITIVE
7038096,K04020.01,train,neg_only,0,false_positive,train_eligible,,dr25_clean_v2,FALSE POSITIVE,FALSE POSITIVE
7040629,K00671.01,train,pos_only,1,planet,train_eligible,,dr25_clean_v2,CONFIRMED,CANDIDATE
7040629,K00671.02,train,pos_only,1,planet,train_eligible,,dr25_clean_v2,CONFIRMED,CANDIDATE
7040629,K00671.03,train,pos_only,1,planet,train_eligible,,dr25_clean_v2,CONFIRMED,CANDIDATE
7040629,K00671.04,train,pos_only,1,planet,train_eligible,,dr25_clean_v2,CONFIRMED,CANDIDATE
7045496,K01939.01,train,pos_only,1,planet,train_eligible,,dr25_clean_v2,CONFIRMED,CANDIDATE
7045605,K07808.01,train,neg_only,0,false_positive,train_eligible,,dr25_clean_v2,FALSE POSITIVE,FALSE POSITIVE
7046804,K00205.01,train,pos_only,1,planet,train_eligible,,dr25_clean_v2,CONFIRMED,CANDIDATE
7047207,K02494.01,train,pos_only,1,planet,train_eligible,,dr25_clean_v2,CONFIRMED,CANDIDATE
7047824,K02806.01,train,pos_only,1,planet,train_eligible,,dr25_clean_v2,CONFIRMED,CANDIDATE
7047922,K01899.01,train,pos_only,1,planet,train_eligible,,dr25_clean_v2,CONFIRMED,CANDIDATE
7047922,K01899.02,train,pos_only,,,excluded,unresolved_candidate,dr25_clean_v2,CANDIDATE,CANDIDATE
7049486,K06815.01,train,neg_only,0,false_positive,train_eligible,,dr25_clean_v2,FALSE POSITIVE,FALSE POSITIVE
7049771,K08132.01,train,neg_only,0,false_positive,train_eligible,,dr25_clean_v2,FALSE POSITIVE,FALSE POSITIVE
7050060,K02215.01,train,neg_only,0,false_positive,train_eligible,,dr25_clean_v2,FALSE POSITIVE,FALSE POSITIVE
7050989,K00312.01,train,pos_only,1,planet,train_eligible,,dr25_clean_v2,CONFIRMED,CANDIDATE
7050989,K00312.02,train,pos_only,1,planet,train_eligible,,dr25_clean_v2,CONFIRMED,CANDIDATE
7051180,K00064.01,train,unlabelled_only,,,excluded,unresolved_candidate,dr25_clean_v2,CANDIDATE,CANDIDATE
7051984,K02879.01,train,neg_only,0,false_positive,train_eligible,,dr25_clean_v2,FALSE POSITIVE,FALSE POSITIVE
7090524,K02920.01,train,pos_only,1,planet,train_eligible,,dr25_clean_v2,CONFIRMED,CANDIDATE
7091432,K03353.01,train,pos_only,1,planet,train_eligible,,dr25_clean_v2,CONFIRMED,CANDIDATE
7093401,K03433.01,train,unlabelled_only,,,excluded,unresolved_candidate,dr25_clean_v2,CANDIDATE,CANDIDATE
7094486,K01907.01,train,pos_only,1,planet,train_eligible,,dr25_clean_v2,CONFIRMED,CANDIDATE
7097534,K03126.01,train,neg_only,0,false_positive,train_eligible,,dr25_clean_v2,FALSE POSITIVE,FALSE POSITIVE
7097571,K06818.01,train,neg_only,0,false_positive,train_eligible,,dr25_clean_v2,FALSE POSITIVE,FALSE POSITIVE
7097965,K02083.01,train,pos_only,1,planet,train_eligible,,dr25_clean_v2,CONFIRMED,CANDIDATE
7098255,K04762.01,train,unlabelled_only,,,excluded,unresolved_candidate,dr25_clean_v2,CANDIDATE,CANDIDATE
7098355,K00454.01,train,pos_only,1,planet,train_eligible,,dr25_clean_v2,CONFIRMED,CANDIDATE
7100673,K04032.01,train,pos_only,1,planet,train_eligible,,dr25_clean_v2,CONFIRMED,CANDIDATE
7100673,K04032.02,train,pos_only,1,planet,train_eligible,,dr25_clean_v2,CONFIRMED,CANDIDATE
7100673,K04032.03,train,pos_only,1,planet,train_eligible,,dr25_clean_v2,CONFIRMED,CANDIDATE
7100673,K04032.04,train,pos_only,1,planet,train_eligible,,dr25_clean_v2,CONFIRMED,CANDIDATE
7100673,K04032.05,train,pos_only,,,excluded,unresolved_candidate,dr25_clean_v2,CANDIDATE,CANDIDATE
7101828,K00455.01,train,neg_only,0,false_positive,train_eligible,,dr25_clean_v2,FALSE POSITIVE,FALSE POSITIVE
7102227,K01360.01,train,pos_only,1,planet,train_eligible,,dr25_clean_v2,CONFIRMED,CANDIDATE
7102227,K01360.02,train,pos_only,1,planet,train_eligible,,dr25_clean_v2,CONFIRMED,CANDIDATE
7102227,K01360.03,train,pos_only,1,planet,train_eligible,,dr25_clean_v2,CONFIRMED,CANDIDATE
7102316,K02028.01,train,pos_only,1,planet,train_eligible,,dr25_clean_v2,CONFIRMED,CANDIDATE
7102316,K02028.02,train,pos_only,1,planet,train_eligible,,dr25_clean_v2,CONFIRMED,CANDIDATE
7102316,K02028.03,train,pos_only,1,planet,train_eligible,,dr25_clean_v2,CONFIRMED,CANDIDATE
7105574,K06820.01,train,neg_only,0,false_positive,train_eligible,,dr25_clean_v2,FALSE POSITIVE,FALSE POSITIVE
7106438,K08267.01,train,neg_only,0,false_positive,train_eligible,,dr25_clean_v2,FALSE POSITIVE,FALSE POSITIVE
7107561,K03100.01,train,neg_only,0,false_positive,train_eligible,,dr25_clean_v2,FALSE POSITIVE,FALSE POSITIVE
7107802,K02420.01,train,pos_only,1,planet,train_eligible,,dr25_clean_v2,CONFIRMED,CANDIDATE
7107802,K02420.02,train,pos_only,,,excluded,unresolved_candidate,dr25_clean_v2,CANDIDATE,CANDIDATE
7108433,K06153.01,train,neg_only,0,false_positive,train_eligible,,dr25_clean_v2,FALSE POSITIVE,FALSE POSITIVE
7109851,K03012.01,train,neg_only,0,false_positive,train_eligible,,dr25_clean_v2,FALSE POSITIVE,FALSE POSITIVE
7115200,K06821.01,train,neg_only,0,false_positive,train_eligible,,dr25_clean_v2,FALSE POSITIVE,FALSE POSITIVE
7115332,K06822.01,train,neg_only,0,false_positive,train_eligible,,dr25_clean_v2,FALSE POSITIVE,FALSE POSITIVE
7115550,K07811.01,train,neg_only,0,false_positive,train_eligible,,dr25_clean_v2,FALSE POSITIVE,FALSE POSITIVE
7115661,K03174.01,train,neg_only,0,false_positive,train_eligible,,dr25_clean_v2,FALSE POSITIVE,FALSE POSITIVE
7115671,K05355.01,train,neg_only,0,false_positive,train_eligible,,dr25_clean_v2,FALSE POSITIVE,FALSE POSITIVE
7115878,K06825.01,train,neg_only,0,false_positive,train_eligible,,dr25_clean_v2,FALSE POSITIVE,FALSE POSITIVE
7115925,K04258.01,train,neg_only,0,false_positive,train_eligible,,dr25_clean_v2,FALSE POSITIVE,FALSE POSITIVE
7116024,K07812.01,train,neg_only,0,false_positive,train_eligible,,dr25_clean_v2,FALSE POSITIVE,FALSE POSITIVE
7116226,K06827.01,train,neg_only,0,false_positive,train_eligible,,dr25_clean_v2,FALSE POSITIVE,FALSE POSITIVE
7116236,K06828.01,train,neg_only,0,false_positive,train_eligible,,dr25_clean_v2,FALSE POSITIVE,FALSE POSITIVE
7116519,K07813.01,train,neg_only,0,false_positive,train_eligible,,dr25_clean_v2,FALSE POSITIVE,FALSE POSITIVE
7116859,K07580.01,train,neg_only,0,false_positive,train_eligible,,dr25_clean_v2,FALSE POSITIVE,FALSE POSITIVE
7117003,K03514.01,train,neg_only,0,false_positive,train_eligible,,dr25_clean_v2,FALSE POSITIVE,FALSE POSITIVE
7117147,K07815.01,train,neg_only,0,false_positive,train_eligible,,dr25_clean_v2,FALSE POSITIVE,FALSE POSITIVE
7117355,K04866.01,train,neg_only,0,false_positive,train_eligible,,dr25_clean_v2,FALSE POSITIVE,FALSE POSITIVE
7117541,K06830.01,train,neg_only,0,false_positive,train_eligible,,dr25_clean_v2,FALSE POSITIVE,FALSE POSITIVE
7117710,K07817.01,train,neg_only,0,false_positive,train_eligible,,dr25_clean_v2,FALSE POSITIVE,FALSE POSITIVE
7118545,K06831.01,train,neg_only,0,false_positive,train_eligible,,dr25_clean_v2,FALSE POSITIVE,FALSE POSITIVE
7119481,K00566.01,train,pos_only,1,planet,train_eligible,,dr25_clean_v2,CONFIRMED,CANDIDATE
7119481,K00566.02,train,pos_only,,,excluded,unresolved_candidate,dr25_clean_v2,CANDIDATE,CANDIDATE
7119481,K00566.03,train,pos_only,,,excluded,unresolved_candidate,dr25_clean_v2,CANDIDATE,CANDIDATE
7120108,K02325.01,train,pos_only,1,planet,train_eligible,,dr25_clean_v2,CONFIRMED,CANDIDATE
7121885,K03467.01,train,neg_only,0,false_positive,train_eligible,,dr25_clean_v2,FALSE POSITIVE,FALSE POSITIVE
7122259,K03454.01,train,neg_only,0,false_positive,train_eligible,,dr25_clean_v2,FALSE POSITIVE,FALSE POSITIVE
7124613,K00673.01,train,pos_only,1,planet,train_eligible,,dr25_clean_v2,CONFIRMED,CANDIDATE
7125636,K06832.01,train,neg_only,0,false_positive,train_eligible,,dr25_clean_v2,FALSE POSITIVE,FALSE POSITIVE
7128918,K06833.01,train,neg_only,0,false_positive,train_eligible,,dr25_clean_v2,FALSE POSITIVE,FALSE POSITIVE
7129465,K06155.01,train,neg_only,0,false_positive,train_eligible,,dr25_clean_v2,FALSE POSITIVE,FALSE POSITIVE
7131760,K03407.01,train,pos_only,1,planet,train_eligible,,dr25_clean_v2,CONFIRMED,CANDIDATE
7132015,K06834.01,train,neg_only,0,false_positive,train_eligible,,dr25_clean_v2,FALSE POSITIVE,FALSE POSITIVE
7133294,K04473.01,train,unlabelled_only,,,excluded,disposition_conflict,dr25_clean_v2,CONFIRMED,FALSE POSITIVE
7134626,K07818.01,train,unlabelled_only,,,excluded,unresolved_candidate,dr25_clean_v2,CANDIDATE,CANDIDATE
7134976,K00874.01,train,pos_only,1,planet,train_eligible,,dr25_clean_v2,CONFIRMED,CANDIDATE
7134976,K00874.02,train,pos_only,1,planet,train_eligible,,dr25_clean_v2,CONFIRMED,CANDIDATE
7135852,K00875.01,train,pos_only,1,planet,train_eligible,,dr25_clean_v2,CONFIRMED,CANDIDATE
7136958,K03350.01,train,neg_only,0,false_positive,train_eligible,,dr25_clean_v2,FALSE POSITIVE,FALSE POSITIVE
7137725,K01699.01,train,neg_only,0,false_positive,train_eligible,,dr25_clean_v2,FALSE POSITIVE,FALSE POSITIVE
7137798,K06836.01,train,neg_only,0,false_positive,train_eligible,,dr25_clean_v2,FALSE POSITIVE,FALSE POSITIVE
7138841,K05361.01,train,unlabelled_only,,,excluded,unresolved_candidate,dr25_clean_v2,CANDIDATE,CANDIDATE
7174349,K03844.01,train,neg_only,0,false_positive,train_eligible,,dr25_clean_v2,FALSE POSITIVE,FALSE POSITIVE
7174617,K06156.01,train,unlabelled_only,,,excluded,unresolved_candidate,dr25_clean_v2,CANDIDATE,CANDIDATE
7175184,K00369.01,train,pos_only,1,planet,train_eligible,,dr25_clean_v2,CONFIRMED,CANDIDATE
7175184,K00369.02,train,pos_only,1,planet,train_eligible,,dr25_clean_v2,CONFIRMED,CANDIDATE
7177555,K03299.01,train,neg_only,0,false_positive,train_eligible,,dr25_clean_v2,FALSE POSITIVE,FALSE POSITIVE
7177766,K07819.01,train,neg_only,0,false_positive,train_eligible,,dr25_clean_v2,FALSE POSITIVE,FALSE POSITIVE
7177892,K06838.01,train,neg_only,0,false_positive,train_eligible,,dr25_clean_v2,FALSE POSITIVE,FALSE POSITIVE
7183745,K02521.01,train,pos_only,1,planet,train_eligible,,dr25_clean_v2,CONFIRMED,CANDIDATE
7183745,K02521.02,train,pos_only,1,planet,train_eligible,,dr25_clean_v2,CONFIRMED,CANDIDATE
7199060,K04152.01,train,unlabelled_only,,,excluded,unresolved_candidate,dr25_clean_v2,CANDIDATE,CANDIDATE
7199397,K00075.01,train,unlabelled_only,,,excluded,unresolved_candidate,dr25_clean_v2,CANDIDATE,CANDIDATE
7199644,K07821.01,train,neg_only,0,false_positive,train_eligible,,dr25_clean_v2,FALSE POSITIVE,FALSE POSITIVE
7199724,K07822.01,train,neg_only,0,false_positive,train_eligible,,dr25_clean_v2,FALSE POSITIVE,FALSE POSITIVE
7199756,K07823.01,train,neg_only,0,false_positive,train_eligible,,dr25_clean_v2,FALSE POSITIVE,FALSE POSITIVE
7199883,K07824.01,train,neg_only,0,false_positive,train_eligible,,dr25_clean_v2,FALSE POSITIVE,FALSE POSITIVE
7200102,K06842.01,train,neg_only,0,false_positive,train_eligible,,dr25_clean_v2,FALSE POSITIVE,FALSE POSITIVE
7200301,K06844.01,train,neg_only,0,false_positive,train_eligible,,dr25_clean_v2,FALSE POSITIVE,FALSE POSITIVE
7200485,K07825.01,train,neg_only,0,false_positive,train_eligible,,dr25_clean_v2,FALSE POSITIVE,FALSE POSITIVE
7202957,K02687.01,train,pos_only,1,planet,train_eligible,,dr25_clean_v2,CONFIRMED,CANDIDATE
7202957,K02687.02,train,pos_only,1,planet,train_eligible,,dr25_clean_v2,CONFIRMED,CANDIDATE
7203179,K06845.01,train,neg_only,0,false_positive,train_eligible,,dr25_clean_v2,FALSE POSITIVE,FALSE POSITIVE
7204073,K06847.01,train,neg_only,0,false_positive,train_eligible,,dr25_clean_v2,FALSE POSITIVE,FALSE POSITIVE
7204981,K02164.01,train,pos_only,1,planet,train_eligible,,dr25_clean_v2,CONFIRMED,CANDIDATE
7207061,K02113.01,train,pos_only,1,planet,train_eligible,,dr25_clean_v2,CONFIRMED,CANDIDATE
7207061,K02113.02,train,pos_only,1,planet,train_eligible,,dr25_clean_v2,CONFIRMED,CANDIDATE
7210749,K07828.01,train,neg_only,0,false_positive,train_eligible,,dr25_clean_v2,FALSE POSITIVE,FALSE POSITIVE
7211141,K01355.01,train,pos_only,1,planet,train_eligible,,dr25_clean_v2,CONFIRMED,CANDIDATE
7211221,K01379.01,train,pos_only,1,planet,train_eligible,,dr25_clean_v2,CONFIRMED,CANDIDATE
7211469,K01377.01,train,pos_only,1,planet,train_eligible,,dr25_clean_v2,CONFIRMED,CANDIDATE
7211879,K04342.01,train,neg_only,0,false_positive,train_eligible,,dr25_clean_v2,FALSE POSITIVE,FALSE POSITIVE
7212722,K06848.01,train,neg_only,0,false_positive,train_eligible,,dr25_clean_v2,FALSE POSITIVE,FALSE POSITIVE
7213311,K05375.01,train,unlabelled_only,,,excluded,unresolved_candidate,dr25_clean_v2,CANDIDATE,CANDIDATE
7214090,K07583.01,train,neg_only,0,false_positive,train_eligible,,dr25_clean_v2,FALSE POSITIVE,FALSE POSITIVE
7215678,K02354.01,train,unlabelled_only,,,excluded,unresolved_candidate,dr25_clean_v2,CANDIDATE,CANDIDATE
7216284,K03056.01,train,pos_only,1,planet,train_eligible,,dr25_clean_v2,CONFIRMED,CANDIDATE
7217088,K06849.01,train,unlabelled_only,,,excluded,unresolved_candidate,dr25_clean_v2,CANDIDATE,CANDIDATE
7220320,K03775.01,train,neg_only,0,false_positive,train_eligible,,dr25_clean_v2,FALSE POSITIVE,FALSE POSITIVE
7220322,K01350.01,train,neg_only,0,false_positive,train_eligible,,dr25_clean_v2,FALSE POSITIVE,FALSE POSITIVE
7220429,K01700.01,train,pos_only,1,planet,train_eligible,,dr25_clean_v2,CONFIRMED,CANDIDATE
7222086,K01701.01,train,unlabelled_only,,,excluded,unresolved_candidate,dr25_clean_v2,CANDIDATE,CANDIDATE
7256914,K04136.01,train,unlabelled_only,,,excluded,unresolved_candidate,dr25_clean_v2,CANDIDATE,CANDIDATE
7256914,K04136.02,train,unlabelled_only,,,excluded,unresolved_candidate,dr25_clean_v2,CANDIDATE,CANDIDATE
7257363,K02292.01,train,neg_only,0,false_positive,train_eligible,,dr25_clean_v2,FALSE POSITIVE,FALSE POSITIVE
7257373,K06034.01,train,neg_only,0,false_positive,train_eligible,,dr25_clean_v2,FALSE POSITIVE,FALSE POSITIVE
7257966,K04185.01,train,pos_only,1,planet,train_eligible,,dr25_clean_v2,CONFIRMED,CANDIDATE
7259249,K04237.01,train,neg_only,0,false_positive,train_eligible,,dr25_clean_v2,FALSE POSITIVE,FALSE POSITIVE
7259298,K02561.01,train,pos_only,1,planet,train_eligible,,dr25_clean_v2,CONFIRMED,CANDIDATE
7265298,K02051.01,train,pos_only,1,planet,train_eligible,,dr25_clean_v2,CONFIRMED,CANDIDATE
7265298,K02051.02,train,pos_only,1,planet,train_eligible,,dr25_clean_v2,CONFIRMED,CANDIDATE
7266212,K04737.01,train,unlabelled_only,,,excluded,unresolved_candidate,dr25_clean_v2,CANDIDATE,CANDIDATE
7269493,K01961.01,train,pos_only,1,planet,train_eligible,,dr25_clean_v2,CONFIRMED,CANDIDATE
7269974,K00456.01,train,pos_only,1,planet,train_eligible,,dr25_clean_v2,CONFIRMED,CANDIDATE
7269974,K00456.02,train,pos_only,1,planet,train_eligible,,dr25_clean_v2,CONFIRMED,CANDIDATE
7272132,K04466.01,train,unlabelled_only,,,excluded,unresolved_candidate,dr25_clean_v2,CANDIDATE,CANDIDATE
7273277,K01979.01,train,pos_only,1,planet,train_eligible,,dr25_clean_v2,CONFIRMED,CANDIDATE
7277317,K00674.01,train,pos_only,1,planet,train_eligible,,dr25_clean_v2,CONFIRMED,CANDIDATE
7280953,K06850.01,train,neg_only,0,false_positive,train_eligible,,dr25_clean_v2,FALSE POSITIVE,FALSE POSITIVE
7281217,K06851.01,train,neg_only,0,false_positive,train_eligible,,dr25_clean_v2,FALSE POSITIVE,FALSE POSITIVE
7281229,K06852.01,train,neg_only,0,false_positive,train_eligible,,dr25_clean_v2,FALSE POSITIVE,FALSE POSITIVE
7281454,K03055.01,train,neg_only,0,false_positive,train_eligible,,dr25_clean_v2,FALSE POSITIVE,FALSE POSITIVE
7281668,K07829.01,train,neg_only,0,false_positive,train_eligible,,dr25_clean_v2,FALSE POSITIVE,FALSE POSITIVE
7281694,K07584.01,train,neg_only,0,false_positive,train_eligible,,dr25_clean_v2,FALSE POSITIVE,FALSE POSITIVE
7282008,K06858.01,train,neg_only,0,false_positive,train_eligible,,dr25_clean_v2,FALSE POSITIVE,FALSE POSITIVE
7282042,K04718.01,train,neg_only,0,false_positive,train_eligible,,dr25_clean_v2,FALSE POSITIVE,FALSE POSITIVE
7282168,K07831.01,train,neg_only,0,false_positive,train_eligible,,dr25_clean_v2,FALSE POSITIVE,FALSE POSITIVE
7282872,K08137.01,train,neg_only,0,false_positive,train_eligible,,dr25_clean_v2,FALSE POSITIVE,FALSE POSITIVE
7285616,K06859.01,train,neg_only,0,false_positive,train_eligible,,dr25_clean_v2,FALSE POSITIVE,FALSE POSITIVE
7285673,K04559.01,train,neg_only,0,false_positive,train_eligible,,dr25_clean_v2,FALSE POSITIVE,FALSE POSITIVE
7286173,K01862.01,train,pos_only,1,planet,train_eligible,,dr25_clean_v2,CONFIRMED,CANDIDATE
7286911,K02180.01,train,pos_only,1,planet,train_eligible,,dr25_clean_v2,CONFIRMED,CANDIDATE
7287028,K07832.01,train,unlabelled_only,,,excluded,unresolved_candidate,dr25_clean_v2,CANDIDATE,CANDIDATE
7287391,K03546.01,train,neg_only,0,false_positive,train_eligible,,dr25_clean_v2,FALSE POSITIVE,FALSE POSITIVE
7287683,K01622.01,train,unlabelled_only,,,excluded,unresolved_candidate,dr25_clean_v2,CANDIDATE,CANDIDATE
7287995,K00877.01,train,pos_only,1,planet,train_eligible,,dr25_clean_v2,CONFIRMED,CANDIDATE
7287995,K00877.02,train,pos_only,1,planet,train_eligible,,dr25_clean_v2,CONFIRMED,CANDIDATE
7287995,K00877.03,train,pos_only,1,planet,train_eligible,,dr25_clean_v2,CONFIRMED,CANDIDATE
7288306,K03443.01,train,pos_only,1,planet,train_eligible,,dr25_clean_v2,CONFIRMED,CANDIDATE
7288444,K03482.01,train,pos_only,1,planet,train_eligible,,dr25_clean_v2,CONFIRMED,CANDIDATE
7289162,K02539.01,train,neg_only,0,false_positive,train_eligible,,dr25_clean_v2,FALSE POSITIVE,FALSE POSITIVE
7289165,K03847.01,train,neg_only,0,false_positive,train_eligible,,dr25_clean_v2,FALSE POSITIVE,FALSE POSITIVE
7289317,K02450.01,train,pos_only,1,planet,train_eligible,,dr25_clean_v2,CONFIRMED,CANDIDATE
7289317,K02450.02,train,pos_only,,,excluded,unresolved_candidate,dr25_clean_v2,CANDIDATE,CANDIDATE
7289338,K03420.01,train,unlabelled_only,,,excluded,unresolved_candidate,dr25_clean_v2,CANDIDATE,CANDIDATE
7289338,K03420.02,train,unlabelled_only,,,excluded,unresolved_candidate,dr25_clean_v2,CANDIDATE,CANDIDATE
7289577,K01974.01,train,pos_only,1,planet,train_eligible,,dr25_clean_v2,CONFIRMED,CANDIDATE
7293937,K03211.01,train,neg_only,0,false_positive,train_eligible,,dr25_clean_v2,FALSE POSITIVE,FALSE POSITIVE
7294743,K02516.01,train,unlabelled_only,,,excluded,unresolved_candidate,dr25_clean_v2,CANDIDATE,CANDIDATE
7295570,K06035.01,train,neg_only,0,false_positive,train_eligible,,dr25_clean_v2,FALSE POSITIVE,FALSE POSITIVE
7296094,K03790.01,train,neg_only,0,false_positive,train_eligible,,dr25_clean_v2,FALSE POSITIVE,FALSE POSITIVE
7300182,K07833.01,train,unlabelled_only,,,excluded,unresolved_candidate,dr25_clean_v2,CANDIDATE,CANDIDATE
7303253,K00878.01,train,pos_only,1,planet,train_eligible,,dr25_clean_v2,CONFIRMED,CANDIDATE
7303287,K01353.01,train,pos_only,1,planet,train_eligible,,dr25_clean_v2,CONFIRMED,CANDIDATE
7303287,K01353.02,train,pos_only,1,planet,train_eligible,,dr25_clean_v2,CONFIRMED,CANDIDATE
7303287,K01353.03,train,pos_only,1,planet,train_eligible,,dr25_clean_v2,CONFIRMED,CANDIDATE
7335514,K06860.01,train,unlabelled_only,,,excluded,unresolved_candidate,dr25_clean_v2,CANDIDATE,CANDIDATE
7335713,K03250.01,train,neg_only,0,false_positive,train_eligible,,dr25_clean_v2,FALSE POSITIVE,FALSE POSITIVE
7335972,K04599.01,train,neg_only,0,false_positive,train_eligible,,dr25_clean_v2,FALSE POSITIVE,FALSE POSITIVE
7340624,K08138.01,train,neg_only,0,false_positive,train_eligible,,dr25_clean_v2,FALSE POSITIVE,FALSE POSITIVE
7347246,K03014.01,train,pos_only,1,planet,train_eligible,,dr25_clean_v2,CONFIRMED,CANDIDATE
7352727,K05382.01,train,neg_only,0,false_positive,train_eligible,,dr25_clean_v2,FALSE POSITIVE,FALSE POSITIVE
7357531,K01368.01,train,neg_only,0,false_positive,train_eligible,,dr25_clean_v2,FALSE POSITIVE,FALSE POSITIVE
7362632,K06865.01,train,neg_only,0,false_positive,train_eligible,,dr25_clean_v2,FALSE POSITIVE,FALSE POSITIVE
7362696,K03937.01,train,neg_only,0,false_positive,train_eligible,,dr25_clean_v2,FALSE POSITIVE,FALSE POSITIVE
7362852,K06036.01,train,neg_only,0,false_positive,train_eligible,,dr25_clean_v2,FALSE POSITIVE,FALSE POSITIVE
7366036,K06867.01,train,neg_only,0,false_positive,train_eligible,,dr25_clean_v2,FALSE POSITIVE,FALSE POSITIVE
7366258,K00880.01,train,pos_only,1,planet,train_eligible,,dr25_clean_v2,CONFIRMED,CANDIDATE
7366258,K00880.02,train,pos_only,1,planet,train_eligible,,dr25_clean_v2,CONFIRMED,CANDIDATE
7366258,K00880.03,train,pos_only,1,planet,train_eligible,,dr25_clean_v2,CONFIRMED,CANDIDATE
7366258,K00880.04,train,pos_only,1,planet,train_eligible,,dr25_clean_v2,CONFIRMED,CANDIDATE
7366501,K07834.01,train,unlabelled_only,,,excluded,unresolved_candidate,dr25_clean_v2,CANDIDATE,CANDIDATE
7369523,K06870.01,train,neg_only,0,false_positive,train_eligible,,dr25_clean_v2,FALSE POSITIVE,FALSE POSITIVE
7369865,K01918.01,train,neg_only,0,false_positive,train_eligible,,dr25_clean_v2,FALSE POSITIVE,FALSE POSITIVE
7373451,K00881.01,train,pos_only,1,planet,train_eligible,,dr25_clean_v2,CONFIRMED,CANDIDATE
7373451,K00881.02,train,pos_only,1,planet,train_eligible,,dr25_clean_v2,CONFIRMED,CANDIDATE
7374746,K03537.01,train,neg_only,0,false_positive,train_eligible,,dr25_clean_v2,FALSE POSITIVE,FALSE POSITIVE
7375348,K00266.01,train,pos_only,1,planet,train_eligible,,dr25_clean_v2,CONFIRMED,CANDIDATE
7375348,K00266.02,train,pos_only,,,excluded,unresolved_candidate,dr25_clean_v2,CANDIDATE,CANDIDATE
7376490,K03586.01,train,neg_only,0,false_positive,train_eligible,,dr25_clean_v2,FALSE POSITIVE,FALSE POSITIVE
7376500,K03535.01,train,neg_only,0,false_positive,train_eligible,,dr25_clean_v2,FALSE POSITIVE,FALSE POSITIVE
7376982,K06871.01,train,neg_only,0,false_positive,train_eligible,,dr25_clean_v2,FALSE POSITIVE,FALSE POSITIVE
7376983,K01358.01,train,pos_only,1,planet,train_eligible,,dr25_clean_v2,CONFIRMED,CANDIDATE
7376983,K01358.02,train,pos_only,1,planet,train_eligible,,dr25_clean_v2,CONFIRMED,CANDIDATE
7376983,K01358.03,train,pos_only,1,planet,train_eligible,,dr25_clean_v2,CONFIRMED,CANDIDATE
7376983,K01358.04,train,pos_only,1,planet,train_eligible,,dr25_clean_v2,CONFIRMED,CANDIDATE
7377343,K05384.01,train,unlabelled_only,,,excluded,unresolved_candidate,dr25_clean_v2,CANDIDATE,CANDIDATE
7379385,K02207.01,train,neg_only,0,false_positive,train_eligible,,dr25_clean_v2,FALSE POSITIVE,FALSE POSITIVE
7380537,K00883.01,train,unlabelled_only,,,excluded,unresolved_candidate,dr25_clean_v2,CANDIDATE,CANDIDATE
7380829,K01703.01,train,neg_only,0,false_positive,train_eligible,,dr25_clean_v2,FALSE POSITIVE,FALSE POSITIVE
7381695,K06873.01,train,neg_only,0,false_positive,train_eligible,,dr25_clean_v2,FALSE POSITIVE,FALSE POSITIVE
7385387,K06874.01,train,neg_only,0,false_positive,train_eligible,,dr25_clean_v2,FALSE POSITIVE,FALSE POSITIVE
7386391,K07837.01,train,neg_only,0,false_positive,train_eligible,,dr25_clean_v2,FALSE POSITIVE,FALSE POSITIVE
7386827,K01704.01,train,pos_only,1,planet,train_eligible,,dr25_clean_v2,CONFIRMED,CANDIDATE
7416306,K05388.01,train,neg_only,0,false_positive,train_eligible,,dr25_clean_v2,FALSE POSITIVE,FALSE POSITIVE
7419318,K00313.01,train,pos_only,1,planet,train_eligible,,dr25_clean_v2,CONFIRMED,CANDIDATE
7419318,K00313.02,train,pos_only,1,planet,train_eligible,,dr25_clean_v2,CONFIRMED,CANDIDATE
7421876,K06876.01,train,neg_only,0,false_positive,train_eligible,,dr25_clean_v2,FALSE POSITIVE,FALSE POSITIVE
7422883,K06159.01,train,neg_only,0,false_positive,train_eligible,,dr25_clean_v2,FALSE POSITIVE,FALSE POSITIVE
7427764,K04364.01,train,pos_only,1,planet,train_eligible,,dr25_clean_v2,CONFIRMED,CANDIDATE
7428316,K02809.01,train,neg_only,0,false_positive,train_eligible,,dr25_clean_v2,FALSE POSITIVE,FALSE POSITIVE
7428736,K02827.01,train,pos_only,1,planet,train_eligible,,dr25_clean_v2,CONFIRMED,CANDIDATE
7429240,K04450.01,train,pos_only,1,planet,train_eligible,,dr25_clean_v2,CONFIRMED,CANDIDATE
7429287,K04260.03,train,neg_only,0,false_positive,train_eligible,,dr25_clean_v2,FALSE POSITIVE,FALSE POSITIVE
7429287,K04260.04,train,neg_only,,,excluded,unresolved_candidate,dr25_clean_v2,CANDIDATE,CANDIDATE
7430034,K01848.01,train,pos_only,1,planet,train_eligible,,dr25_clean_v2,CONFIRMED,CANDIDATE
7433585,K02999.01,train,neg_only,0,false_positive,train_eligible,,dr25_clean_v2,FALSE POSITIVE,FALSE POSITIVE
7436177,K06038.01,train,neg_only,0,false_positive,train_eligible,,dr25_clean_v2,FALSE POSITIVE,FALSE POSITIVE
7439316,K01501.01,train,pos_only,1,planet,train_eligible,,dr25_clean_v2,CONFIRMED,CANDIDATE
7440748,K00457.01,train,pos_only,1,planet,train_eligible,,dr25_clean_v2,CONFIRMED,CANDIDATE
7440748,K00457.02,train,pos_only,1,planet,train_eligible,,dr25_clean_v2,CONFIRMED,CANDIDATE
7447895,K06878.01,train,unlabelled_only,,,excluded,unresolved_candidate,dr25_clean_v2,CANDIDATE,CANDIDATE
7448023,K07839.01,train,neg_only,0,false_positive,train_eligible,,dr25_clean_v2,FALSE POSITIVE,FALSE POSITIVE
7449136,K01890.01,train,pos_only,1,planet,train_eligible,,dr25_clean_v2,CONFIRMED,CANDIDATE
7449844,K01452.01,train,neg_only,0,false_positive,train_eligible,,dr25_clean_v2,FALSE POSITIVE,FALSE POSITIVE
7450747,K04267.01,train,pos_only,1,planet,train_eligible,,dr25_clean_v2,CONFIRMED,CANDIDATE
7455287,K00886.01,train,pos_only,1,planet,train_eligible,,dr25_clean_v2,CONFIRMED,CANDIDATE
7455287,K00886.02,train,pos_only,1,planet,train_eligible,,dr25_clean_v2,CONFIRMED,CANDIDATE
7455287,K00886.03,train,pos_only,1,planet,train_eligible,,dr25_clean_v2,CONFIRMED,CANDIDATE
7455553,K06879.01,train,neg_only,0,false_positive,train_eligible,,dr25_clean_v2,FALSE POSITIVE,FALSE POSITIVE
7455981,K03096.01,train,pos_only,1,planet,train_eligible,,dr25_clean_v2,CONFIRMED,CANDIDATE
7456001,K01517.01,train,pos_only,1,planet,train_eligible,,dr25_clean_v2,CONFIRMED,CANDIDATE
7456521,K06880.01,train,neg_only,0,false_positive,train_eligible,,dr25_clean_v2,FALSE POSITIVE,FALSE POSITIVE
7457278,K03188.01,train,neg_only,0,false_positive,train_eligible,,dr25_clean_v2,FALSE POSITIVE,FALSE POSITIVE
7457296,K02213.01,train,pos_only,1,planet,train_eligible,,dr25_clean_v2,CONFIRMED,CANDIDATE
7458309,K03957.01,train,neg_only,0,false_positive,train_eligible,,dr25_clean_v2,FALSE POSITIVE,FALSE POSITIVE
7458433,K05392.01,train,neg_only,0,false_positive,train_eligible,,dr25_clean_v2,FALSE POSITIVE,FALSE POSITIVE
7458762,K00887.01,train,pos_only,1,planet,train_eligible,,dr25_clean_v2,CONFIRMED,CANDIDATE
7461307,K02909.01,train,neg_only,0,false_positive,train_eligible,,dr25_clean_v2,FALSE POSITIVE,FALSE POSITIVE
7463685,K02890.01,train,pos_only,1,planet,train_eligible,,dr25_clean_v2,CONFIRMED,CANDIDATE
7466270,K02959.01,train,unlabelled_only,,,excluded,unresolved_candidate,dr25_clean_v2,CANDIDATE,CANDIDATE
7466863,K00677.01,train,neg_only,0,false_positive,train_eligible,,dr25_clean_v2,FALSE POSITIVE,FALSE POSITIVE
7499398,K01473.01,train,unlabelled_only,,,excluded,unresolved_candidate,dr25_clean_v2,CANDIDATE,CANDIDATE
7501646,K02572.01,train,unlabelled_only,,,excluded,unresolved_candidate,dr25_clean_v2,CANDIDATE,CANDIDATE
7504778,K02316.01,train,pos_only,1,planet,train_eligible,,dr25_clean_v2,CONFIRMED,CANDIDATE
7509886,K00678.01,train,pos_only,1,planet,train_eligible,,dr25_clean_v2,CONFIRMED,CANDIDATE
7509886,K00678.02,train,pos_only,1,planet,train_eligible,,dr25_clean_v2,CONFIRMED,CANDIDATE
7515212,K00679.01,train,pos_only,1,planet,train_eligible,,dr25_clean_v2,CONFIRMED,CANDIDATE
7515212,K00679.02,train,pos_only,1,planet,train_eligible,,dr25_clean_v2,CONFIRMED,CANDIDATE
7515670,K02360.01,train,neg_only,0,false_positive,train_eligible,,dr25_clean_v2,FALSE POSITIVE,FALSE POSITIVE
7515679,K03728.01,train,unlabelled_only,,,excluded,disposition_conflict,dr25_clean_v2,CONFIRMED,FALSE POSITIVE
7515762,K02524.01,train,pos_only,1,planet,train_eligible,,dr25_clean_v2,CONFIRMED,CANDIDATE
7517261,K03496.01,train,pos_only,1,planet,train_eligible,,dr25_clean_v2,CONFIRMED,CANDIDATE
7517261,K03496.02,train,pos_only,,,excluded,unresolved_candidate,dr25_clean_v2,CANDIDATE,CANDIDATE
7522911,K01705.01,train,pos_only,1,planet,train_eligible,,dr25_clean_v2,CONFIRMED,CANDIDATE
7532973,K01450.01,train,unlabelled_only,,,excluded,disposition_conflict,dr25_clean_v2,CONFIRMED,FALSE POSITIVE
7538450,K05396.01,train,neg_only,0,false_positive,train_eligible,,dr25_clean_v2,FALSE POSITIVE,FALSE POSITIVE
7541502,K06885.01,train,neg_only,0,false_positive,train_eligible,,dr25_clean_v2,FALSE POSITIVE,FALSE POSITIVE
7542813,K02302.01,train,pos_only,1,planet,train_eligible,,dr25_clean_v2,CONFIRMED,CANDIDATE
7543649,K01469.01,train,neg_only,0,false_positive,train_eligible,,dr25_clean_v2,FALSE POSITIVE,FALSE POSITIVE
7549209,K01518.01,train,pos_only,1,planet,train_eligible,,dr25_clean_v2,CONFIRMED,CANDIDATE
7582689,K03097.01,train,pos_only,1,planet,train_eligible,,dr25_clean_v2,CONFIRMED,CANDIDATE
7582689,K03097.02,train,pos_only,1,planet,train_eligible,,dr25_clean_v2,CONFIRMED,CANDIDATE
7582689,K03097.03,train,pos_only,1,planet,train_eligible,,dr25_clean_v2,CONFIRMED,CANDIDATE
7582691,K04419.01,train,unlabelled_only,,,excluded,unresolved_candidate,dr25_clean_v2,CANDIDATE,CANDIDATE
7583650,K04614.01,train,unlabelled_only,,,excluded,unresolved_candidate,dr25_clean_v2,CANDIDATE,CANDIDATE
7584650,K02631.01,train,pos_only,1,planet,train_eligible,,dr25_clean_v2,CONFIRMED,CANDIDATE
7584778,K06887.01,train,neg_only,0,false_positive,train_eligible,,dr25_clean_v2,FALSE POSITIVE,FALSE POSITIVE
7585481,K00890.01,train,pos_only,1,planet,train_eligible,,dr25_clean_v2,CONFIRMED,CANDIDATE
7592922,K06890.01,train,unlabelled_only,,,excluded,unresolved_candidate,dr25_clean_v2,CANDIDATE,CANDIDATE
7595157,K00568.01,train,pos_only,1,planet,train_eligible,,dr25_clean_v2,CONFIRMED,CANDIDATE
7595157,K00568.02,train,pos_only,1,planet,train_eligible,,dr25_clean_v2,CONFIRMED,CANDIDATE
7596240,K04295.01,train,pos_only,1,planet,train_eligible,,dr25_clean_v2,CONFIRMED,CANDIDATE
7597703,K06891.01,train,neg_only,0,false_positive,train_eligible,,dr25_clean_v2,FALSE POSITIVE,FALSE POSITIVE
7599004,K05403.01,train,neg_only,0,false_positive,train_eligible,,dr25_clean_v2,FALSE POSITIVE,FALSE POSITIVE
7601633,K00136.01,train,neg_only,0,false_positive,train_eligible,,dr25_clean_v2,FALSE POSITIVE,FALSE POSITIVE
7601665,K07842.01,train,unlabelled_only,,,excluded,unresolved_candidate,dr25_clean_v2,CANDIDATE,CANDIDATE
7601918,K04133.01,train,neg_only,0,false_positive,train_eligible,,dr25_clean_v2,FALSE POSITIVE,FALSE POSITIVE
7602351,K06892.01,train,unlabelled_only,,,excluded,unresolved_candidate,dr25_clean_v2,CANDIDATE,CANDIDATE
7605600,K06893.01,train,neg_only,0,false_positive,train_eligible,,dr25_clean_v2,FALSE POSITIVE,FALSE POSITIVE
7609674,K03128.01,train,unlabelled_only,,,excluded,unresolved_candidate,dr25_clean_v2,CANDIDATE,CANDIDATE
7610663,K04160.01,train,pos_only,1,planet,train_eligible,,dr25_clean_v2,CONFIRMED,CANDIDATE
7613620,K07843.01,train,unlabelled_only,,,excluded,unresolved_candidate,dr25_clean_v2,CANDIDATE,CANDIDATE
7620413,K02103.01,train,pos_only,1,planet,train_eligible,,dr25_clean_v2,CONFIRMED,CANDIDATE
7620413,K02103.02,train,pos_only,,,excluded,unresolved_candidate,dr25_clean_v2,CANDIDATE,CANDIDATE
7620844,K03551.01,train,neg_only,0,false_positive,train_eligible,,dr25_clean_v2,FALSE POSITIVE,FALSE POSITIVE
7622059,K06161.01,train,neg_only,0,false_positive,train_eligible,,dr25_clean_v2,FALSE POSITIVE,FALSE POSITIVE
7622072,K06894.01,train,neg_only,0,false_positive,train_eligible,,dr25_clean_v2,FALSE POSITIVE,FALSE POSITIVE
7622473,K08139.01,train,neg_only,0,false_positive,train_eligible,,dr25_clean_v2,FALSE POSITIVE,FALSE POSITIVE
7622486,K01447.01,train,neg_only,0,false_positive,train_eligible,,dr25_clean_v2,FALSE POSITIVE,FALSE POSITIVE
7622486,K01447.02,train,neg_only,0,false_positive,train_eligible,,dr25_clean_v2,FALSE POSITIVE,FALSE POSITIVE
7626370,K01706.01,train,pos_only,1,planet,train_eligible,,dr25_clean_v2,CONFIRMED,CANDIDATE
7626506,K00150.01,train,pos_only,1,planet,train_eligible,,dr25_clean_v2,CONFIRMED,CANDIDATE
7626506,K00150.02,train,pos_only,1,planet,train_eligible,,dr25_clean_v2,CONFIRMED,CANDIDATE
7629518,K01495.01,train,pos_only,1,planet,train_eligible,,dr25_clean_v2,CONFIRMED,CANDIDATE
7630229,K00683.01,train,unlabelled_only,,,excluded,unresolved_candidate,dr25_clean_v2,CANDIDATE,CANDIDATE
7631194,K06896.01,train,neg_only,0,false_positive,train_eligible,,dr25_clean_v2,FALSE POSITIVE,FALSE POSITIVE
7658229,K05409.01,train,neg_only,0,false_positive,train_eligible,,dr25_clean_v2,FALSE POSITIVE,FALSE POSITIVE
7661065,K02307.01,train,unlabelled_only,,,excluded,unresolved_candidate,dr25_clean_v2,CANDIDATE,CANDIDATE
7661409,K00957.01,train,neg_only,0,false_positive,train_eligible,,dr25_clean_v2,FALSE POSITIVE,FALSE POSITIVE
7661893,K04296.01,train,unlabelled_only,,,excluded,unresolved_candidate,dr25_clean_v2,CANDIDATE,CANDIDATE
7662502,K05410.01,train,unlabelled_only,,,excluded,unresolved_candidate,dr25_clean_v2,CANDIDATE,CANDIDATE
7662744,K08140.01,train,neg_only,0,false_positive,train_eligible,,dr25_clean_v2,FALSE POSITIVE,FALSE POSITIVE
7663691,K00891.01,train,pos_only,1,planet,train_eligible,,dr25_clean_v2,CONFIRMED,CANDIDATE
7664272,K07845.01,train,neg_only,0,false_positive,train_eligible,,dr25_clean_v2,FALSE POSITIVE,FALSE POSITIVE
7668416,K03089.01,train,unlabelled_only,,,excluded,unresolved_candidate,dr25_clean_v2,CANDIDATE,CANDIDATE
7668648,K06899.01,train,neg_only,0,false_positive,train_eligible,,dr25_clean_v2,FALSE POSITIVE,FALSE POSITIVE
7668663,K01898.01,train,pos_only,1,planet,train_eligible,,dr25_clean_v2,CONFIRMED,CANDIDATE
7670943,K00269.01,train,pos_only,1,planet,train_eligible,,dr25_clean_v2,CONFIRMED,CANDIDATE
7672097,K02255.01,train,pos_only,1,planet,train_eligible,,dr25_clean_v2,CONFIRMED,CANDIDATE
7672940,K01463.01,train,neg_only,0,false_positive,train_eligible,,dr25_clean_v2,FALSE POSITIVE,FALSE POSITIVE
7673192,K02722.01,train,pos_only,1,planet,train_eligible,,dr25_clean_v2,CONFIRMED,CANDIDATE
7673192,K02722.02,train,pos_only,1,planet,train_eligible,,dr25_clean_v2,CONFIRMED,CANDIDATE
7673192,K02722.03,train,pos_only,1,planet,train_eligible,,dr25_clean_v2,CONFIRMED,CANDIDATE
7673192,K02722.04,train,pos_only,1,planet,train_eligible,,dr25_clean_v2,CONFIRMED,CANDIDATE
7673192,K02722.05,train,pos_only,,,excluded,unresolved_candidate,dr25_clean_v2,CANDIDATE,CANDIDATE
7673841,K02585.01,train,pos_only,1,planet,train_eligible,,dr25_clean_v2,CONFIRMED,CANDIDATE
7673841,K02585.02,train,pos_only,1,planet,train_eligible,,dr25_clean_v2,CONFIRMED,CANDIDATE
7673841,K02585.03,train,pos_only,,,excluded,unresolved_candidate,dr25_clean_v2,CANDIDATE,CANDIDATE
7676423,K03113.01,train,pos_only,1,planet,train_eligible,,dr25_clean_v2,CONFIRMED,CANDIDATE
7677005,K06903.01,train,neg_only,0,false_positive,train_eligible,,dr25_clean_v2,FALSE POSITIVE,FALSE POSITIVE
7678434,K00892.01,train,pos_only,1,planet,train_eligible,,dr25_clean_v2,CONFIRMED,CANDIDATE
7678434,K00892.02,train,pos_only,1,planet,train_eligible,,dr25_clean_v2,CONFIRMED,CANDIDATE
7679812,K03943.01,train,pos_only,1,planet,train_eligible,,dr25_clean_v2,CONFIRMED,CANDIDATE
7681230,K04294.01,train,neg_only,0,false_positive,train_eligible,,dr25_clean_v2,FALSE POSITIVE,FALSE POSITIVE
7684873,K00014.01,train,neg_only,0,false_positive,train_eligible,,dr25_clean_v2,FALSE POSITIVE,FALSE POSITIVE
7690521,K08142.01,train,neg_only,0,false_positive,train_eligible,,dr25_clean_v2,FALSE POSITIVE,FALSE POSITIVE
7690855,K04077.01,train,neg_only,0,false_positive,train_eligible,,dr25_clean_v2,FALSE POSITIVE,FALSE POSITIVE
7691260,K01528.01,train,pos_only,1,planet,train_eligible,,dr25_clean_v2,CONFIRMED,CANDIDATE
7692093,K03337.01,train,neg_only,,,excluded,unresolved_candidate,dr25_clean_v2,CANDIDATE,CANDIDATE
7692093,K03337.02,train,neg_only,0,false_positive,train_eligible,,dr25_clean_v2,FALSE POSITIVE,FALSE POSITIVE
7694615,K04489.01,train,neg_only,0,false_positive,train_eligible,,dr25_clean_v2,FALSE POSITIVE,FALSE POSITIVE
7695087,K03693.01,train,neg_only,0,false_positive,train_eligible,,dr25_clean_v2,FALSE POSITIVE,FALSE POSITIVE
7695093,K06041.01,train,neg_only,0,false_positive,train_eligible,,dr25_clean_v2,FALSE POSITIVE,FALSE POSITIVE
7697568,K01829.01,train,neg_only,0,false_positive,train_eligible,,dr25_clean_v2,FALSE POSITIVE,FALSE POSITIVE
7699298,K04534.01,train,neg_only,0,false_positive,train_eligible,,dr25_clean_v2,FALSE POSITIVE,FALSE POSITIVE
7700500,K06907.01,train,unlabelled_only,,,excluded,unresolved_candidate,dr25_clean_v2,CANDIDATE,CANDIDATE
7700578,K06908.01,train,neg_only,0,false_positive,train_eligible,,dr25_clean_v2,FALSE POSITIVE,FALSE POSITIVE
7700622,K00315.01,train,pos_only,1,planet,train_eligible,,dr25_clean_v2,CONFIRMED,CANDIDATE
7703882,K04403.01,train,pos_only,1,planet,train_eligible,,dr25_clean_v2,CONFIRMED,CANDIDATE
7703910,K04379.01,train,neg_only,0,false_positive,train_eligible,,dr25_clean_v2,FALSE POSITIVE,FALSE POSITIVE
7703955,K01707.01,train,pos_only,1,planet,train_eligible,,dr25_clean_v2,CONFIRMED,CANDIDATE
7703955,K01707.02,train,pos_only,1,planet,train_eligible,,dr25_clean_v2,CONFIRMED,CANDIDATE
7707736,K06909.01,train,neg_only,0,false_positive,train_eligible,,dr25_clean_v2,FALSE POSITIVE,FALSE POSITIVE
7707742,K03998.01,train,neg_only,0,false_positive,train_eligible,,dr25_clean_v2,FALSE POSITIVE,FALSE POSITIVE
7708193,K03666.01,train,neg_only,0,false_positive,train_eligible,,dr25_clean_v2,FALSE POSITIVE,FALSE POSITIVE
7730747,K00684.01,train,unlabelled_only,,,excluded,unresolved_candidate,dr25_clean_v2,CANDIDATE,CANDIDATE
7731281,K05416.01,train,unlabelled_only,,,excluded,disposition_conflict,dr25_clean_v2,CONFIRMED,FALSE POSITIVE
7742408,K03478.01,train,pos_only,1,planet,train_eligible,,dr25_clean_v2,CONFIRMED,CANDIDATE
7743464,K05417.01,train,neg_only,0,false_positive,train_eligible,,dr25_clean_v2,FALSE POSITIVE,FALSE POSITIVE
7747835,K08143.01,train,neg_only,0,false_positive,train_eligible,,dr25_clean_v2,FALSE POSITIVE,FALSE POSITIVE
7748487,K03394.01,train,unlabelled_only,,,excluded,unresolved_candidate,dr25_clean_v2,CANDIDATE,CANDIDATE
7749318,K06042.01,train,neg_only,0,false_positive,train_eligible,,dr25_clean_v2,FALSE POSITIVE,FALSE POSITIVE
7750419,K01708.01,train,unlabelled_only,,,excluded,unresolved_candidate,dr25_clean_v2,CANDIDATE,CANDIDATE
7750740,K06162.01,train,neg_only,0,false_positive,train_eligible,,dr25_clean_v2,FALSE POSITIVE,FALSE POSITIVE
7751294,K08269.01,train,neg_only,0,false_positive,train_eligible,,dr25_clean_v2,FALSE POSITIVE,FALSE POSITIVE
7751571,K01460.01,train,neg_only,0,false_positive,train_eligible,,dr25_clean_v2,FALSE POSITIVE,FALSE POSITIVE
7755636,K01921.01,train,pos_only,1,planet,train_eligible,,dr25_clean_v2,CONFIRMED,CANDIDATE
7757698,K07848.01,train,neg_only,0,false_positive,train_eligible,,dr25_clean_v2,FALSE POSITIVE,FALSE POSITIVE
7761918,K01808.01,train,pos_only,1,planet,train_eligible,,dr25_clean_v2,CONFIRMED,CANDIDATE
7762723,K02663.01,train,pos_only,1,planet,train_eligible,,dr25_clean_v2,CONFIRMED,CANDIDATE
7762886,K08144.01,train,neg_only,0,false_positive,train_eligible,,dr25_clean_v2,FALSE POSITIVE,FALSE POSITIVE
7763269,K03721.01,train,neg_only,0,false_positive,train_eligible,,dr25_clean_v2,FALSE POSITIVE,FALSE POSITIVE
7764367,K00685.01,train,pos_only,1,planet,train_eligible,,dr25_clean_v2,CONFIRMED,CANDIDATE
7765528,K01840.01,train,pos_only,1,planet,train_eligible,,dr25_clean_v2,CONFIRMED,CANDIDATE
7765528,K01840.02,train,pos_only,,,excluded,unresolved_candidate,dr25_clean_v2,CANDIDATE,CANDIDATE
7767162,K02869.01,train,pos_only,1,planet,train_eligible,,dr25_clean_v2,CONFIRMED,CANDIDATE
7767559,K00895.01,train,neg_only,0,false_positive,train_eligible,,dr25_clean_v2,FALSE POSITIVE,FALSE POSITIVE
7767733,K03322.01,train,neg_only,0,false_positive,train_eligible,,dr25_clean_v2,FALSE POSITIVE,FALSE POSITIVE
7768451,K01527.01,train,unlabelled_only,,,excluded,unresolved_candidate,dr25_clean_v2,CANDIDATE,CANDIDATE
7768952,K01709.01,train,neg_only,0,false_positive,train_eligible,,dr25_clean_v2,FALSE POSITIVE,FALSE POSITIVE
7769815,K06915.01,train,neg_only,0,false_positive,train_eligible,,dr25_clean_v2,FALSE POSITIVE,FALSE POSITIVE
7770450,K01467.01,train,neg_only,0,false_positive,train_eligible,,dr25_clean_v2,FALSE POSITIVE,FALSE POSITIVE
7770471,K03706.01,train,neg_only,0,false_positive,train_eligible,,dr25_clean_v2,FALSE POSITIVE,FALSE POSITIVE
7770901,K05426.01,train,unlabelled_only,,,excluded,unresolved_candidate,dr25_clean_v2,CANDIDATE,CANDIDATE
7771181,K04797.01,train,unlabelled_only,,,excluded,unresolved_candidate,dr25_clean_v2,CANDIDATE,CANDIDATE
7772914,K03339.01,train,unlabelled_only,,,excluded,unresolved_candidate,dr25_clean_v2,CANDIDATE,CANDIDATE
7773179,K04038.01,train,neg_only,0,false_positive,train_eligible,,dr25_clean_v2,FALSE POSITIVE,FALSE POSITIVE
7777372,K03958.01,train,neg_only,0,false_positive,train_eligible,,dr25_clean_v2,FALSE POSITIVE,FALSE POSITIVE
7777397,K06043.01,train,neg_only,0,false_positive,train_eligible,,dr25_clean_v2,FALSE POSITIVE,FALSE POSITIVE
7777416,K03960.01,train,neg_only,0,false_positive,train_eligible,,dr25_clean_v2,FALSE POSITIVE,FALSE POSITIVE
7777471,K04075.01,train,neg_only,0,false_positive,train_eligible,,dr25_clean_v2,FALSE POSITIVE,FALSE POSITIVE
7777818,K04380.01,train,unlabelled_only,,,excluded,unresolved_candidate,dr25_clean_v2,CANDIDATE,CANDIDATE
7778621,K04725.01,train,pos_only,1,planet,train_eligible,,dr25_clean_v2,CONFIRMED,CANDIDATE
7778664,K07849.01,train,unlabelled_only,,,excluded,unresolved_candidate,dr25_clean_v2,CANDIDATE,CANDIDATE
7778767,K02523.01,train,pos_only,1,planet,train_eligible,,dr25_clean_v2,CONFIRMED,CANDIDATE
7778767,K02523.02,train,pos_only,,,excluded,unresolved_candidate,dr25_clean_v2,CANDIDATE,CANDIDATE
7779077,K01842.01,train,pos_only,1,planet,train_eligible,,dr25_clean_v2,CONFIRMED,CANDIDATE
7779942,K06163.01,train,neg_only,0,false_positive,train_eligible,,dr25_clean_v2,FALSE POSITIVE,FALSE POSITIVE
7798259,K06917.01,train,neg_only,0,false_positive,train_eligible,,dr25_clean_v2,FALSE POSITIVE,FALSE POSITIVE
7801070,K04361.01,train,unlabelled_only,,,excluded,unresolved_candidate,dr25_clean_v2,CANDIDATE,CANDIDATE
7810483,K01943.01,train,pos_only,1,planet,train_eligible,,dr25_clean_v2,CONFIRMED,CANDIDATE
7811397,K01477.01,train,unlabelled_only,,,excluded,unresolved_candidate,dr25_clean_v2,CANDIDATE,CANDIDATE
7812167,K01482.01,train,neg_only,0,false_positive,train_eligible,,dr25_clean_v2,FALSE POSITIVE,FALSE POSITIVE
7812175,K03665.01,train,neg_only,0,false_positive,train_eligible,,dr25_clean_v2,FALSE POSITIVE,FALSE POSITIVE
7812179,K00515.01,train,neg_only,0,false_positive,train_eligible,,dr25_clean_v2,FALSE POSITIVE,FALSE POSITIVE
7815744,K01710.01,train,pos_only,1,planet,train_eligible,,dr25_clean_v2,CONFIRMED,CANDIDATE
7815931,K02861.01,train,neg_only,0,false_positive,train_eligible,,dr25_clean_v2,FALSE POSITIVE,FALSE POSITIVE
7816665,K04227.01,train,neg_only,0,false_positive,train_eligible,,dr25_clean_v2,FALSE POSITIVE,FALSE POSITIVE
7816680,K06920.01,train,neg_only,0,false_positive,train_eligible,,dr25_clean_v2,FALSE POSITIVE,FALSE POSITIVE
7818447,K04028.01,train,neg_only,0,false_positive,train_eligible,,dr25_clean_v2,FALSE POSITIVE,FALSE POSITIVE
7825899,K00896.01,train,pos_only,1,planet,train_eligible,,dr25_clean_v2,CONFIRMED,CANDIDATE
7825899,K00896.02,train,pos_only,1,planet,train_eligible,,dr25_clean_v2,CONFIRMED,CANDIDATE
7825899,K00896.03,train,pos_only,,,excluded,unresolved_candidate,dr25_clean_v2,CANDIDATE,CANDIDATE
7826659,K02686.01,train,pos_only,1,planet,train_eligible,,dr25_clean_v2,CONFIRMED,CANDIDATE
7829836,K05433.01,train,unlabelled_only,,,excluded,unresolved_candidate,dr25_clean_v2,CANDIDATE,CANDIDATE
7830321,K06044.01,train,neg_only,0,false_positive,train_eligible,,dr25_clean_v2,FALSE POSITIVE,FALSE POSITIVE
7830637,K01454.01,train,neg_only,0,false_positive,train_eligible,,dr25_clean_v2,FALSE POSITIVE,FALSE POSITIVE
7831264,K00171.01,train,pos_only,1,planet,train_eligible,,dr25_clean_v2,CONFIRMED,CANDIDATE
7831264,K00171.02,train,pos_only,1,planet,train_eligible,,dr25_clean_v2,CONFIRMED,CANDIDATE
7831363,K03804.01,train,neg_only,0,false_positive,train_eligible,,dr25_clean_v2,FALSE POSITIVE,FALSE POSITIVE
7833305,K04528.01,train,unlabelled_only,,,excluded,unresolved_candidate,dr25_clean_v2,CANDIDATE,CANDIDATE
7834045,K04630.01,train,unlabelled_only,,,excluded,unresolved_candidate,dr25_clean_v2,CANDIDATE,CANDIDATE
7834712,K07850.01,train,unlabelled_only,,,excluded,unresolved_candidate,dr25_clean_v2,CANDIDATE,CANDIDATE
7837526,K05436.01,train,neg_only,0,false_positive,train_eligible,,dr25_clean_v2,FALSE POSITIVE,FALSE POSITIVE
7838655,K01464.01,train,neg_only,0,false_positive,train_eligible,,dr25_clean_v2,FALSE POSITIVE,FALSE POSITIVE
7838675,K04169.01,train,unlabelled_only,,,excluded,disposition_conflict,dr25_clean_v2,CONFIRMED,FALSE POSITIVE
7838906,K06165.01,train,neg_only,0,false_positive,train_eligible,,dr25_clean_v2,FALSE POSITIVE,FALSE POSITIVE
7838906,K06165.02,train,neg_only,0,false_positive,train_eligible,,dr25_clean_v2,FALSE POSITIVE,FALSE POSITIVE
7840044,K00516.01,train,neg_only,0,false_positive,train_eligible,,dr25_clean_v2,FALSE POSITIVE,FALSE POSITIVE
7841368,K07851.01,train,neg_only,0,false_positive,train_eligible,,dr25_clean_v2,FALSE POSITIVE,FALSE POSITIVE
7841925,K01499.01,train,pos_only,1,planet,train_eligible,,dr25_clean_v2,CONFIRMED,CANDIDATE
7841925,K01499.02,train,pos_only,,,excluded,unresolved_candidate,dr25_clean_v2,CANDIDATE,CANDIDATE
7841925,K01499.03,train,pos_only,1,planet,train_eligible,,dr25_clean_v2,CONFIRMED,CANDIDATE
7842610,K01453.01,train,neg_only,0,false_positive,train_eligible,,dr25_clean_v2,FALSE POSITIVE,FALSE POSITIVE
7846730,K06923.01,train,neg_only,0,false_positive,train_eligible,,dr25_clean_v2,FALSE POSITIVE,FALSE POSITIVE
7847104,K04412.01,train,neg_only,0,false_positive,train_eligible,,dr25_clean_v2,FALSE POSITIVE,FALSE POSITIVE
7847927,K06924.01,train,neg_only,0,false_positive,train_eligible,,dr25_clean_v2,FALSE POSITIVE,FALSE POSITIVE
7866921,K03360.01,train,neg_only,0,false_positive,train_eligible,,dr25_clean_v2,FALSE POSITIVE,FALSE POSITIVE
7869917,K01525.01,train,pos_only,1,planet,train_eligible,,dr25_clean_v2,CONFIRMED,CANDIDATE
7869917,K01525.02,train,pos_only,1,planet,train_eligible,,dr25_clean_v2,CONFIRMED,CANDIDATE
7870032,K01818.01,train,pos_only,1,planet,train_eligible,,dr25_clean_v2,CONFIRMED,CANDIDATE
7870250,K06926.01,train,neg_only,0,false_positive,train_eligible,,dr25_clean_v2,FALSE POSITIVE,FALSE POSITIVE
7870282,K04732.01,train,neg_only,0,false_positive,train_eligible,,dr25_clean_v2,FALSE POSITIVE,FALSE POSITIVE
7870390,K00898.01,train,pos_only,1,planet,train_eligible,,dr25_clean_v2,CONFIRMED,CANDIDATE
7870390,K00898.02,train,pos_only,1,planet,train_eligible,,dr25_clean_v2,CONFIRMED,CANDIDATE
7870390,K00898.03,train,pos_only,1,planet,train_eligible,,dr25_clean_v2,CONFIRMED,CANDIDATE
7874976,K08146.01,train,neg_only,0,false_positive,train_eligible,,dr25_clean_v2,FALSE POSITIVE,FALSE POSITIVE
7877496,K00202.01,train,pos_only,1,planet,train_eligible,,dr25_clean_v2,CONFIRMED,CANDIDATE
7877818,K03816.01,train,neg_only,0,false_positive,train_eligible,,dr25_clean_v2,FALSE POSITIVE,FALSE POSITIVE
7877824,K03530.01,train,neg_only,0,false_positive,train_eligible,,dr25_clean_v2,FALSE POSITIVE,FALSE POSITIVE
7879433,K02527.01,train,pos_only,1,planet,train_eligible,,dr25_clean_v2,CONFIRMED,CANDIDATE
7879648,K07852.01,train,neg_only,0,false_positive,train_eligible,,dr25_clean_v2,FALSE POSITIVE,FALSE POSITIVE
7882360,K07853.01,train,neg_only,0,false_positive,train_eligible,,dr25_clean_v2,FALSE POSITIVE,FALSE POSITIVE
7885494,K07854.01,train,neg_only,0,false_positive,train_eligible,,dr25_clean_v2,FALSE POSITIVE,FALSE POSITIVE
7885558,K05439.01,train,neg_only,0,false_positive,train_eligible,,dr25_clean_v2,FALSE POSITIVE,FALSE POSITIVE
7886329,K06930.01,train,neg_only,0,false_positive,train_eligible,,dr25_clean_v2,FALSE POSITIVE,FALSE POSITIVE
7887791,K01964.01,train,unlabelled_only,,,excluded,unresolved_candidate,dr25_clean_v2,CANDIDATE,CANDIDATE
7888957,K08147.01,train,neg_only,0,false_positive,train_eligible,,dr25_clean_v2,FALSE POSITIVE,FALSE POSITIVE
7889486,K03300.01,train,neg_only,0,false_positive,train_eligible,,dr25_clean_v2,FALSE POSITIVE,FALSE POSITIVE
7889486,K03300.02,train,neg_only,0,false_positive,train_eligible,,dr25_clean_v2,FALSE POSITIVE,FALSE POSITIVE
7891264,K07855.01,train,neg_only,0,false_positive,train_eligible,,dr25_clean_v2,FALSE POSITIVE,FALSE POSITIVE
7891294,K04699.01,train,unlabelled_only,,,excluded,unresolved_candidate,dr25_clean_v2,CANDIDATE,CANDIDATE
7897936,K07856.01,train,neg_only,0,false_positive,train_eligible,,dr25_clean_v2,FALSE POSITIVE,FALSE POSITIVE
7898576,K03566.01,train,neg_only,0,false_positive,train_eligible,,dr25_clean_v2,FALSE POSITIVE,FALSE POSITIVE
7899070,K02683.01,train,unlabelled_only,,,excluded,unresolved_candidate,dr25_clean_v2,CANDIDATE,CANDIDATE
7900450,K05441.01,train,unlabelled_only,,,excluded,unresolved_candidate,dr25_clean_v2,CANDIDATE,CANDIDATE
7901016,K04257.01,train,unlabelled_only,,,excluded,unresolved_candidate,dr25_clean_v2,CANDIDATE,CANDIDATE
7901948,K01511.01,train,pos_only,1,planet,train_eligible,,dr25_clean_v2,CONFIRMED,CANDIDATE
7902003,K03236.01,train,unlabelled_only,,,excluded,unresolved_candidate,dr25_clean_v2,CANDIDATE,CANDIDATE
7902204,K06931.01,train,unlabelled_only,,,excluded,unresolved_candidate,dr25_clean_v2,CANDIDATE,CANDIDATE
7903086,K02761.01,train,neg_only,0,false_positive,train_eligible,,dr25_clean_v2,FALSE POSITIVE,FALSE POSITIVE
7905106,K04582.01,train,unlabelled_only,,,excluded,unresolved_candidate,dr25_clean_v2,CANDIDATE,CANDIDATE
7906671,K03018.01,train,neg_only,0,false_positive,train_eligible,,dr25_clean_v2,FALSE POSITIVE,FALSE POSITIVE
7906739,K02165.01,train,neg_only,0,false_positive,train_eligible,,dr25_clean_v2,FALSE POSITIVE,FALSE POSITIVE
7906882,K00686.01,train,unlabelled_only,,,excluded,unresolved_candidate,dr25_clean_v2,CANDIDATE,CANDIDATE
7906892,K04773.01,train,unlabelled_only,,,excluded,unresolved_candidate,dr25_clean_v2,CANDIDATE,CANDIDATE
7906892,K04773.02,train,unlabelled_only,,,excluded,unresolved_candidate,dr25_clean_v2,CANDIDATE,CANDIDATE
7908367,K06166.01,train,pos_only,1,planet,train_eligible,,dr25_clean_v2,CONFIRMED,CANDIDATE
7908367,K06166.02,train,pos_only,1,planet,train_eligible,,dr25_clean_v2,CONFIRMED,CANDIDATE
7910148,K03661.01,train,neg_only,0,false_positive,train_eligible,,dr25_clean_v2,FALSE POSITIVE,FALSE POSITIVE
7914906,K06047.01,train,neg_only,0,false_positive,train_eligible,,dr25_clean_v2,FALSE POSITIVE,FALSE POSITIVE
7916058,K05445.01,train,neg_only,0,false_positive,train_eligible,,dr25_clean_v2,FALSE POSITIVE,FALSE POSITIVE
7918217,K01770.01,train,neg_only,0,false_positive,train_eligible,,dr25_clean_v2,FALSE POSITIVE,FALSE POSITIVE
7918478,K04209.01,train,unlabelled_only,,,excluded,unresolved_candidate,dr25_clean_v2,CANDIDATE,CANDIDATE
7918652,K02984.01,train,unlabelled_only,,,excluded,unresolved_candidate,dr25_clean_v2,CANDIDATE,CANDIDATE
7918992,K02095.01,train,pos_only,1,planet,train_eligible,,dr25_clean_v2,CONFIRMED,CANDIDATE
7919516,K07857.01,train,neg_only,0,false_positive,train_eligible,,dr25_clean_v2,FALSE POSITIVE,FALSE POSITIVE
7919653,K06932.01,train,neg_only,0,false_positive,train_eligible,,dr25_clean_v2,FALSE POSITIVE,FALSE POSITIVE
7935997,K05447.02,train,unlabelled_only,,,excluded,disposition_conflict,dr25_clean_v2,CONFIRMED,FALSE POSITIVE
7936194,K08149.01,train,neg_only,0,false_positive,train_eligible,,dr25_clean_v2,FALSE POSITIVE,FALSE POSITIVE
7938468,K06933.01,train,neg_only,0,false_positive,train_eligible,,dr25_clean_v2,FALSE POSITIVE,FALSE POSITIVE
7938496,K00900.01,train,pos_only,1,planet,train_eligible,,dr25_clean_v2,CONFIRMED,CANDIDATE
7938499,K05448.01,train,neg_only,0,false_positive,train_eligible,,dr25_clean_v2,FALSE POSITIVE,FALSE POSITIVE
7938883,K03974.01,train,neg_only,0,false_positive,train_eligible,,dr25_clean_v2,FALSE POSITIVE,FALSE POSITIVE
7941200,K00092.01,train,pos_only,1,planet,train_eligible,,dr25_clean_v2,CONFIRMED,CANDIDATE
7943535,K06935.01,train,neg_only,0,false_positive,train_eligible,,dr25_clean_v2,FALSE POSITIVE,FALSE POSITIVE
7947631,K06936.01,train,neg_only,0,false_positive,train_eligible,,dr25_clean_v2,FALSE POSITIVE,FALSE POSITIVE
7950644,K00192.01,train,pos_only,1,planet,train_eligible,,dr25_clean_v2,CONFIRMED,CANDIDATE
7950775,K06937.01,train,neg_only,0,false_positive,train_eligible,,dr25_clean_v2,FALSE POSITIVE,FALSE POSITIVE
7951018,K01553.01,train,pos_only,1,planet,train_eligible,,dr25_clean_v2,CONFIRMED,CANDIDATE
7954278,K07859.01,train,unlabelled_only,,,excluded,unresolved_candidate,dr25_clean_v2,CANDIDATE,CANDIDATE
7955580,K01711.01,train,pos_only,1,planet,train_eligible,,dr25_clean_v2,CONFIRMED,CANDIDATE
7959310,K08150.01,train,neg_only,0,false_positive,train_eligible,,dr25_clean_v2,FALSE POSITIVE,FALSE POSITIVE
7960295,K06939.01,train,neg_only,0,false_positive,train_eligible,,dr25_clean_v2,FALSE POSITIVE,FALSE POSITIVE
7960547,K06940.01,train,neg_only,0,false_positive,train_eligible,,dr25_clean_v2,FALSE POSITIVE,FALSE POSITIVE
7960980,K02274.01,train,pos_only,1,planet,train_eligible,,dr25_clean_v2,CONFIRMED,CANDIDATE
7967100,K06941.01,train,unlabelled_only,,,excluded,unresolved_candidate,dr25_clean_v2,CANDIDATE,CANDIDATE
7967517,K07860.01,train,neg_only,0,false_positive,train_eligible,,dr25_clean_v2,FALSE POSITIVE,FALSE POSITIVE
7968683,K04050.01,train,neg_only,0,false_positive,train_eligible,,dr25_clean_v2,FALSE POSITIVE,FALSE POSITIVE
7970629,K06942.01,train,neg_only,0,false_positive,train_eligible,,dr25_clean_v2,FALSE POSITIVE,FALSE POSITIVE
7971389,K06944.01,train,neg_only,0,false_positive,train_eligible,,dr25_clean_v2,FALSE POSITIVE,FALSE POSITIVE
7972785,K00184.01,train,neg_only,0,false_positive,train_eligible,,dr25_clean_v2,FALSE POSITIVE,FALSE POSITIVE
7975727,K00418.01,train,neg_only,0,false_positive,train_eligible,,dr25_clean_v2,FALSE POSITIVE,FALSE POSITIVE
7976136,K06945.01,train,neg_only,0,false_positive,train_eligible,,dr25_clean_v2,FALSE POSITIVE,FALSE POSITIVE
7976435,K06946.01,train,neg_only,0,false_positive,train_eligible,,dr25_clean_v2,FALSE POSITIVE,FALSE POSITIVE
7976520,K00687.01,train,unlabelled_only,,,excluded,unresolved_candidate,dr25_clean_v2,CANDIDATE,CANDIDATE
7983756,K03846.01,train,neg_only,0,false_positive,train_eligible,,dr25_clean_v2,FALSE POSITIVE,FALSE POSITIVE
7984574,K02400.01,train,unlabelled_only,,,excluded,unresolved_candidate,dr25_clean_v2,CANDIDATE,CANDIDATE
7985167,K06947.01,train,neg_only,0,false_positive,train_eligible,,dr25_clean_v2,FALSE POSITIVE,FALSE POSITIVE
7985733,K03219.01,train,neg_only,0,false_positive,train_eligible,,dr25_clean_v2,FALSE POSITIVE,FALSE POSITIVE
7987086,K03536.01,train,neg_only,0,false_positive,train_eligible,,dr25_clean_v2,FALSE POSITIVE,FALSE POSITIVE
7987749,K06948.01,train,neg_only,0,false_positive,train_eligible,,dr25_clean_v2,FALSE POSITIVE,FALSE POSITIVE
7987866,K02363.01,train,pos_only,1,planet,train_eligible,,dr25_clean_v2,CONFIRMED,CANDIDATE
7989422,K02151.01,train,neg_only,0,false_positive,train_eligible,,dr25_clean_v2,FALSE POSITIVE,FALSE POSITIVE
8004903,K02594.01,train,pos_only,1,planet,train_eligible,,dr25_clean_v2,CONFIRMED,CANDIDATE
8007675,K06949.01,train,neg_only,0,false_positive,train_eligible,,dr25_clean_v2,FALSE POSITIVE,FALSE POSITIVE
8008067,K00316.01,train,pos_only,1,planet,train_eligible,,dr25_clean_v2,CONFIRMED,CANDIDATE
8008067,K00316.02,train,pos_only,1,planet,train_eligible,,dr25_clean_v2,CONFIRMED,CANDIDATE
8008067,K00316.03,train,pos_only,1,planet,train_eligible,,dr25_clean_v2,CONFIRMED,CANDIDATE
8008128,K06950.01,train,neg_only,0,false_positive,train_eligible,,dr25_clean_v2,FALSE POSITIVE,FALSE POSITIVE
8008206,K00569.01,train,pos_only,1,planet,train_eligible,,dr25_clean_v2,CONFIRMED,CANDIDATE
8008206,K00569.02,train,pos_only,1,planet,train_eligible,,dr25_clean_v2,CONFIRMED,CANDIDATE
8008913,K08271.01,train,neg_only,0,false_positive,train_eligible,,dr25_clean_v2,FALSE POSITIVE,FALSE POSITIVE
8009350,K01569.01,train,pos_only,1,planet,train_eligible,,dr25_clean_v2,CONFIRMED,CANDIDATE
8009496,K01869.01,train,neg_only,0,false_positive,train_eligible,,dr25_clean_v2,FALSE POSITIVE,FALSE POSITIVE
8009500,K06951.01,train,neg_only,0,false_positive,train_eligible,,dr25_clean_v2,FALSE POSITIVE,FALSE POSITIVE
8013419,K00901.01,train,unlabelled_only,,,excluded,unresolved_candidate,dr25_clean_v2,CANDIDATE,CANDIDATE
8013439,K02352.01,train,pos_only,1,planet,train_eligible,,dr25_clean_v2,CONFIRMED,CANDIDATE
8013439,K02352.02,train,pos_only,1,planet,train_eligible,,dr25_clean_v2,CONFIRMED,CANDIDATE
8013439,K02352.03,train,pos_only,1,planet,train_eligible,,dr25_clean_v2,CONFIRMED,CANDIDATE
8015907,K00517.01,train,pos_only,1,planet,train_eligible,,dr25_clean_v2,CONFIRMED,CANDIDATE
8016214,K06953.01,train,neg_only,0,false_positive,train_eligible,,dr25_clean_v2,FALSE POSITIVE,FALSE POSITIVE
8016692,K06954.01,train,unlabelled_only,,,excluded,unresolved_candidate,dr25_clean_v2,CANDIDATE,CANDIDATE
8018547,K00902.01,train,unlabelled_only,,,excluded,unresolved_candidate,dr25_clean_v2,CANDIDATE,CANDIDATE
8022244,K00519.01,train,pos_only,1,planet,train_eligible,,dr25_clean_v2,CONFIRMED,CANDIDATE
8022244,K00519.02,train,pos_only,1,planet,train_eligible,,dr25_clean_v2,CONFIRMED,CANDIDATE
8022489,K02674.01,train,pos_only,1,planet,train_eligible,,dr25_clean_v2,CONFIRMED,CANDIDATE
8022489,K02674.02,train,pos_only,1,planet,train_eligible,,dr25_clean_v2,CONFIRMED,CANDIDATE
8022489,K02674.03,train,pos_only,1,planet,train_eligible,,dr25_clean_v2,CONFIRMED,CANDIDATE
8022520,K08272.01,train,unlabelled_only,,,excluded,unresolved_candidate,dr25_clean_v2,CANDIDATE,CANDIDATE
8023317,K06049.01,train,neg_only,0,false_positive,train_eligible,,dr25_clean_v2,FALSE POSITIVE,FALSE POSITIVE
8025596,K02615.01,train,pos_only,1,planet,train_eligible,,dr25_clean_v2,CONFIRMED,CANDIDATE
8027902,K06955.01,train,neg_only,0,false_positive,train_eligible,,dr25_clean_v2,FALSE POSITIVE,FALSE POSITIVE
8028465,K08152.01,train,neg_only,0,false_positive,train_eligible,,dr25_clean_v2,FALSE POSITIVE,FALSE POSITIVE
8029197,K04147.01,train,neg_only,0,false_positive,train_eligible,,dr25_clean_v2,FALSE POSITIVE,FALSE POSITIVE
8029848,K05463.01,train,neg_only,0,false_positive,train_eligible,,dr25_clean_v2,FALSE POSITIVE,FALSE POSITIVE
8030148,K00155.01,train,pos_only,1,planet,train_eligible,,dr25_clean_v2,CONFIRMED,CANDIDATE
8037038,K05466.01,train,pos_only,1,planet,train_eligible,,dr25_clean_v2,CONFIRMED,CANDIDATE
8039892,K00903.01,train,pos_only,1,planet,train_eligible,,dr25_clean_v2,CONFIRMED,CANDIDATE
8039925,K06956.01,train,neg_only,0,false_positive,train_eligible,,dr25_clean_v2,FALSE POSITIVE,FALSE POSITIVE
8041216,K00237.01,train,pos_only,1,planet,train_eligible,,dr25_clean_v2,CONFIRMED,CANDIDATE
8042453,K02304.01,train,pos_only,1,planet,train_eligible,,dr25_clean_v2,CONFIRMED,CANDIDATE
8042644,K06957.01,train,unlabelled_only,,,excluded,unresolved_candidate,dr25_clean_v2,CANDIDATE,CANDIDATE
8042747,K07861.01,train,neg_only,0,false_positive,train_eligible,,dr25_clean_v2,FALSE POSITIVE,FALSE POSITIVE
8042835,K07862.01,train,neg_only,0,false_positive,train_eligible,,dr25_clean_v2,FALSE POSITIVE,FALSE POSITIVE
8043714,K01765.01,train,neg_only,0,false_positive,train_eligible,,dr25_clean_v2,FALSE POSITIVE,FALSE POSITIVE
8043721,K04812.01,train,neg_only,0,false_positive,train_eligible,,dr25_clean_v2,FALSE POSITIVE,FALSE POSITIVE
8043882,K06169.01,train,neg_only,0,false_positive,train_eligible,,dr25_clean_v2,FALSE POSITIVE,FALSE POSITIVE
8044600,K04612.01,train,neg_only,0,false_positive,train_eligible,,dr25_clean_v2,FALSE POSITIVE,FALSE POSITIVE
8044608,K03523.01,train,neg_only,0,false_positive,train_eligible,,dr25_clean_v2,FALSE POSITIVE,FALSE POSITIVE
8046659,K01560.01,train,neg_only,0,false_positive,train_eligible,,dr25_clean_v2,FALSE POSITIVE,FALSE POSITIVE
8047283,K03760.01,train,neg_only,0,false_positive,train_eligible,,dr25_clean_v2,FALSE POSITIVE,FALSE POSITIVE
8047428,K04747.01,train,pos_only,1,planet,train_eligible,,dr25_clean_v2,CONFIRMED,CANDIDATE
8051946,K03038.01,train,pos_only,1,planet,train_eligible,,dr25_clean_v2,CONFIRMED,CANDIDATE
8052474,K03640.01,train,neg_only,0,false_positive,train_eligible,,dr25_clean_v2,FALSE POSITIVE,FALSE POSITIVE
8053552,K01549.01,train,neg_only,0,false_positive,train_eligible,,dr25_clean_v2,FALSE POSITIVE,FALSE POSITIVE
8054719,K04776.01,train,unlabelled_only,,,excluded,unresolved_candidate,dr25_clean_v2,CANDIDATE,CANDIDATE
8056665,K00089.01,train,pos_only,1,planet,train_eligible,,dr25_clean_v2,CONFIRMED,CANDIDATE
8056665,K00089.02,train,pos_only,1,planet,train_eligible,,dr25_clean_v2,CONFIRMED,CANDIDATE
8073705,K03245.01,train,pos_only,1,planet,train_eligible,,dr25_clean_v2,CONFIRMED,CANDIDATE
8074328,K02486.01,train,unlabelled_only,,,excluded,unresolved_candidate,dr25_clean_v2,CANDIDATE,CANDIDATE
8074805,K02670.01,train,neg_only,0,false_positive,train_eligible,,dr25_clean_v2,FALSE POSITIVE,FALSE POSITIVE
8077137,K00274.01,train,pos_only,1,planet,train_eligible,,dr25_clean_v2,CONFIRMED,CANDIDATE
8077137,K00274.02,train,pos_only,1,planet,train_eligible,,dr25_clean_v2,CONFIRMED,CANDIDATE
8078502,K03383.01,train,pos_only,1,planet,train_eligible,,dr25_clean_v2,CONFIRMED,CANDIDATE
8081187,K01951.01,train,pos_only,1,planet,train_eligible,,dr25_clean_v2,CONFIRMED,CANDIDATE
8081239,K03352.01,train,pos_only,1,planet,train_eligible,,dr25_clean_v2,CONFIRMED,CANDIDATE
8081389,K06958.01,train,neg_only,0,false_positive,train_eligible,,dr25_clean_v2,FALSE POSITIVE,FALSE POSITIVE
8081899,K02426.01,train,pos_only,1,planet,train_eligible,,dr25_clean_v2,CONFIRMED,CANDIDATE
8081905,K02619.01,train,pos_only,1,planet,train_eligible,,dr25_clean_v2,CONFIRMED,CANDIDATE
8082001,K01570.01,train,pos_only,1,planet,train_eligible,,dr25_clean_v2,CONFIRMED,CANDIDATE
8088354,K06959.01,train,neg_only,0,false_positive,train_eligible,,dr25_clean_v2,FALSE POSITIVE,FALSE POSITIVE
8091197,K06960.01,train,unlabelled_only,,,excluded,unresolved_candidate,dr25_clean_v2,CANDIDATE,CANDIDATE
8094140,K06961.01,train,neg_only,0,false_positive,train_eligible,,dr25_clean_v2,FALSE POSITIVE,FALSE POSITIVE
8094221,K06962.01,train,neg_only,0,false_positive,train_eligible,,dr25_clean_v2,FALSE POSITIVE,FALSE POSITIVE
8095099,K06171.01,train,neg_only,0,false_positive,train_eligible,,dr25_clean_v2,FALSE POSITIVE,FALSE POSITIVE
8095110,K03619.01,train,neg_only,0,false_positive,train_eligible,,dr25_clean_v2,FALSE POSITIVE,FALSE POSITIVE
8095441,K02743.01,train,pos_only,1,planet,train_eligible,,dr25_clean_v2,CONFIRMED,CANDIDATE
8097825,K06963.01,train,neg_only,0,false_positive,train_eligible,,dr25_clean_v2,FALSE POSITIVE,FALSE POSITIVE
8098212,K04487.01,train,unlabelled_only,,,excluded,unresolved_candidate,dr25_clean_v2,CANDIDATE,CANDIDATE
8098300,K06964.01,train,neg_only,0,false_positive,train_eligible,,dr25_clean_v2,FALSE POSITIVE,FALSE POSITIVE
8098515,K06965.01,train,neg_only,0,false_positive,train_eligible,,dr25_clean_v2,FALSE POSITIVE,FALSE POSITIVE
8098960,K06966.01,train,unlabelled_only,,,excluded,unresolved_candidate,dr25_clean_v2,CANDIDATE,CANDIDATE
8104030,K03269.01,train,neg_only,0,false_positive,train_eligible,,dr25_clean_v2,FALSE POSITIVE,FALSE POSITIVE
8104436,K06967.01,train,neg_only,0,false_positive,train_eligible,,dr25_clean_v2,FALSE POSITIVE,FALSE POSITIVE
8105719,K05476.01,train,unlabelled_only,,,excluded,unresolved_candidate,dr25_clean_v2,CANDIDATE,CANDIDATE
8106610,K00570.01,train,neg_only,0,false_positive,train_eligible,,dr25_clean_v2,FALSE POSITIVE,FALSE POSITIVE
8107150,K07863.01,train,unlabelled_only,,,excluded,unresolved_candidate,dr25_clean_v2,CANDIDATE,CANDIDATE
8107225,K00235.01,train,pos_only,1,planet,train_eligible,,dr25_clean_v2,CONFIRMED,CANDIDATE
8107380,K00162.01,train,pos_only,1,planet,train_eligible,,dr25_clean_v2,CONFIRMED,CANDIDATE
8107611,K04656.01,train,unlabelled_only,,,excluded,unresolved_candidate,dr25_clean_v2,CANDIDATE,CANDIDATE
8108437,K05478.01,train,neg_only,0,false_positive,train_eligible,,dr25_clean_v2,FALSE POSITIVE,FALSE POSITIVE
8109107,K04501.01,train,neg_only,0,false_positive,train_eligible,,dr25_clean_v2,FALSE POSITIVE,FALSE POSITIVE
8110757,K07865.01,train,unlabelled_only,,,excluded,unresolved_candidate,dr25_clean_v2,CANDIDATE,CANDIDATE
8110758,K07866.01,train,neg_only,0,false_positive,train_eligible,,dr25_clean_v2,FALSE POSITIVE,FALSE POSITIVE
8110767,K02504.01,train,pos_only,1,planet,train_eligible,,dr25_clean_v2,CONFIRMED,CANDIDATE
8111622,K06968.01,train,neg_only,0,false_positive,train_eligible,,dr25_clean_v2,FALSE POSITIVE,FALSE POSITIVE
8111919,K02030.01,train,neg_only,0,false_positive,train_eligible,,dr25_clean_v2,FALSE POSITIVE,FALSE POSITIVE
8112013,K06969.01,train,unlabelled_only,,,excluded,unresolved_candidate,dr25_clean_v2,CANDIDATE,CANDIDATE
8112324,K07867.01,train,neg_only,0,false_positive,train_eligible,,dr25_clean_v2,FALSE POSITIVE,FALSE POSITIVE
8113154,K01542.01,train,neg_only,0,false_positive,train_eligible,,dr25_clean_v2,FALSE POSITIVE,FALSE POSITIVE
8120820,K06971.01,train,unlabelled_only,,,excluded,unresolved_candidate,dr25_clean_v2,CANDIDATE,CANDIDATE
8121328,K03486.01,train,unlabelled_only,,,excluded,unresolved_candidate,dr25_clean_v2,CANDIDATE,CANDIDATE
8125580,K01014.01,train,pos_only,1,planet,train_eligible,,dr25_clean_v2,CONFIRMED,CANDIDATE
8126531,K07868.01,train,neg_only,0,false_positive,train_eligible,,dr25_clean_v2,FALSE POSITIVE,FALSE POSITIVE
8126558,K02259.01,train,pos_only,1,planet,train_eligible,,dr25_clean_v2,CONFIRMED,CANDIDATE
8127586,K01752.01,train,neg_only,0,false_positive,train_eligible,,dr25_clean_v2,FALSE POSITIVE,FALSE POSITIVE
8127639,K01012.01,train,neg_only,0,false_positive,train_eligible,,dr25_clean_v2,FALSE POSITIVE,FALSE POSITIVE
8128067,K04314.01,train,neg_only,0,false_positive,train_eligible,,dr25_clean_v2,FALSE POSITIVE,FALSE POSITIVE
8128965,K06974.01,train,neg_only,0,false_positive,train_eligible,,dr25_clean_v2,FALSE POSITIVE,FALSE POSITIVE
8129005,K04741.01,train,neg_only,0,false_positive,train_eligible,,dr25_clean_v2,FALSE POSITIVE,FALSE POSITIVE
8129189,K06975.01,train,neg_only,0,false_positive,train_eligible,,dr25_clean_v2,FALSE POSITIVE,FALSE POSITIVE
8129641,K08153.01,train,neg_only,0,false_positive,train_eligible,,dr25_clean_v2,FALSE POSITIVE,FALSE POSITIVE
8142787,K04005.01,train,pos_only,1,planet,train_eligible,,dr25_clean_v2,CONFIRMED,CANDIDATE
8142942,K01985.01,train,pos_only,1,planet,train_eligible,,dr25_clean_v2,CONFIRMED,CANDIDATE
8143170,K06976.01,train,neg_only,0,false_positive,train_eligible,,dr25_clean_v2,FALSE POSITIVE,FALSE POSITIVE
8145789,K06977.01,train,neg_only,0,false_positive,train_eligible,,dr25_clean_v2,FALSE POSITIVE,FALSE POSITIVE
8150320,K00904.01,train,pos_only,1,planet,train_eligible,,dr25_clean_v2,CONFIRMED,CANDIDATE
8150320,K00904.02,train,pos_only,1,planet,train_eligible,,dr25_clean_v2,CONFIRMED,CANDIDATE
8150320,K00904.03,train,pos_only,1,planet,train_eligible,,dr25_clean_v2,CONFIRMED,CANDIDATE
8150320,K00904.04,train,pos_only,1,planet,train_eligible,,dr25_clean_v2,CONFIRMED,CANDIDATE
8150320,K00904.05,train,pos_only,1,planet,train_eligible,,dr25_clean_v2,CONFIRMED,CANDIDATE
8151055,K03298.01,train,pos_only,1,planet,train_eligible,,dr25_clean_v2,CONFIRMED,CANDIDATE
8155584,K06979.01,train,neg_only,0,false_positive,train_eligible,,dr25_clean_v2,FALSE POSITIVE,FALSE POSITIVE
8155654,K06980.01,train,unlabelled_only,,,excluded,unresolved_candidate,dr25_clean_v2,CANDIDATE,CANDIDATE
8156120,K00318.01,train,pos_only,1,planet,train_eligible,,dr25_clean_v2,CONFIRMED,CANDIDATE
8158127,K01015.01,train,pos_only,1,planet,train_eligible,,dr25_clean_v2,CONFIRMED,CANDIDATE
8158127,K01015.02,train,pos_only,1,planet,train_eligible,,dr25_clean_v2,CONFIRMED,CANDIDATE
8158127,K01015.03,train,pos_only,,,excluded,unresolved_candidate,dr25_clean_v2,CANDIDATE,CANDIDATE
8158429,K05482.01,train,unlabelled_only,,,excluded,unresolved_candidate,dr25_clean_v2,CANDIDATE,CANDIDATE
8160953,K01858.01,train,pos_only,1,planet,train_eligible,,dr25_clean_v2,CONFIRMED,CANDIDATE
8161561,K00688.01,train,pos_only,1,planet,train_eligible,,dr25_clean_v2,CONFIRMED,CANDIDATE
8162376,K06982.01,train,neg_only,0,false_positive,train_eligible,,dr25_clean_v2,FALSE POSITIVE,FALSE POSITIVE
8162789,K00521.01,train,pos_only,1,planet,train_eligible,,dr25_clean_v2,CONFIRMED,CANDIDATE
8162789,K00521.02,train,pos_only,,,excluded,unresolved_candidate,dr25_clean_v2,CANDIDATE,CANDIDATE
8162790,K01712.01,train,neg_only,0,false_positive,train_eligible,,dr25_clean_v2,FALSE POSITIVE,FALSE POSITIVE
8164012,K02116.01,train,pos_only,1,planet,train_eligible,,dr25_clean_v2,CONFIRMED,CANDIDATE
8164257,K02073.01,train,pos_only,1,planet,train_eligible,,dr25_clean_v2,CONFIRMED,CANDIDATE
8164257,K02073.02,train,pos_only,1,planet,train_eligible,,dr25_clean_v2,CONFIRMED,CANDIDATE
8164257,K02073.03,train,pos_only,1,planet,train_eligible,,dr25_clean_v2,CONFIRMED,CANDIDATE
8164262,K01810.01,train,neg_only,0,false_positive,train_eligible,,dr25_clean_v2,FALSE POSITIVE,FALSE POSITIVE
8167504,K06983.01,train,unlabelled_only,,,excluded,unresolved_candidate,dr25_clean_v2,CANDIDATE,CANDIDATE
8167978,K06053.01,train,neg_only,0,false_positive,train_eligible,,dr25_clean_v2,FALSE POSITIVE,FALSE POSITIVE
8167996,K01867.01,train,pos_only,1,planet,train_eligible,,dr25_clean_v2,CONFIRMED,CANDIDATE
8167996,K01867.02,train,pos_only,1,planet,train_eligible,,dr25_clean_v2,CONFIRMED,CANDIDATE
8167996,K01867.03,train,pos_only,1,planet,train_eligible,,dr25_clean_v2,CONFIRMED,CANDIDATE
8168581,K06054.01,train,neg_only,0,false_positive,train_eligible,,dr25_clean_v2,FALSE POSITIVE,FALSE POSITIVE
8174625,K01017.01,train,pos_only,1,planet,train_eligible,,dr25_clean_v2,CONFIRMED,CANDIDATE
8175131,K02139.01,train,neg_only,0,false_positive,train_eligible,,dr25_clean_v2,FALSE POSITIVE,FALSE POSITIVE
8176650,K00960.01,train,neg_only,0,false_positive,train_eligible,,dr25_clean_v2,FALSE POSITIVE,FALSE POSITIVE
8176653,K01016.01,train,neg_only,0,false_positive,train_eligible,,dr25_clean_v2,FALSE POSITIVE,FALSE POSITIVE
8177798,K03624.01,train,neg_only,0,false_positive,train_eligible,,dr25_clean_v2,FALSE POSITIVE,FALSE POSITIVE
8179286,K07869.01,train,neg_only,0,false_positive,train_eligible,,dr25_clean_v2,FALSE POSITIVE,FALSE POSITIVE
8179325,K02359.01,train,neg_only,0,false_positive,train_eligible,,dr25_clean_v2,FALSE POSITIVE,FALSE POSITIVE
8179747,K05483.01,train,neg_only,0,false_positive,train_eligible,,dr25_clean_v2,FALSE POSITIVE,FALSE POSITIVE
8180020,K01741.01,train,neg_only,0,false_positive,train_eligible,,dr25_clean_v2,FALSE POSITIVE,FALSE POSITIVE
8180063,K00905.01,train,neg_only,0,false_positive,train_eligible,,dr25_clean_v2,FALSE POSITIVE,FALSE POSITIVE
8182107,K07870.01,train,unlabelled_only,,,excluded,unresolved_candidate,dr25_clean_v2,CANDIDATE,CANDIDATE
8183288,K03255.01,train,pos_only,1,planet,train_eligible,,dr25_clean_v2,CONFIRMED,CANDIDATE
8183911,K01018.01,train,neg_only,0,false_positive,train_eligible,,dr25_clean_v2,FALSE POSITIVE,FALSE POSITIVE
8189801,K02480.01,train,unlabelled_only,,,excluded,unresolved_candidate,dr25_clean_v2,CANDIDATE,CANDIDATE
8190354,K02781.01,train,neg_only,0,false_positive,train_eligible,,dr25_clean_v2,FALSE POSITIVE,FALSE POSITIVE
8191672,K00018.01,train,pos_only,1,planet,train_eligible,,dr25_clean_v2,CONFIRMED,CANDIDATE
8193178,K00572.01,train,pos_only,1,planet,train_eligible,,dr25_clean_v2,CONFIRMED,CANDIDATE
8193178,K00572.02,train,pos_only,1,planet,train_eligible,,dr25_clean_v2,CONFIRMED,CANDIDATE
8193315,K06988.01,train,neg_only,0,false_positive,train_eligible,,dr25_clean_v2,FALSE POSITIVE,FALSE POSITIVE
8195877,K06989.01,train,neg_only,0,false_positive,train_eligible,,dr25_clean_v2,FALSE POSITIVE,FALSE POSITIVE
8197176,K05485.01,train,unlabelled_only,,,excluded,unresolved_candidate,dr25_clean_v2,CANDIDATE,CANDIDATE
8197560,K03074.01,train,neg_only,0,false_positive,train_eligible,,dr25_clean_v2,FALSE POSITIVE,FALSE POSITIVE
8197761,K06175.01,train,neg_only,0,false_positive,train_eligible,,dr25_clean_v2,FALSE POSITIVE,FALSE POSITIVE
8197793,K03123.01,train,unlabelled_only,,,excluded,unresolved_candidate,dr25_clean_v2,CANDIDATE,CANDIDATE
8210018,K02762.01,train,pos_only,1,planet,train_eligible,,dr25_clean_v2,CONFIRMED,CANDIDATE
8210370,K07872.01,train,neg_only,0,false_positive,train_eligible,,dr25_clean_v2,FALSE POSITIVE,FALSE POSITIVE
8210721,K06991.01,train,neg_only,0,false_positive,train_eligible,,dr25_clean_v2,FALSE POSITIVE,FALSE POSITIVE
8211605,K03405.01,train,neg_only,0,false_positive,train_eligible,,dr25_clean_v2,FALSE POSITIVE,FALSE POSITIVE
8212002,K02593.01,train,pos_only,1,planet,train_eligible,,dr25_clean_v2,CONFIRMED,CANDIDATE
8212002,K02593.02,train,pos_only,,,excluded,unresolved_candidate,dr25_clean_v2,CANDIDATE,CANDIDATE
8218274,K01064.01,train,unlabelled_only,,,excluded,unresolved_candidate,dr25_clean_v2,CANDIDATE,CANDIDATE
8218379,K01920.01,train,pos_only,1,planet,train_eligible,,dr25_clean_v2,CONFIRMED,CANDIDATE
8218379,K01920.02,train,pos_only,,,excluded,unresolved_candidate,dr25_clean_v2,CANDIDATE,CANDIDATE
8219673,K00419.01,train,neg_only,0,false_positive,train_eligible,,dr25_clean_v2,FALSE POSITIVE,FALSE POSITIVE
8222395,K07873.01,train,unlabelled_only,,,excluded,unresolved_candidate,dr25_clean_v2,CANDIDATE,CANDIDATE
8222627,K04098.01,train,unlabelled_only,,,excluded,unresolved_candidate,dr25_clean_v2,CANDIDATE,CANDIDATE
8223328,K01767.01,train,neg_only,0,false_positive,train_eligible,,dr25_clean_v2,FALSE POSITIVE,FALSE POSITIVE
8223655,K05488.01,train,neg_only,0,false_positive,train_eligible,,dr25_clean_v2,FALSE POSITIVE,FALSE POSITIVE
8226050,K01910.01,train,pos_only,1,planet,train_eligible,,dr25_clean_v2,CONFIRMED,CANDIDATE
8226050,K01910.02,train,pos_only,,,excluded,unresolved_candidate,dr25_clean_v2,CANDIDATE,CANDIDATE
8226994,K00906.01,train,pos_only,1,planet,train_eligible,,dr25_clean_v2,CONFIRMED,CANDIDATE
8226994,K00906.02,train,pos_only,1,planet,train_eligible,,dr25_clean_v2,CONFIRMED,CANDIDATE
8226994,K00906.03,train,pos_only,1,planet,train_eligible,,dr25_clean_v2,CONFIRMED,CANDIDATE
8227086,K06993.01,train,unlabelled_only,,,excluded,unresolved_candidate,dr25_clean_v2,CANDIDATE,CANDIDATE
8229048,K06995.01,train,neg_only,0,false_positive,train_eligible,,dr25_clean_v2,FALSE POSITIVE,FALSE POSITIVE
8229696,K01072.01,train,pos_only,1,planet,train_eligible,,dr25_clean_v2,CONFIRMED,CANDIDATE
8230616,K01713.01,train,pos_only,1,planet,train_eligible,,dr25_clean_v2,CONFIRMED,CANDIDATE
8230616,K01713.02,train,pos_only,1,planet,train_eligible,,dr25_clean_v2,CONFIRMED,CANDIDATE
8231299,K07874.01,train,neg_only,0,false_positive,train_eligible,,dr25_clean_v2,FALSE POSITIVE,FALSE POSITIVE
8231667,K03494.01,train,pos_only,1,planet,train_eligible,,dr25_clean_v2,CONFIRMED,CANDIDATE
8233802,K03302.01,train,neg_only,0,false_positive,train_eligible,,dr25_clean_v2,FALSE POSITIVE,FALSE POSITIVE
8234477,K06997.01,train,neg_only,0,false_positive,train_eligible,,dr25_clean_v2,FALSE POSITIVE,FALSE POSITIVE
8235924,K02347.01,train,unlabelled_only,,,excluded,disposition_conflict,dr25_clean_v2,CONFIRMED,FALSE POSITIVE
8240109,K06998.01,train,neg_only,0,false_positive,train_eligible,,dr25_clean_v2,FALSE POSITIVE,FALSE POSITIVE
8240123,K03826.01,train,neg_only,0,false_positive,train_eligible,,dr25_clean_v2,FALSE POSITIVE,FALSE POSITIVE
8240797,K01809.01,train,pos_only,1,planet,train_eligible,,dr25_clean_v2,CONFIRMED,CANDIDATE
8240797,K01809.02,train,pos_only,1,planet,train_eligible,,dr25_clean_v2,CONFIRMED,CANDIDATE
8240904,K01070.01,train,pos_only,1,planet,train_eligible,,dr25_clean_v2,CONFIRMED,CANDIDATE
8240904,K01070.02,train,pos_only,1,planet,train_eligible,,dr25_clean_v2,CONFIRMED,CANDIDATE
8241079,K03020.01,train,unlabelled_only,,,excluded,unresolved_candidate,dr25_clean_v2,CANDIDATE,CANDIDATE
8242434,K01726.01,train,pos_only,1,planet,train_eligible,,dr25_clean_v2,CONFIRMED,CANDIDATE
8242681,K01065.01,train,neg_only,0,false_positive,train_eligible,,dr25_clean_v2,FALSE POSITIVE,FALSE POSITIVE
8242769,K07875.01,train,unlabelled_only,,,excluded,unresolved_candidate,dr25_clean_v2,CANDIDATE,CANDIDATE
8243283,K02952.01,train,neg_only,0,false_positive,train_eligible,,dr25_clean_v2,FALSE POSITIVE,FALSE POSITIVE
8244295,K07001.01,train,neg_only,0,false_positive,train_eligible,,dr25_clean_v2,FALSE POSITIVE,FALSE POSITIVE
8245108,K07876.01,train,neg_only,0,false_positive,train_eligible,,dr25_clean_v2,FALSE POSITIVE,FALSE POSITIVE
8246781,K01067.01,train,neg_only,0,false_positive,train_eligible,,dr25_clean_v2,FALSE POSITIVE,FALSE POSITIVE
8248103,K07002.01,train,unlabelled_only,,,excluded,unresolved_candidate,dr25_clean_v2,CANDIDATE,CANDIDATE
8248939,K00061.01,train,neg_only,0,false_positive,train_eligible,,dr25_clean_v2,FALSE POSITIVE,FALSE POSITIVE
8254882,K04164.01,train,neg_only,0,false_positive,train_eligible,,dr25_clean_v2,FALSE POSITIVE,FALSE POSITIVE
8255887,K00908.01,train,pos_only,1,planet,train_eligible,,dr25_clean_v2,CONFIRMED,CANDIDATE
8256044,K03652.01,train,neg_only,0,false_positive,train_eligible,,dr25_clean_v2,FALSE POSITIVE,FALSE POSITIVE
8256049,K00909.01,train,neg_only,0,false_positive,train_eligible,,dr25_clean_v2,FALSE POSITIVE,FALSE POSITIVE
8256453,K02573.01,train,unlabelled_only,,,excluded,unresolved_candidate,dr25_clean_v2,CANDIDATE,CANDIDATE
8256882,K07003.01,train,unlabelled_only,,,excluded,unresolved_candidate,dr25_clean_v2,CANDIDATE,CANDIDATE
8257205,K01986.01,train,pos_only,1,planet,train_eligible,,dr25_clean_v2,CONFIRMED,CANDIDATE
8257205,K01986.02,train,pos_only,1,planet,train_eligible,,dr25_clean_v2,CONFIRMED,CANDIDATE
8257407,K01063.01,train,neg_only,0,false_positive,train_eligible,,dr25_clean_v2,FALSE POSITIVE,FALSE POSITIVE
8258160,K03870.01,train,neg_only,0,false_positive,train_eligible,,dr25_clean_v2,FALSE POSITIVE,FALSE POSITIVE
8258171,K00286.01,train,neg_only,0,false_positive,train_eligible,,dr25_clean_v2,FALSE POSITIVE,FALSE POSITIVE
8260198,K03888.01,train,neg_only,0,false_positive,train_eligible,,dr25_clean_v2,FALSE POSITIVE,FALSE POSITIVE
8260269,K07877.01,train,neg_only,0,false_positive,train_eligible,,dr25_clean_v2,FALSE POSITIVE,FALSE POSITIVE
8260902,K02144.01,train,pos_only,1,planet,train_eligible,,dr25_clean_v2,CONFIRMED,CANDIDATE
8261920,K02174.01,train,pos_only,,,excluded,unresolved_candidate,dr25_clean_v2,CANDIDATE,CANDIDATE
8261920,K02174.02,train,pos_only,1,planet,train_eligible,,dr25_clean_v2,CONFIRMED,CANDIDATE
8261920,K02174.03,train,pos_only,1,planet,train_eligible,,dr25_clean_v2,CONFIRMED,CANDIDATE
8261920,K02174.04,train,pos_only,,,excluded,unresolved_candidate,dr25_clean_v2,CANDIDATE,CANDIDATE
8262223,K07004.01,train,neg_only,0,false_positive,train_eligible,,dr25_clean_v2,FALSE POSITIVE,FALSE POSITIVE
8263187,K07878.01,train,unlabelled_only,,,excluded,unresolved_candidate,dr25_clean_v2,CANDIDATE,CANDIDATE
8263545,K02822.01,train,pos_only,1,planet,train_eligible,,dr25_clean_v2,CONFIRMED,CANDIDATE
8263746,K03581.01,train,neg_only,0,false_positive,train_eligible,,dr25_clean_v2,FALSE POSITIVE,FALSE POSITIVE
8264070,K01068.01,train,neg_only,0,false_positive,train_eligible,,dr25_clean_v2,FALSE POSITIVE,FALSE POSITIVE
8265156,K06177.01,train,neg_only,0,false_positive,train_eligible,,dr25_clean_v2,FALSE POSITIVE,FALSE POSITIVE
8265218,K00522.01,train,unlabelled_only,,,excluded,unresolved_candidate,dr25_clean_v2,CANDIDATE,CANDIDATE
8277797,K01820.01,train,pos_only,1,planet,train_eligible,,dr25_clean_v2,CONFIRMED,CANDIDATE
8277797,K01820.02,train,pos_only,1,planet,train_eligible,,dr25_clean_v2,CONFIRMED,CANDIDATE
8278073,K04799.01,train,unlabelled_only,,,excluded,unresolved_candidate,dr25_clean_v2,CANDIDATE,CANDIDATE
8279765,K01130.01,train,neg_only,0,false_positive,train_eligible,,dr25_clean_v2,FALSE POSITIVE,FALSE POSITIVE
8280511,K01151.01,train,pos_only,1,planet,train_eligible,,dr25_clean_v2,CONFIRMED,CANDIDATE
8280511,K01151.02,train,pos_only,1,planet,train_eligible,,dr25_clean_v2,CONFIRMED,CANDIDATE
8280511,K01151.03,train,pos_only,1,planet,train_eligible,,dr25_clean_v2,CONFIRMED,CANDIDATE
8280511,K01151.04,train,pos_only,,,excluded,unresolved_candidate,dr25_clean_v2,CANDIDATE,CANDIDATE
8280511,K01151.05,train,pos_only,,,excluded,unresolved_candidate,dr25_clean_v2,CANDIDATE,CANDIDATE
8282651,K02193.01,train,pos_only,1,planet,train_eligible,,dr25_clean_v2,CONFIRMED,CANDIDATE
8282846,K04015.01,train,pos_only,1,planet,train_eligible,,dr25_clean_v2,CONFIRMED,CANDIDATE
8285254,K07008.01,train,neg_only,0,false_positive,train_eligible,,dr25_clean_v2,FALSE POSITIVE,FALSE POSITIVE
8285970,K07009.01,train,neg_only,0,false_positive,train_eligible,,dr25_clean_v2,FALSE POSITIVE,FALSE POSITIVE
8288404,K05498.01,train,neg_only,0,false_positive,train_eligible,,dr25_clean_v2,FALSE POSITIVE,FALSE POSITIVE
8288719,K07010.01,train,neg_only,0,false_positive,train_eligible,,dr25_clean_v2,FALSE POSITIVE,FALSE POSITIVE
8288947,K01142.01,train,pos_only,1,planet,train_eligible,,dr25_clean_v2,CONFIRMED,CANDIDATE
8292840,K00260.01,train,pos_only,1,planet,train_eligible,,dr25_clean_v2,CONFIRMED,CANDIDATE
8292840,K00260.02,train,pos_only,1,planet,train_eligible,,dr25_clean_v2,CONFIRMED,CANDIDATE
8292840,K00260.03,train,pos_only,1,planet,train_eligible,,dr25_clean_v2,CONFIRMED,CANDIDATE
8293631,K08274.01,train,neg_only,0,false_positive,train_eligible,,dr25_clean_v2,FALSE POSITIVE,FALSE POSITIVE
8294484,K07011.01,train,neg_only,0,false_positive,train_eligible,,dr25_clean_v2,FALSE POSITIVE,FALSE POSITIVE
8296467,K07012.01,train,neg_only,0,false_positive,train_eligible,,dr25_clean_v2,FALSE POSITIVE,FALSE POSITIVE
8297017,K07879.01,train,neg_only,0,false_positive,train_eligible,,dr25_clean_v2,FALSE POSITIVE,FALSE POSITIVE
8299947,K03631.01,train,neg_only,0,false_positive,train_eligible,,dr25_clean_v2,FALSE POSITIVE,FALSE POSITIVE
8299955,K01147.01,train,neg_only,0,false_positive,train_eligible,,dr25_clean_v2,FALSE POSITIVE,FALSE POSITIVE
8301013,K07013.01,train,neg_only,0,false_positive,train_eligible,,dr25_clean_v2,FALSE POSITIVE,FALSE POSITIVE
8307354,K08155.01,train,neg_only,0,false_positive,train_eligible,,dr25_clean_v2,FALSE POSITIVE,FALSE POSITIVE
8308347,K03761.01,train,neg_only,0,false_positive,train_eligible,,dr25_clean_v2,FALSE POSITIVE,FALSE POSITIVE
8308516,K07880.01,train,unlabelled_only,,,excluded,unresolved_candidate,dr25_clean_v2,CANDIDATE,CANDIDATE
8311864,K07016.01,train,pos_only,1,planet,train_eligible,,dr25_clean_v2,CONFIRMED,CANDIDATE
8312222,K07017.01,train,neg_only,0,false_positive,train_eligible,,dr25_clean_v2,FALSE POSITIVE,FALSE POSITIVE
8312852,K01143.01,train,neg_only,0,false_positive,train_eligible,,dr25_clean_v2,FALSE POSITIVE,FALSE POSITIVE
8313667,K01145.01,train,unlabelled_only,,,excluded,unresolved_candidate,dr25_clean_v2,CANDIDATE,CANDIDATE
8314801,K07018.01,train,neg_only,0,false_positive,train_eligible,,dr25_clean_v2,FALSE POSITIVE,FALSE POSITIVE
8316503,K07019.01,train,neg_only,0,false_positive,train_eligible,,dr25_clean_v2,FALSE POSITIVE,FALSE POSITIVE
8321314,K02293.01,train,pos_only,1,planet,train_eligible,,dr25_clean_v2,CONFIRMED,CANDIDATE
8323753,K00175.01,train,neg_only,0,false_positive,train_eligible,,dr25_clean_v2,FALSE POSITIVE,FALSE POSITIVE
8323764,K03767.01,train,neg_only,0,false_positive,train_eligible,,dr25_clean_v2,FALSE POSITIVE,FALSE POSITIVE
8324518,K04393.01,train,unlabelled_only,,,excluded,unresolved_candidate,dr25_clean_v2,CANDIDATE,CANDIDATE
8329346,K08275.01,train,unlabelled_only,,,excluded,unresolved_candidate,dr25_clean_v2,CANDIDATE,CANDIDATE
8330207,K04390.01,train,unlabelled_only,,,excluded,unresolved_candidate,dr25_clean_v2,CANDIDATE,CANDIDATE
8330548,K01132.01,train,neg_only,0,false_positive,train_eligible,,dr25_clean_v2,FALSE POSITIVE,FALSE POSITIVE
8331612,K03318.01,train,pos_only,1,planet,train_eligible,,dr25_clean_v2,CONFIRMED,CANDIDATE
8331612,K03318.02,train,pos_only,,,excluded,unresolved_candidate,dr25_clean_v2,CANDIDATE,CANDIDATE
8332521,K04567.01,train,unlabelled_only,,,excluded,unresolved_candidate,dr25_clean_v2,CANDIDATE,CANDIDATE
8332521,K04567.02,train,unlabelled_only,,,excluded,unresolved_candidate,dr25_clean_v2,CANDIDATE,CANDIDATE
8332986,K01137.01,train,neg_only,0,false_positive,train_eligible,,dr25_clean_v2,FALSE POSITIVE,FALSE POSITIVE
8344004,K00573.01,train,pos_only,1,planet,train_eligible,,dr25_clean_v2,CONFIRMED,CANDIDATE
8344004,K00573.02,train,pos_only,1,planet,train_eligible,,dr25_clean_v2,CONFIRMED,CANDIDATE
8345172,K02385.01,train,neg_only,0,false_positive,train_eligible,,dr25_clean_v2,FALSE POSITIVE,FALSE POSITIVE
8345473,K07881.01,train,neg_only,0,false_positive,train_eligible,,dr25_clean_v2,FALSE POSITIVE,FALSE POSITIVE
8349399,K04763.01,train,unlabelled_only,,,excluded,unresolved_candidate,dr25_clean_v2,CANDIDATE,CANDIDATE
8351704,K01146.01,train,pos_only,1,planet,train_eligible,,dr25_clean_v2,CONFIRMED,CANDIDATE
8355131,K04711.01,train,unlabelled_only,,,excluded,unresolved_candidate,dr25_clean_v2,CANDIDATE,CANDIDATE
8355178,K06178.01,train,unlabelled_only,,,excluded,unresolved_candidate,dr25_clean_v2,CANDIDATE,CANDIDATE
8356054,K03424.01,train,neg_only,0,false_positive,train_eligible,,dr25_clean_v2,FALSE POSITIVE,FALSE POSITIVE
8358008,K07022.01,train,neg_only,0,false_positive,train_eligible,,dr25_clean_v2,FALSE POSITIVE,FALSE POSITIVE
8359498,K00127.01,train,pos_only,1,planet,train_eligible,,dr25_clean_v2,CONFIRMED,CANDIDATE
8360640,K02982.01,train,pos_only,1,planet,train_eligible,,dr25_clean_v2,CONFIRMED,CANDIDATE
8362974,K07023.01,train,unlabelled_only,,,excluded,unresolved_candidate,dr25_clean_v2,CANDIDATE,CANDIDATE
8364115,K06056.01,train,neg_only,0,false_positive,train_eligible,,dr25_clean_v2,FALSE POSITIVE,FALSE POSITIVE
8364969,K05508.01,train,neg_only,0,false_positive,train_eligible,,dr25_clean_v2,FALSE POSITIVE,FALSE POSITIVE
8365739,K03722.01,train,neg_only,0,false_positive,train_eligible,,dr25_clean_v2,FALSE POSITIVE,FALSE POSITIVE
8367113,K00575.01,train,pos_only,1,planet,train_eligible,,dr25_clean_v2,CONFIRMED,CANDIDATE
8367644,K01879.01,train,pos_only,1,planet,train_eligible,,dr25_clean_v2,CONFIRMED,CANDIDATE
8374077,K06179.01,train,unlabelled_only,,,excluded,unresolved_candidate,dr25_clean_v2,CANDIDATE,CANDIDATE
8374394,K07883.01,train,neg_only,0,false_positive,train_eligible,,dr25_clean_v2,FALSE POSITIVE,FALSE POSITIVE
8374499,K07026.01,train,neg_only,0,false_positive,train_eligible,,dr25_clean_v2,FALSE POSITIVE,FALSE POSITIVE
8374580,K00615.01,train,neg_only,0,false_positive,train_eligible,,dr25_clean_v2,FALSE POSITIVE,FALSE POSITIVE
8376848,K04007.01,train,unlabelled_only,,,excluded,unresolved_candidate,dr25_clean_v2,CANDIDATE,CANDIDATE
8378634,K01139.01,train,neg_only,0,false_positive,train_eligible,,dr25_clean_v2,FALSE POSITIVE,FALSE POSITIVE
8378656,K07027.01,train,neg_only,0,false_positive,train_eligible,,dr25_clean_v2,FALSE POSITIVE,FALSE POSITIVE
8378922,K07028.01,train,neg_only,0,false_positive,train_eligible,,dr25_clean_v2,FALSE POSITIVE,FALSE POSITIVE
8379021,K03268.01,train,unlabelled_only,,,excluded,unresolved_candidate,dr25_clean_v2,CANDIDATE,CANDIDATE
8379705,K02507.01,train,pos_only,1,planet,train_eligible,,dr25_clean_v2,CONFIRMED,CANDIDATE
8380709,K02468.01,train,pos_only,1,planet,train_eligible,,dr25_clean_v2,CONFIRMED,CANDIDATE
8381592,K07030.01,train,neg_only,0,false_positive,train_eligible,,dr25_clean_v2,FALSE POSITIVE,FALSE POSITIVE
8381693,K04017.01,train,neg_only,0,false_positive,train_eligible,,dr25_clean_v2,FALSE POSITIVE,FALSE POSITIVE
8382339,K07031.01,train,neg_only,0,false_positive,train_eligible,,dr25_clean_v2,FALSE POSITIVE,FALSE POSITIVE
8386035,K01136.01,train,neg_only,0,false_positive,train_eligible,,dr25_clean_v2,FALSE POSITIVE,FALSE POSITIVE
8391983,K07884.01,train,unlabelled_only,,,excluded,unresolved_candidate,dr25_clean_v2,CANDIDATE,CANDIDATE
8394475,K07032.01,train,unlabelled_only,,,excluded,unresolved_candidate,dr25_clean_v2,CANDIDATE,CANDIDATE
8396288,K05512.01,train,unlabelled_only,,,excluded,unresolved_candidate,dr25_clean_v2,CANDIDATE,CANDIDATE
8396405,K01733.01,train,unlabelled_only,,,excluded,unresolved_candidate,dr25_clean_v2,CANDIDATE,CANDIDATE
8396660,K04407.01,train,unlabelled_only,,,excluded,unresolved_candidate,dr25_clean_v2,CANDIDATE,CANDIDATE
8397446,K01135.01,train,neg_only,0,false_positive,train_eligible,,dr25_clean_v2,FALSE POSITIVE,FALSE POSITIVE
8397675,K01140.01,train,unlabelled_only,,,excluded,unresolved_candidate,dr25_clean_v2,CANDIDATE,CANDIDATE
8397947,K04772.01,train,neg_only,,,excluded,unresolved_candidate,dr25_clean_v2,CANDIDATE,CANDIDATE
8397947,K04772.03,train,neg_only,0,false_positive,train_eligible,,dr25_clean_v2,FALSE POSITIVE,FALSE POSITIVE
8398290,K07033.01,train,neg_only,0,false_positive,train_eligible,,dr25_clean_v2,FALSE POSITIVE,FALSE POSITIVE
8409295,K03404.01,train,pos_only,1,planet,train_eligible,,dr25_clean_v2,CONFIRMED,CANDIDATE
8410415,K02291.01,train,pos_only,1,planet,train_eligible,,dr25_clean_v2,CONFIRMED,CANDIDATE
8410727,K01148.01,train,pos_only,1,planet,train_eligible,,dr25_clean_v2,CONFIRMED,CANDIDATE
8410727,K01148.02,train,pos_only,1,planet,train_eligible,,dr25_clean_v2,CONFIRMED,CANDIDATE
8414159,K07035.01,train,neg_only,0,false_positive,train_eligible,,dr25_clean_v2,FALSE POSITIVE,FALSE POSITIVE
8414216,K07036.01,train,neg_only,0,false_positive,train_eligible,,dr25_clean_v2,FALSE POSITIVE,FALSE POSITIVE
8414907,K01134.01,train,neg_only,0,false_positive,train_eligible,,dr25_clean_v2,FALSE POSITIVE,FALSE POSITIVE
8414907,K01134.02,train,neg_only,0,false_positive,train_eligible,,dr25_clean_v2,FALSE POSITIVE,FALSE POSITIVE
8414914,K05513.01,train,neg_only,0,false_positive,train_eligible,,dr25_clean_v2,FALSE POSITIVE,FALSE POSITIVE
8415200,K02730.01,train,pos_only,1,planet,train_eligible,,dr25_clean_v2,CONFIRMED,CANDIDATE
8415745,K01138.01,train,neg_only,0,false_positive,train_eligible,,dr25_clean_v2,FALSE POSITIVE,FALSE POSITIVE
8416523,K04441.01,train,pos_only,1,planet,train_eligible,,dr25_clean_v2,CONFIRMED,CANDIDATE
8417078,K04693.01,train,pos_only,1,planet,train_eligible,,dr25_clean_v2,CONFIRMED,CANDIDATE
8423903,K07038.01,train,neg_only,0,false_positive,train_eligible,,dr25_clean_v2,FALSE POSITIVE,FALSE POSITIVE
8424002,K03497.01,train,pos_only,1,planet,train_eligible,,dr25_clean_v2,CONFIRMED,CANDIDATE
8426567,K01914.01,train,pos_only,1,planet,train_eligible,,dr25_clean_v2,CONFIRMED,CANDIDATE
8429014,K07885.01,train,neg_only,0,false_positive,train_eligible,,dr25_clean_v2,FALSE POSITIVE,FALSE POSITIVE
8429314,K02624.01,train,pos_only,1,planet,train_eligible,,dr25_clean_v2,CONFIRMED,CANDIDATE
8429415,K02965.01,train,neg_only,0,false_positive,train_eligible,,dr25_clean_v2,FALSE POSITIVE,FALSE POSITIVE
8429450,K07039.01,train,neg_only,0,false_positive,train_eligible,,dr25_clean_v2,FALSE POSITIVE,FALSE POSITIVE
8429817,K05515.01,train,unlabelled_only,,,excluded,unresolved_candidate,dr25_clean_v2,CANDIDATE,CANDIDATE
8430053,K04603.01,train,unlabelled_only,,,excluded,unresolved_candidate,dr25_clean_v2,CANDIDATE,CANDIDATE
8432034,K05516.01,train,neg_only,0,false_positive,train_eligible,,dr25_clean_v2,FALSE POSITIVE,FALSE POSITIVE
8435247,K01131.01,train,unlabelled_only,,,excluded,unresolved_candidate,dr25_clean_v2,CANDIDATE,CANDIDATE
8439323,K04153.01,train,pos_only,1,planet,train_eligible,,dr25_clean_v2,CONFIRMED,CANDIDATE
8439618,K05518.01,train,neg_only,0,false_positive,train_eligible,,dr25_clean_v2,FALSE POSITIVE,FALSE POSITIVE
8439949,K08156.01,train,unlabelled_only,,,excluded,unresolved_candidate,dr25_clean_v2,CANDIDATE,CANDIDATE
8440062,K07886.01,train,neg_only,0,false_positive,train_eligible,,dr25_clean_v2,FALSE POSITIVE,FALSE POSITIVE
8443527,K03197.01,train,unlabelled_only,,,excluded,unresolved_candidate,dr25_clean_v2,CANDIDATE,CANDIDATE
8443812,K07041.01,train,unlabelled_only,,,excluded,unresolved_candidate,dr25_clean_v2,CANDIDATE,CANDIDATE
8444552,K01769.01,train,neg_only,0,false_positive,train_eligible,,dr25_clean_v2,FALSE POSITIVE,FALSE POSITIVE
8445775,K07042.01,train,neg_only,0,false_positive,train_eligible,,dr25_clean_v2,FALSE POSITIVE,FALSE POSITIVE
8453211,K00236.01,train,neg_only,0,false_positive,train_eligible,,dr25_clean_v2,FALSE POSITIVE,FALSE POSITIVE
8453214,K01776.01,train,neg_only,0,false_positive,train_eligible,,dr25_clean_v2,FALSE POSITIVE,FALSE POSITIVE
8453851,K04565.01,train,neg_only,0,false_positive,train_eligible,,dr25_clean_v2,FALSE POSITIVE,FALSE POSITIVE
8456679,K00102.01,train,pos_only,1,planet,train_eligible,,dr25_clean_v2,CONFIRMED,CANDIDATE
8456679,K00102.02,train,pos_only,,,excluded,disposition_conflict,dr25_clean_v2,CONFIRMED,FALSE POSITIVE
8458207,K06057.01,train,neg_only,0,false_positive,train_eligible,,dr25_clean_v2,FALSE POSITIVE,FALSE POSITIVE
8459354,K03863.01,train,neg_only,0,false_positive,train_eligible,,dr25_clean_v2,FALSE POSITIVE,FALSE POSITIVE
8459663,K04356.01,train,pos_only,1,planet,train_eligible,,dr25_clean_v2,CONFIRMED,CANDIDATE
8460600,K01730.01,train,neg_only,0,false_positive,train_eligible,,dr25_clean_v2,FALSE POSITIVE,FALSE POSITIVE
8462258,K01253.01,train,neg_only,0,false_positive,train_eligible,,dr25_clean_v2,FALSE POSITIVE,FALSE POSITIVE
8474898,K00576.01,train,neg_only,0,false_positive,train_eligible,,dr25_clean_v2,FALSE POSITIVE,FALSE POSITIVE
8479107,K07045.01,train,unlabelled_only,,,excluded,unresolved_candidate,dr25_clean_v2,CANDIDATE,CANDIDATE
8480582,K04386.01,train,pos_only,1,planet,train_eligible,,dr25_clean_v2,CONFIRMED,CANDIDATE
8480642,K05521.01,train,neg_only,0,false_positive,train_eligible,,dr25_clean_v2,FALSE POSITIVE,FALSE POSITIVE
8481129,K02402.01,train,pos_only,1,planet,train_eligible,,dr25_clean_v2,CONFIRMED,CANDIDATE
8487645,K04254.01,train,neg_only,0,false_positive,train_eligible,,dr25_clean_v2,FALSE POSITIVE,FALSE POSITIVE
8487748,K03905.01,train,neg_only,0,false_positive,train_eligible,,dr25_clean_v2,FALSE POSITIVE,FALSE POSITIVE
8488381,K07888.01,train,unlabelled_only,,,excluded,unresolved_candidate,dr25_clean_v2,CANDIDATE,CANDIDATE
8488876,K07047.01,train,neg_only,0,false_positive,train_eligible,,dr25_clean_v2,FALSE POSITIVE,FALSE POSITIVE
8488878,K01248.01,train,neg_only,0,false_positive,train_eligible,,dr25_clean_v2,FALSE POSITIVE,FALSE POSITIVE
8489260,K07889.01,train,unlabelled_only,,,excluded,unresolved_candidate,dr25_clean_v2,CANDIDATE,CANDIDATE
8490993,K00911.01,train,pos_only,1,planet,train_eligible,,dr25_clean_v2,CONFIRMED,CANDIDATE
8490993,K00911.02,train,pos_only,1,planet,train_eligible,,dr25_clean_v2,CONFIRMED,CANDIDATE
8491277,K00234.01,train,pos_only,1,planet,train_eligible,,dr25_clean_v2,CONFIRMED,CANDIDATE
8492101,K04437.01,train,neg_only,0,false_positive,train_eligible,,dr25_clean_v2,FALSE POSITIVE,FALSE POSITIVE
8493354,K04505.01,train,unlabelled_only,,,excluded,unresolved_candidate,dr25_clean_v2,CANDIDATE,CANDIDATE
8494142,K00370.01,train,pos_only,1,planet,train_eligible,,dr25_clean_v2,CONFIRMED,CANDIDATE
8494142,K00370.02,train,pos_only,1,planet,train_eligible,,dr25_clean_v2,CONFIRMED,CANDIDATE
8495232,K05524.01,train,neg_only,0,false_positive,train_eligible,,dr25_clean_v2,FALSE POSITIVE,FALSE POSITIVE
8495415,K02362.01,train,mixed,0,false_positive,train_eligible,,dr25_clean_v2,FALSE POSITIVE,FALSE POSITIVE
8495415,K02362.02,train,mixed,1,planet,train_eligible,,dr25_clean_v2,CONFIRMED,CANDIDATE
8505670,K00912.01,train,pos_only,1,planet,train_eligible,,dr25_clean_v2,CONFIRMED,CANDIDATE
8505670,K00912.02,train,pos_only,1,planet,train_eligible,,dr25_clean_v2,CONFIRMED,CANDIDATE
8505920,K02094.01,train,pos_only,1,planet,train_eligible,,dr25_clean_v2,CONFIRMED,CANDIDATE
8505920,K02094.02,train,pos_only,1,planet,train_eligible,,dr25_clean_v2,CONFIRMED,CANDIDATE
8507073,K05527.01,train,neg_only,0,false_positive,train_eligible,,dr25_clean_v2,FALSE POSITIVE,FALSE POSITIVE
8507475,K04300.01,train,pos_only,1,planet,train_eligible,,dr25_clean_v2,CONFIRMED,CANDIDATE
8508126,K04299.01,train,neg_only,0,false_positive,train_eligible,,dr25_clean_v2,FALSE POSITIVE,FALSE POSITIVE
8508493,K07890.01,train,neg_only,0,false_positive,train_eligible,,dr25_clean_v2,FALSE POSITIVE,FALSE POSITIVE
8509361,K01280.01,train,neg_only,0,false_positive,train_eligible,,dr25_clean_v2,FALSE POSITIVE,FALSE POSITIVE
8509442,K02992.01,train,unlabelled_only,,,excluded,unresolved_candidate,dr25_clean_v2,CANDIDATE,CANDIDATE
8509781,K05529.01,train,neg_only,0,false_positive,train_eligible,,dr25_clean_v2,FALSE POSITIVE,FALSE POSITIVE
8517303,K06181.01,train,neg_only,0,false_positive,train_eligible,,dr25_clean_v2,FALSE POSITIVE,FALSE POSITIVE
8517433,K07050.01,train,neg_only,0,false_positive,train_eligible,,dr25_clean_v2,FALSE POSITIVE,FALSE POSITIVE
8521059,K04093.01,train,neg_only,0,false_positive,train_eligible,,dr25_clean_v2,FALSE POSITIVE,FALSE POSITIVE
8524346,K04083.01,train,neg_only,0,false_positive,train_eligible,,dr25_clean_v2,FALSE POSITIVE,FALSE POSITIVE
8526387,K07051.01,train,neg_only,0,false_positive,train_eligible,,dr25_clean_v2,FALSE POSITIVE,FALSE POSITIVE
8540376,K07892.01,train,pos_only,1,planet,train_eligible,,dr25_clean_v2,CONFIRMED,CANDIDATE
8543100,K01975.01,train,pos_only,1,planet,train_eligible,,dr25_clean_v2,CONFIRMED,CANDIDATE
8543279,K03759.01,train,neg_only,0,false_positive,train_eligible,,dr25_clean_v2,FALSE POSITIVE,FALSE POSITIVE
8544992,K02466.01,train,pos_only,1,planet,train_eligible,,dr25_clean_v2,CONFIRMED,CANDIDATE
8544992,K02466.02,train,pos_only,1,planet,train_eligible,,dr25_clean_v2,CONFIRMED,CANDIDATE
8544996,K00913.01,train,pos_only,1,planet,train_eligible,,dr25_clean_v2,CONFIRMED,CANDIDATE
8546542,K03073.01,train,unlabelled_only,,,excluded,unresolved_candidate,dr25_clean_v2,CANDIDATE,CANDIDATE
8547429,K02658.01,train,pos_only,1,planet,train_eligible,,dr25_clean_v2,CONFIRMED,CANDIDATE
8552202,K00914.01,train,unlabelled_only,,,excluded,unresolved_candidate,dr25_clean_v2,CANDIDATE,CANDIDATE
8552500,K07053.01,train,neg_only,0,false_positive,train_eligible,,dr25_clean_v2,FALSE POSITIVE,FALSE POSITIVE
8552540,K07054.01,train,neg_only,0,false_positive,train_eligible,,dr25_clean_v2,FALSE POSITIVE,FALSE POSITIVE
8552565,K01277.01,train,neg_only,0,false_positive,train_eligible,,dr25_clean_v2,FALSE POSITIVE,FALSE POSITIVE
8552583,K01265.01,train,neg_only,0,false_positive,train_eligible,,dr25_clean_v2,FALSE POSITIVE,FALSE POSITIVE
8552587,K03941.01,train,neg_only,0,false_positive,train_eligible,,dr25_clean_v2,FALSE POSITIVE,FALSE POSITIVE
8552607,K05542.01,train,neg_only,0,false_positive,train_eligible,,dr25_clean_v2,FALSE POSITIVE,FALSE POSITIVE
8552719,K01792.01,train,mixed,1,planet,train_eligible,,dr25_clean_v2,CONFIRMED,CANDIDATE
8552719,K01792.02,train,mixed,0,false_positive,train_eligible,,dr25_clean_v2,FALSE POSITIVE,FALSE POSITIVE
8552719,K01792.03,train,mixed,1,planet,train_eligible,,dr25_clean_v2,CONFIRMED,CANDIDATE
8553788,K07055.01,train,neg_only,0,false_positive,train_eligible,,dr25_clean_v2,FALSE POSITIVE,FALSE POSITIVE
8553907,K07056.01,train,neg_only,0,false_positive,train_eligible,,dr25_clean_v2,FALSE POSITIVE,FALSE POSITIVE
8554498,K00005.01,train,unlabelled_only,,,excluded,unresolved_candidate,dr25_clean_v2,CANDIDATE,CANDIDATE
8554701,K03315.01,train,pos_only,1,planet,train_eligible,,dr25_clean_v2,CONFIRMED,CANDIDATE
8555967,K07894.01,train,unlabelled_only,,,excluded,unresolved_candidate,dr25_clean_v2,CANDIDATE,CANDIDATE
8557246,K07895.01,train,neg_only,0,false_positive,train_eligible,,dr25_clean_v2,FALSE POSITIVE,FALSE POSITIVE
8558011,K00577.01,train,pos_only,1,planet,train_eligible,,dr25_clean_v2,CONFIRMED,CANDIDATE
8558011,K00577.02,train,pos_only,1,planet,train_eligible,,dr25_clean_v2,CONFIRMED,CANDIDATE
8559152,K02488.01,train,pos_only,1,planet,train_eligible,,dr25_clean_v2,CONFIRMED,CANDIDATE
8559589,K03697.01,train,neg_only,0,false_positive,train_eligible,,dr25_clean_v2,FALSE POSITIVE,FALSE POSITIVE
8559644,K00139.01,train,pos_only,1,planet,train_eligible,,dr25_clean_v2,CONFIRMED,CANDIDATE
8559644,K00139.02,train,pos_only,1,planet,train_eligible,,dr25_clean_v2,CONFIRMED,CANDIDATE
8559796,K07057.01,train,neg_only,0,false_positive,train_eligible,,dr25_clean_v2,FALSE POSITIVE,FALSE POSITIVE
8559863,K07058.01,train,neg_only,0,false_positive,train_eligible,,dr25_clean_v2,FALSE POSITIVE,FALSE POSITIVE
8560285,K01249.01,train,neg_only,0,false_positive,train_eligible,,dr25_clean_v2,FALSE POSITIVE,FALSE POSITIVE
8560840,K01263.01,train,neg_only,0,false_positive,train_eligible,,dr25_clean_v2,FALSE POSITIVE,FALSE POSITIVE
8560927,K07897.01,train,neg_only,0,false_positive,train_eligible,,dr25_clean_v2,FALSE POSITIVE,FALSE POSITIVE
8560940,K03450.01,train,neg_only,0,false_positive,train_eligible,,dr25_clean_v2,FALSE POSITIVE,FALSE POSITIVE
8561063,K00961.01,train,pos_only,1,planet,train_eligible,,dr25_clean_v2,CONFIRMED,CANDIDATE
8561063,K00961.02,train,pos_only,,,excluded,disposition_conflict,dr25_clean_v2,CONFIRMED,FALSE POSITIVE
8561063,K00961.03,train,pos_only,1,planet,train_eligible,,dr25_clean_v2,CONFIRMED,CANDIDATE
8561192,K05544.01,train,neg_only,0,false_positive,train_eligible,,dr25_clean_v2,FALSE POSITIVE,FALSE POSITIVE
8561231,K02346.01,train,pos_only,1,planet,train_eligible,,dr25_clean_v2,CONFIRMED,CANDIDATE
8564587,K01270.01,train,pos_only,1,planet,train_eligible,,dr25_clean_v2,CONFIRMED,CANDIDATE
8564587,K01270.02,train,pos_only,1,planet,train_eligible,,dr25_clean_v2,CONFIRMED,CANDIDATE
8564674,K02022.01,train,pos_only,1,planet,train_eligible,,dr25_clean_v2,CONFIRMED,CANDIDATE
8564674,K02022.02,train,pos_only,1,planet,train_eligible,,dr25_clean_v2,CONFIRMED,CANDIDATE
8565266,K00578.01,train,pos_only,1,planet,train_eligible,,dr25_clean_v2,CONFIRMED,CANDIDATE
8565900,K07060.01,train,neg_only,0,false_positive,train_eligible,,dr25_clean_v2,FALSE POSITIVE,FALSE POSITIVE
8565912,K07898.01,train,neg_only,0,false_positive,train_eligible,,dr25_clean_v2,FALSE POSITIVE,FALSE POSITIVE
8569819,K07062.01,train,neg_only,0,false_positive,train_eligible,,dr25_clean_v2,FALSE POSITIVE,FALSE POSITIVE
8573168,K04610.01,train,neg_only,0,false_positive,train_eligible,,dr25_clean_v2,FALSE POSITIVE,FALSE POSITIVE
8574270,K07063.01,train,neg_only,0,false_positive,train_eligible,,dr25_clean_v2,FALSE POSITIVE,FALSE POSITIVE
8580438,K06058.01,train,neg_only,0,false_positive,train_eligible,,dr25_clean_v2,FALSE POSITIVE,FALSE POSITIVE
8581240,K03111.01,train,unlabelled_only,,,excluded,unresolved_candidate,dr25_clean_v2,CANDIDATE,CANDIDATE
8581240,K03111.02,train,unlabelled_only,,,excluded,unresolved_candidate,dr25_clean_v2,CANDIDATE,CANDIDATE
8581658,K07064.01,train,neg_only,0,false_positive,train_eligible,,dr25_clean_v2,FALSE POSITIVE,FALSE POSITIVE
8582291,K02330.01,train,neg_only,0,false_positive,train_eligible,,dr25_clean_v2,FALSE POSITIVE,FALSE POSITIVE
8583696,K01275.01,train,pos_only,1,planet,train_eligible,,dr25_clean_v2,CONFIRMED,CANDIDATE
8587439,K07899.01,train,neg_only,0,false_positive,train_eligible,,dr25_clean_v2,FALSE POSITIVE,FALSE POSITIVE
8588377,K03861.01,train,neg_only,0,false_positive,train_eligible,,dr25_clean_v2,FALSE POSITIVE,FALSE POSITIVE
8588982,K08158.01,train,neg_only,0,false_positive,train_eligible,,dr25_clean_v2,FALSE POSITIVE,FALSE POSITIVE
8589731,K03668.01,train,neg_only,0,false_positive,train_eligible,,dr25_clean_v2,FALSE POSITIVE,FALSE POSITIVE
8589754,K03518.01,train,neg_only,0,false_positive,train_eligible,,dr25_clean_v2,FALSE POSITIVE,FALSE POSITIVE
8590149,K06182.01,train,unlabelled_only,,,excluded,unresolved_candidate,dr25_clean_v2,CANDIDATE,CANDIDATE
8590776,K07900.01,train,neg_only,0,false_positive,train_eligible,,dr25_clean_v2,FALSE POSITIVE,FALSE POSITIVE
8590780,K06183.01,train,neg_only,0,false_positive,train_eligible,,dr25_clean_v2,FALSE POSITIVE,FALSE POSITIVE
8591173,K02181.01,train,pos_only,1,planet,train_eligible,,dr25_clean_v2,CONFIRMED,CANDIDATE
8591693,K02123.01,train,pos_only,1,planet,train_eligible,,dr25_clean_v2,CONFIRMED,CANDIDATE
8604993,K07066.01,train,neg_only,0,false_positive,train_eligible,,dr25_clean_v2,FALSE POSITIVE,FALSE POSITIVE
8605074,K00915.01,train,neg_only,0,false_positive,train_eligible,,dr25_clean_v2,FALSE POSITIVE,FALSE POSITIVE
8608490,K07067.01,train,neg_only,0,false_positive,train_eligible,,dr25_clean_v2,FALSE POSITIVE,FALSE POSITIVE
8608544,K08159.01,train,neg_only,0,false_positive,train_eligible,,dr25_clean_v2,FALSE POSITIVE,FALSE POSITIVE
8608544,K08159.02,train,neg_only,,,excluded,unresolved_candidate,dr25_clean_v2,CANDIDATE,CANDIDATE
8610483,K07068.01,train,neg_only,0,false_positive,train_eligible,,dr25_clean_v2,FALSE POSITIVE,FALSE POSITIVE
8611781,K02185.01,train,pos_only,1,planet,train_eligible,,dr25_clean_v2,CONFIRMED,CANDIDATE
8611832,K02414.01,train,pos_only,1,planet,train_eligible,,dr25_clean_v2,CONFIRMED,CANDIDATE
8611832,K02414.02,train,pos_only,1,planet,train_eligible,,dr25_clean_v2,CONFIRMED,CANDIDATE
8612275,K02111.01,train,pos_only,1,planet,train_eligible,,dr25_clean_v2,CONFIRMED,CANDIDATE
8612275,K02111.02,train,pos_only,1,planet,train_eligible,,dr25_clean_v2,CONFIRMED,CANDIDATE
8612847,K01264.01,train,pos_only,1,planet,train_eligible,,dr25_clean_v2,CONFIRMED,CANDIDATE
8613446,K07069.01,train,unlabelled_only,,,excluded,unresolved_candidate,dr25_clean_v2,CANDIDATE,CANDIDATE
8616873,K01251.01,train,neg_only,0,false_positive,train_eligible,,dr25_clean_v2,FALSE POSITIVE,FALSE POSITIVE
8618147,K08160.01,train,neg_only,0,false_positive,train_eligible,,dr25_clean_v2,FALSE POSITIVE,FALSE POSITIVE
8620402,K03267.01,train,pos_only,1,planet,train_eligible,,dr25_clean_v2,CONFIRMED,CANDIDATE
8620561,K03753.01,train,neg_only,0,false_positive,train_eligible,,dr25_clean_v2,FALSE POSITIVE,FALSE POSITIVE
8620565,K01250.01,train,neg_only,0,false_positive,train_eligible,,dr25_clean_v2,FALSE POSITIVE,FALSE POSITIVE
8621026,K07071.01,train,neg_only,0,false_positive,train_eligible,,dr25_clean_v2,FALSE POSITIVE,FALSE POSITIVE
8621348,K00461.01,train,neg_only,0,false_positive,train_eligible,,dr25_clean_v2,FALSE POSITIVE,FALSE POSITIVE
8621353,K03682.01,train,neg_only,0,false_positive,train_eligible,,dr25_clean_v2,FALSE POSITIVE,FALSE POSITIVE
8624860,K07072.01,train,unlabelled_only,,,excluded,unresolved_candidate,dr25_clean_v2,CANDIDATE,CANDIDATE
8625408,K07073.01,train,unlabelled_only,,,excluded,unresolved_candidate,dr25_clean_v2,CANDIDATE,CANDIDATE
8625732,K04701.01,train,neg_only,0,false_positive,train_eligible,,dr25_clean_v2,FALSE POSITIVE,FALSE POSITIVE
8625821,K01859.01,train,neg_only,0,false_positive,train_eligible,,dr25_clean_v2,FALSE POSITIVE,FALSE POSITIVE
8626325,K04775.01,train,unlabelled_only,,,excluded,unresolved_candidate,dr25_clean_v2,CANDIDATE,CANDIDATE
8628665,K03434.01,train,unlabelled_only,,,excluded,unresolved_candidate,dr25_clean_v2,CANDIDATE,CANDIDATE
8628761,K04580.01,train,unlabelled_only,,,excluded,unresolved_candidate,dr25_clean_v2,CANDIDATE,CANDIDATE
8628973,K00916.01,train,pos_only,1,planet,train_eligible,,dr25_clean_v2,CONFIRMED,CANDIDATE
8630840,K08161.01,train,neg_only,0,false_positive,train_eligible,,dr25_clean_v2,FALSE POSITIVE,FALSE POSITIVE
8631160,K01271.01,train,unlabelled_only,,,excluded,unresolved_candidate,dr25_clean_v2,CANDIDATE,CANDIDATE
8631504,K02503.01,train,pos_only,1,planet,train_eligible,,dr25_clean_v2,CONFIRMED,CANDIDATE
8631751,K02453.01,train,unlabelled_only,,,excluded,unresolved_candidate,dr25_clean_v2,CANDIDATE,CANDIDATE
8636333,K03349.01,train,pos_only,1,planet,train_eligible,,dr25_clean_v2,CONFIRMED,CANDIDATE
8636539,K02656.01,train,unlabelled_only,,,excluded,unresolved_candidate,dr25_clean_v2,CANDIDATE,CANDIDATE
8636600,K04478.01,train,pos_only,1,planet,train_eligible,,dr25_clean_v2,CONFIRMED,CANDIDATE
8637903,K08276.01,train,unlabelled_only,,,excluded,unresolved_candidate,dr25_clean_v2,CANDIDATE,CANDIDATE
8639908,K02700.01,train,unlabelled_only,,,excluded,unresolved_candidate,dr25_clean_v2,CANDIDATE,CANDIDATE
8644288,K00137.01,train,pos_only,1,planet,train_eligible,,dr25_clean_v2,CONFIRMED,CANDIDATE
8644288,K00137.02,train,pos_only,1,planet,train_eligible,,dr25_clean_v2,CONFIRMED,CANDIDATE
8644288,K00137.03,train,pos_only,1,planet,train_eligible,,dr25_clean_v2,CONFIRMED,CANDIDATE
8644365,K03384.01,train,pos_only,,,excluded,unresolved_candidate,dr25_clean_v2,CANDIDATE,CANDIDATE
8644365,K03384.02,train,pos_only,1,planet,train_eligible,,dr25_clean_v2,CONFIRMED,CANDIDATE
8644545,K05552.01,train,unlabelled_only,,,excluded,unresolved_candidate,dr25_clean_v2,CANDIDATE,CANDIDATE
8644911,K05553.01,train,unlabelled_only,,,excluded,unresolved_candidate,dr25_clean_v2,CANDIDATE,CANDIDATE
8645191,K04311.01,train,neg_only,0,false_positive,train_eligible,,dr25_clean_v2,FALSE POSITIVE,FALSE POSITIVE
8649876,K07595.01,train,neg_only,0,false_positive,train_eligible,,dr25_clean_v2,FALSE POSITIVE,FALSE POSITIVE
8651389,K01754.01,train,pos_only,1,planet,train_eligible,,dr25_clean_v2,CONFIRMED,CANDIDATE
8652360,K04562.01,train,neg_only,0,false_positive,train_eligible,,dr25_clean_v2,FALSE POSITIVE,FALSE POSITIVE
8652360,K04562.02,train,neg_only,0,false_positive,train_eligible,,dr25_clean_v2,FALSE POSITIVE,FALSE POSITIVE
8652577,K04458.01,train,unlabelled_only,,,excluded,unresolved_candidate,dr25_clean_v2,CANDIDATE,CANDIDATE
8653134,K06186.01,train,pos_only,1,planet,train_eligible,,dr25_clean_v2,CONFIRMED,CANDIDATE
8655354,K00917.01,train,neg_only,0,false_positive,train_eligible,,dr25_clean_v2,FALSE POSITIVE,FALSE POSITIVE
8655458,K06060.01,train,neg_only,0,false_positive,train_eligible,,dr25_clean_v2,FALSE POSITIVE,FALSE POSITIVE
8668810,K03538.01,train,neg_only,0,false_positive,train_eligible,,dr25_clean_v2,FALSE POSITIVE,FALSE POSITIVE
8669092,K00068.01,train,neg_only,0,false_positive,train_eligible,,dr25_clean_v2,FALSE POSITIVE,FALSE POSITIVE
8673511,K08277.01,train,unlabelled_only,,,excluded,unresolved_candidate,dr25_clean_v2,CANDIDATE,CANDIDATE
8676148,K02544.01,train,pos_only,1,planet,train_eligible,,dr25_clean_v2,CONFIRMED,CANDIDATE
8677057,K07903.01,train,unlabelled_only,,,excluded,unresolved_candidate,dr25_clean_v2,CANDIDATE,CANDIDATE
8678594,K01261.01,train,pos_only,1,planet,train_eligible,,dr25_clean_v2,CONFIRMED,CANDIDATE
8678594,K01261.02,train,pos_only,1,planet,train_eligible,,dr25_clean_v2,CONFIRMED,CANDIDATE
8678664,K01782.01,train,neg_only,0,false_positive,train_eligible,,dr25_clean_v2,FALSE POSITIVE,FALSE POSITIVE
8681734,K02340.01,train,pos_only,1,planet,train_eligible,,dr25_clean_v2,CONFIRMED,CANDIDATE
8684730,K00319.01,train,pos_only,1,planet,train_eligible,,dr25_clean_v2,CONFIRMED,CANDIDATE
8686150,K00919.01,train,neg_only,0,false_positive,train_eligible,,dr25_clean_v2,FALSE POSITIVE,FALSE POSITIVE
8686373,K04066.01,train,pos_only,1,planet,train_eligible,,dr25_clean_v2,CONFIRMED,CANDIDATE
8687088,K02749.01,train,neg_only,0,false_positive,train_eligible,,dr25_clean_v2,FALSE POSITIVE,FALSE POSITIVE
8689031,K00920.01,train,pos_only,1,planet,train_eligible,,dr25_clean_v2,CONFIRMED,CANDIDATE
8689373,K00921.01,train,pos_only,1,planet,train_eligible,,dr25_clean_v2,CONFIRMED,CANDIDATE
8689373,K00921.02,train,pos_only,1,planet,train_eligible,,dr25_clean_v2,CONFIRMED,CANDIDATE
8689373,K00921.03,train,pos_only,1,planet,train_eligible,,dr25_clean_v2,CONFIRMED,CANDIDATE
8695311,K03042.01,train,unlabelled_only,,,excluded,unresolved_candidate,dr25_clean_v2,CANDIDATE,CANDIDATE
8700537,K04170.01,train,neg_only,0,false_positive,train_eligible,,dr25_clean_v2,FALSE POSITIVE,FALSE POSITIVE
8700558,K00320.01,train,neg_only,0,false_positive,train_eligible,,dr25_clean_v2,FALSE POSITIVE,FALSE POSITIVE
8700895,K04523.01,train,unlabelled_only,,,excluded,unresolved_candidate,dr25_clean_v2,CANDIDATE,CANDIDATE
8702537,K07905.01,train,unlabelled_only,,,excluded,unresolved_candidate,dr25_clean_v2,CANDIDATE,CANDIDATE
8702921,K06187.01,train,neg_only,0,false_positive,train_eligible,,dr25_clean_v2,FALSE POSITIVE,FALSE POSITIVE
8703491,K07906.01,train,neg_only,0,false_positive,train_eligible,,dr25_clean_v2,FALSE POSITIVE,FALSE POSITIVE
8703506,K07907.01,train,neg_only,0,false_positive,train_eligible,,dr25_clean_v2,FALSE POSITIVE,FALSE POSITIVE
8703884,K01262.01,train,neg_only,0,false_positive,train_eligible,,dr25_clean_v2,FALSE POSITIVE,FALSE POSITIVE
8703887,K00287.01,train,neg_only,0,false_positive,train_eligible,,dr25_clean_v2,FALSE POSITIVE,FALSE POSITIVE
8709688,K03019.01,train,pos_only,1,planet,train_eligible,,dr25_clean_v2,CONFIRMED,CANDIDATE
8709688,K03019.02,train,pos_only,,,excluded,unresolved_candidate,dr25_clean_v2,CANDIDATE,CANDIDATE
8711548,K07079.01,train,neg_only,0,false_positive,train_eligible,,dr25_clean_v2,FALSE POSITIVE,FALSE POSITIVE
8711794,K00105.01,train,pos_only,1,planet,train_eligible,,dr25_clean_v2,CONFIRMED,CANDIDATE
8712863,K07908.01,train,neg_only,0,false_positive,train_eligible,,dr25_clean_v2,FALSE POSITIVE,FALSE POSITIVE
8719324,K03716.01,train,neg_only,0,false_positive,train_eligible,,dr25_clean_v2,FALSE POSITIVE,FALSE POSITIVE
8719324,K03716.02,train,neg_only,0,false_positive,train_eligible,,dr25_clean_v2,FALSE POSITIVE,FALSE POSITIVE
8719419,K03506.01,train,neg_only,0,false_positive,train_eligible,,dr25_clean_v2,FALSE POSITIVE,FALSE POSITIVE
8719897,K07081.01,train,neg_only,0,false_positive,train_eligible,,dr25_clean_v2,FALSE POSITIVE,FALSE POSITIVE
8736245,K07082.01,train,neg_only,0,false_positive,train_eligible,,dr25_clean_v2,FALSE POSITIVE,FALSE POSITIVE
8737796,K01252.01,train,neg_only,0,false_positive,train_eligible,,dr25_clean_v2,FALSE POSITIVE,FALSE POSITIVE
8738735,K00693.01,train,pos_only,1,planet,train_eligible,,dr25_clean_v2,CONFIRMED,CANDIDATE
8738735,K00693.02,train,pos_only,1,planet,train_eligible,,dr25_clean_v2,CONFIRMED,CANDIDATE
8738775,K03432.01,train,pos_only,1,planet,train_eligible,,dr25_clean_v2,CONFIRMED,CANDIDATE
8739209,K07084.01,train,neg_only,0,false_positive,train_eligible,,dr25_clean_v2,FALSE POSITIVE,FALSE POSITIVE
8740744,K08164.01,train,neg_only,0,false_positive,train_eligible,,dr25_clean_v2,FALSE POSITIVE,FALSE POSITIVE
8741367,K05566.01,train,unlabelled_only,,,excluded,unresolved_candidate,dr25_clean_v2,CANDIDATE,CANDIDATE
8741470,K04251.01,train,unlabelled_only,,,excluded,unresolved_candidate,dr25_clean_v2,CANDIDATE,CANDIDATE
8742270,K05567.01,train,neg_only,0,false_positive,train_eligible,,dr25_clean_v2,FALSE POSITIVE,FALSE POSITIVE
8742590,K01281.01,train,pos_only,1,planet,train_eligible,,dr25_clean_v2,CONFIRMED,CANDIDATE
8742735,K08165.01,train,neg_only,0,false_positive,train_eligible,,dr25_clean_v2,FALSE POSITIVE,FALSE POSITIVE
8743244,K08166.01,train,neg_only,0,false_positive,train_eligible,,dr25_clean_v2,FALSE POSITIVE,FALSE POSITIVE
8743244,K08166.02,train,neg_only,0,false_positive,train_eligible,,dr25_clean_v2,FALSE POSITIVE,FALSE POSITIVE
8746295,K02475.01,train,neg_only,0,false_positive,train_eligible,,dr25_clean_v2,FALSE POSITIVE,FALSE POSITIVE
8746310,K07085.01,train,neg_only,0,false_positive,train_eligible,,dr25_clean_v2,FALSE POSITIVE,FALSE POSITIVE
8747222,K05569.01,train,neg_only,0,false_positive,train_eligible,,dr25_clean_v2,FALSE POSITIVE,FALSE POSITIVE
8748435,K08167.01,train,neg_only,0,false_positive,train_eligible,,dr25_clean_v2,FALSE POSITIVE,FALSE POSITIVE
8750503,K07910.01,train,neg_only,0,false_positive,train_eligible,,dr25_clean_v2,FALSE POSITIVE,FALSE POSITIVE
8751796,K03125.01,train,pos_only,1,planet,train_eligible,,dr25_clean_v2,CONFIRMED,CANDIDATE
8751933,K01257.01,train,unlabelled_only,,,excluded,disposition_conflict,dr25_clean_v2,CONFIRMED,FALSE POSITIVE
8752940,K04730.01,train,unlabelled_only,,,excluded,unresolved_candidate,dr25_clean_v2,CANDIDATE,CANDIDATE
8753896,K02473.01,train,pos_only,1,planet,train_eligible,,dr25_clean_v2,CONFIRMED,CANDIDATE
8753896,K02473.03,train,pos_only,1,planet,train_eligible,,dr25_clean_v2,CONFIRMED,CANDIDATE
8757824,K02552.01,train,pos_only,1,planet,train_eligible,,dr25_clean_v2,CONFIRMED,CANDIDATE
8757910,K01269.01,train,neg_only,0,false_positive,train_eligible,,dr25_clean_v2,FALSE POSITIVE,FALSE POSITIVE
8758136,K03006.01,train,unlabelled_only,,,excluded,unresolved_candidate,dr25_clean_v2,CANDIDATE,CANDIDATE
8758204,K02841.01,train,pos_only,1,planet,train_eligible,,dr25_clean_v2,CONFIRMED,CANDIDATE
8760040,K02963.01,train,pos_only,1,planet,train_eligible,,dr25_clean_v2,CONFIRMED,CANDIDATE
8760040,K02963.02,train,pos_only,,,excluded,unresolved_candidate,dr25_clean_v2,CANDIDATE,CANDIDATE
8760135,K03524.01,train,neg_only,0,false_positive,train_eligible,,dr25_clean_v2,FALSE POSITIVE,FALSE POSITIVE
8760760,K07088.01,train,unlabelled_only,,,excluded,unresolved_candidate,dr25_clean_v2,CANDIDATE,CANDIDATE
8761550,K07912.01,train,neg_only,0,false_positive,train_eligible,,dr25_clean_v2,FALSE POSITIVE,FALSE POSITIVE
8766285,K05571.01,train,neg_only,0,false_positive,train_eligible,,dr25_clean_v2,FALSE POSITIVE,FALSE POSITIVE
8766650,K01904.01,train,pos_only,1,planet,train_eligible,,dr25_clean_v2,CONFIRMED,CANDIDATE
8767034,K07089.01,train,neg_only,0,false_positive,train_eligible,,dr25_clean_v2,FALSE POSITIVE,FALSE POSITIVE
8773015,K04301.01,train,pos_only,1,planet,train_eligible,,dr25_clean_v2,CONFIRMED,CANDIDATE
8773015,K04301.02,train,pos_only,,,excluded,unresolved_candidate,dr25_clean_v2,CANDIDATE,CANDIDATE
8773948,K07090.01,train,neg_only,0,false_positive,train_eligible,,dr25_clean_v2,FALSE POSITIVE,FALSE POSITIVE
8780959,K03741.01,train,mixed,0,false_positive,train_eligible,,dr25_clean_v2,FALSE POSITIVE,FALSE POSITIVE
8780959,K03741.02,train,mixed,0,false_positive,train_eligible,,dr25_clean_v2,FALSE POSITIVE,FALSE POSITIVE
8780959,K03741.03,train,mixed,1,planet,train_eligible,,dr25_clean_v2,CONFIRMED,CANDIDATE
8780959,K03741.04,train,mixed,,,excluded,disposition_conflict,dr25_clean_v2,CONFIRMED,FALSE POSITIVE
8780968,K03653.01,train,neg_only,0,false_positive,train_eligible,,dr25_clean_v2,FALSE POSITIVE,FALSE POSITIVE
8781480,K03929.01,train,neg_only,0,false_positive,train_eligible,,dr25_clean_v2,FALSE POSITIVE,FALSE POSITIVE
8784288,K07091.01,train,neg_only,0,false_positive,train_eligible,,dr25_clean_v2,FALSE POSITIVE,FALSE POSITIVE
8801343,K01247.01,train,neg_only,0,false_positive,train_eligible,,dr25_clean_v2,FALSE POSITIVE,FALSE POSITIVE
8802693,K02000.01,train,pos_only,1,planet,train_eligible,,dr25_clean_v2,CONFIRMED,CANDIDATE
8803757,K04904.01,train,unlabelled_only,,,excluded,unresolved_candidate,dr25_clean_v2,CANDIDATE,CANDIDATE
8804283,K01276.01,train,pos_only,1,planet,train_eligible,,dr25_clean_v2,CONFIRMED,CANDIDATE
8804283,K01276.02,train,pos_only,1,planet,train_eligible,,dr25_clean_v2,CONFIRMED,CANDIDATE
8804397,K01853.01,train,pos_only,1,planet,train_eligible,,dr25_clean_v2,CONFIRMED,CANDIDATE
8804455,K02159.01,train,neg_only,,,excluded,unresolved_candidate,dr25_clean_v2,CANDIDATE,CANDIDATE
8804455,K02159.02,train,neg_only,0,false_positive,train_eligible,,dr25_clean_v2,FALSE POSITIVE,FALSE POSITIVE
8804845,K02039.01,train,pos_only,1,planet,train_eligible,,dr25_clean_v2,CONFIRMED,CANDIDATE
8804845,K02039.02,train,pos_only,1,planet,train_eligible,,dr25_clean_v2,CONFIRMED,CANDIDATE
8805348,K00695.01,train,pos_only,1,planet,train_eligible,,dr25_clean_v2,CONFIRMED,CANDIDATE
8806072,K01273.01,train,pos_only,1,planet,train_eligible,,dr25_clean_v2,CONFIRMED,CANDIDATE
8806123,K00523.01,train,pos_only,1,planet,train_eligible,,dr25_clean_v2,CONFIRMED,CANDIDATE
8806123,K00523.02,train,pos_only,1,planet,train_eligible,,dr25_clean_v2,CONFIRMED,CANDIDATE
8806985,K04588.01,train,unlabelled_only,,,excluded,unresolved_candidate,dr25_clean_v2,CANDIDATE,CANDIDATE
8808064,K08169.01,train,neg_only,0,false_positive,train_eligible,,dr25_clean_v2,FALSE POSITIVE,FALSE POSITIVE
8811490,K04811.01,train,unlabelled_only,,,excluded,unresolved_candidate,dr25_clean_v2,CANDIDATE,CANDIDATE
8813404,K08170.01,train,neg_only,0,false_positive,train_eligible,,dr25_clean_v2,FALSE POSITIVE,FALSE POSITIVE
8813698,K01268.01,train,unlabelled_only,,,excluded,unresolved_candidate,dr25_clean_v2,CANDIDATE,CANDIDATE
8815031,K08171.01,train,neg_only,0,false_positive,train_eligible,,dr25_clean_v2,FALSE POSITIVE,FALSE POSITIVE
8821936,K08172.01,train,neg_only,0,false_positive,train_eligible,,dr25_clean_v2,FALSE POSITIVE,FALSE POSITIVE
8822216,K00581.01,train,pos_only,1,planet,train_eligible,,dr25_clean_v2,CONFIRMED,CANDIDATE
8822216,K00581.02,train,pos_only,1,planet,train_eligible,,dr25_clean_v2,CONFIRMED,CANDIDATE
8822366,K01282.01,train,pos_only,1,planet,train_eligible,,dr25_clean_v2,CONFIRMED,CANDIDATE
8822585,K07095.01,train,neg_only,0,false_positive,train_eligible,,dr25_clean_v2,FALSE POSITIVE,FALSE POSITIVE
8823397,K07096.01,train,neg_only,0,false_positive,train_eligible,,dr25_clean_v2,FALSE POSITIVE,FALSE POSITIVE
8823426,K01259.01,train,neg_only,0,false_positive,train_eligible,,dr25_clean_v2,FALSE POSITIVE,FALSE POSITIVE
8823833,K03968.01,train,neg_only,0,false_positive,train_eligible,,dr25_clean_v2,FALSE POSITIVE,FALSE POSITIVE
8823868,K00081.01,train,neg_only,0,false_positive,train_eligible,,dr25_clean_v2,FALSE POSITIVE,FALSE POSITIVE
8823893,K05575.01,train,neg_only,0,false_positive,train_eligible,,dr25_clean_v2,FALSE POSITIVE,FALSE POSITIVE
8826007,K03266.01,train,pos_only,1,planet,train_eligible,,dr25_clean_v2,CONFIRMED,CANDIDATE
8826168,K01850.01,train,pos_only,1,planet,train_eligible,,dr25_clean_v2,CONFIRMED,CANDIDATE
8826878,K00922.01,train,pos_only,1,planet,train_eligible,,dr25_clean_v2,CONFIRMED,CANDIDATE
8827575,K03052.01,train,pos_only,,,excluded,unresolved_candidate,dr25_clean_v2,CANDIDATE,CANDIDATE
8827575,K03052.02,train,pos_only,1,planet,train_eligible,,dr25_clean_v2,CONFIRMED,CANDIDATE
8827930,K03801.01,train,unlabelled_only,,,excluded,unresolved_candidate,dr25_clean_v2,CANDIDATE,CANDIDATE
8836888,K02508.01,train,neg_only,0,false_positive,train_eligible,,dr25_clean_v2,FALSE POSITIVE,FALSE POSITIVE
8841616,K07097.01,train,neg_only,0,false_positive,train_eligible,,dr25_clean_v2,FALSE POSITIVE,FALSE POSITIVE
8845026,K00044.01,train,neg_only,0,false_positive,train_eligible,,dr25_clean_v2,FALSE POSITIVE,FALSE POSITIVE
8845205,K00463.01,train,pos_only,1,planet,train_eligible,,dr25_clean_v2,CONFIRMED,CANDIDATE
8845221,K07098.01,train,neg_only,0,false_positive,train_eligible,,dr25_clean_v2,FALSE POSITIVE,FALSE POSITIVE
8847111,K02985.01,train,neg_only,0,false_positive,train_eligible,,dr25_clean_v2,FALSE POSITIVE,FALSE POSITIVE
8848115,K07101.01,train,neg_only,0,false_positive,train_eligible,,dr25_clean_v2,FALSE POSITIVE,FALSE POSITIVE
8848271,K01256.01,train,neg_only,0,false_positive,train_eligible,,dr25_clean_v2,FALSE POSITIVE,FALSE POSITIVE
8866102,K00042.01,train,pos_only,1,planet,train_eligible,,dr25_clean_v2,CONFIRMED,CANDIDATE
8866137,K02074.01,train,pos_only,1,planet,train_eligible,,dr25_clean_v2,CONFIRMED,CANDIDATE
8868364,K03541.01,train,unlabelled_only,,,excluded,unresolved_candidate,dr25_clean_v2,CANDIDATE,CANDIDATE
8868649,K03927.01,train,neg_only,0,false_positive,train_eligible,,dr25_clean_v2,FALSE POSITIVE,FALSE POSITIVE
8868657,K07102.01,train,neg_only,0,false_positive,train_eligible,,dr25_clean_v2,FALSE POSITIVE,FALSE POSITIVE
8868686,K07598.01,train,neg_only,0,false_positive,train_eligible,,dr25_clean_v2,FALSE POSITIVE,FALSE POSITIVE
8868907,K03539.01,train,neg_only,0,false_positive,train_eligible,,dr25_clean_v2,FALSE POSITIVE,FALSE POSITIVE
8869680,K00696.01,train,unlabelled_only,,,excluded,unresolved_candidate,dr25_clean_v2,CANDIDATE,CANDIDATE
8873090,K02968.01,train,unlabelled_only,,,excluded,unresolved_candidate,dr25_clean_v2,CANDIDATE,CANDIDATE
8873450,K07913.01,train,unlabelled_only,,,excluded,disposition_conflict,dr25_clean_v2,CONFIRMED,FALSE POSITIVE
8873674,K08278.01,train,neg_only,0,false_positive,train_eligible,,dr25_clean_v2,FALSE POSITIVE,FALSE POSITIVE
8873873,K08174.01,train,unlabelled_only,,,excluded,unresolved_candidate,dr25_clean_v2,CANDIDATE,CANDIDATE
8874090,K01404.01,train,pos_only,1,planet,train_eligible,,dr25_clean_v2,CONFIRMED,CANDIDATE
8874090,K01404.02,train,pos_only,,,excluded,unresolved_candidate,dr25_clean_v2,CANDIDATE,CANDIDATE
8878187,K00697.01,train,pos_only,1,planet,train_eligible,,dr25_clean_v2,CONFIRMED,CANDIDATE
8878681,K07103.01,train,neg_only,0,false_positive,train_eligible,,dr25_clean_v2,FALSE POSITIVE,FALSE POSITIVE
8879915,K07105.01,train,neg_only,0,false_positive,train_eligible,,dr25_clean_v2,FALSE POSITIVE,FALSE POSITIVE
8880003,K07914.01,train,neg_only,0,false_positive,train_eligible,,dr25_clean_v2,FALSE POSITIVE,FALSE POSITIVE
8880317,K07915.01,train,unlabelled_only,,,excluded,unresolved_candidate,dr25_clean_v2,CANDIDATE,CANDIDATE
8881169,K07106.01,train,unlabelled_only,,,excluded,unresolved_candidate,dr25_clean_v2,CANDIDATE,CANDIDATE
8883329,K02595.01,train,pos_only,1,planet,train_eligible,,dr25_clean_v2,CONFIRMED,CANDIDATE
8883329,K02595.02,train,pos_only,1,planet,train_eligible,,dr25_clean_v2,CONFIRMED,CANDIDATE
8883727,K03822.01,train,neg_only,0,false_positive,train_eligible,,dr25_clean_v2,FALSE POSITIVE,FALSE POSITIVE
8884274,K02868.01,train,pos_only,1,planet,train_eligible,,dr25_clean_v2,CONFIRMED,CANDIDATE
8885673,K02611.01,train,neg_only,0,false_positive,train_eligible,,dr25_clean_v2,FALSE POSITIVE,FALSE POSITIVE
8890924,K04269.01,train,mixed,1,planet,train_eligible,,dr25_clean_v2,CONFIRMED,CANDIDATE
8890924,K04269.02,train,mixed,0,false_positive,train_eligible,,dr25_clean_v2,FALSE POSITIVE,FALSE POSITIVE
8891278,K00698.01,train,neg_only,0,false_positive,train_eligible,,dr25_clean_v2,FALSE POSITIVE,FALSE POSITIVE
8892157,K02224.01,train,pos_only,1,planet,train_eligible,,dr25_clean_v2,CONFIRMED,CANDIDATE
8892303,K02688.01,train,pos_only,1,planet,train_eligible,,dr25_clean_v2,CONFIRMED,CANDIDATE
8892720,K03336.01,train,neg_only,0,false_positive,train_eligible,,dr25_clean_v2,FALSE POSITIVE,FALSE POSITIVE
8894646,K02641.01,train,unlabelled_only,,,excluded,unresolved_candidate,dr25_clean_v2,CANDIDATE,CANDIDATE
8895758,K03106.01,train,pos_only,1,planet,train_eligible,,dr25_clean_v2,CONFIRMED,CANDIDATE
8904714,K05582.01,train,neg_only,0,false_positive,train_eligible,,dr25_clean_v2,FALSE POSITIVE,FALSE POSITIVE
8905246,K03473.01,train,unlabelled_only,,,excluded,unresolved_candidate,dr25_clean_v2,CANDIDATE,CANDIDATE
8906045,K03789.01,train,neg_only,0,false_positive,train_eligible,,dr25_clean_v2,FALSE POSITIVE,FALSE POSITIVE
8906676,K07108.01,train,neg_only,0,false_positive,train_eligible,,dr25_clean_v2,FALSE POSITIVE,FALSE POSITIVE
8912730,K03850.01,train,neg_only,0,false_positive,train_eligible,,dr25_clean_v2,FALSE POSITIVE,FALSE POSITIVE
8916492,K01414.01,train,neg_only,0,false_positive,train_eligible,,dr25_clean_v2,FALSE POSITIVE,FALSE POSITIVE
8935352,K05584.01,train,neg_only,0,false_positive,train_eligible,,dr25_clean_v2,FALSE POSITIVE,FALSE POSITIVE
8937019,K03754.01,train,neg_only,0,false_positive,train_eligible,,dr25_clean_v2,FALSE POSITIVE,FALSE POSITIVE
8937021,K01394.01,train,neg_only,0,false_positive,train_eligible,,dr25_clean_v2,FALSE POSITIVE,FALSE POSITIVE
8937762,K04668.01,train,unlabelled_only,,,excluded,unresolved_candidate,dr25_clean_v2,CANDIDATE,CANDIDATE
8938628,K07109.01,train,neg_only,0,false_positive,train_eligible,,dr25_clean_v2,FALSE POSITIVE,FALSE POSITIVE
8938937,K04758.01,train,neg_only,0,false_positive,train_eligible,,dr25_clean_v2,FALSE POSITIVE,FALSE POSITIVE
8939211,K05586.01,train,neg_only,0,false_positive,train_eligible,,dr25_clean_v2,FALSE POSITIVE,FALSE POSITIVE
8939650,K05587.01,train,neg_only,0,false_positive,train_eligible,,dr25_clean_v2,FALSE POSITIVE,FALSE POSITIVE
8940918,K04784.01,train,neg_only,0,false_positive,train_eligible,,dr25_clean_v2,FALSE POSITIVE,FALSE POSITIVE
8947520,K02517.01,train,pos_only,1,planet,train_eligible,,dr25_clean_v2,CONFIRMED,CANDIDATE
8948424,K00322.01,train,neg_only,0,false_positive,train_eligible,,dr25_clean_v2,FALSE POSITIVE,FALSE POSITIVE
8949247,K01387.01,train,neg_only,0,false_positive,train_eligible,,dr25_clean_v2,FALSE POSITIVE,FALSE POSITIVE
8949925,K02972.01,train,neg_only,,,excluded,unresolved_candidate,dr25_clean_v2,CANDIDATE,CANDIDATE
8949925,K02972.02,train,neg_only,0,false_positive,train_eligible,,dr25_clean_v2,FALSE POSITIVE,FALSE POSITIVE
8950853,K01412.01,train,pos_only,1,planet,train_eligible,,dr25_clean_v2,CONFIRMED,CANDIDATE
8951205,K04099.01,train,pos_only,1,planet,train_eligible,,dr25_clean_v2,CONFIRMED,CANDIDATE
8953257,K01383.01,train,neg_only,0,false_positive,train_eligible,,dr25_clean_v2,FALSE POSITIVE,FALSE POSITIVE
8953281,K07112.01,train,unlabelled_only,,,excluded,unresolved_candidate,dr25_clean_v2,CANDIDATE,CANDIDATE
8953296,K07916.01,train,neg_only,0,false_positive,train_eligible,,dr25_clean_v2,FALSE POSITIVE,FALSE POSITIVE
8953414,K04332.01,train,neg_only,0,false_positive,train_eligible,,dr25_clean_v2,FALSE POSITIVE,FALSE POSITIVE
8953475,K07114.01,train,neg_only,0,false_positive,train_eligible,,dr25_clean_v2,FALSE POSITIVE,FALSE POSITIVE
8955709,K04471.01,train,neg_only,0,false_positive,train_eligible,,dr25_clean_v2,FALSE POSITIVE,FALSE POSITIVE
8956206,K02048.01,train,pos_only,1,planet,train_eligible,,dr25_clean_v2,CONFIRMED,CANDIDATE
8957572,K07115.01,train,neg_only,0,false_positive,train_eligible,,dr25_clean_v2,FALSE POSITIVE,FALSE POSITIVE
8957954,K06189.01,train,neg_only,0,false_positive,train_eligible,,dr25_clean_v2,FALSE POSITIVE,FALSE POSITIVE
8958035,K01391.01,train,neg_only,0,false_positive,train_eligible,,dr25_clean_v2,FALSE POSITIVE,FALSE POSITIVE
8958811,K07116.01,train,unlabelled_only,,,excluded,unresolved_candidate,dr25_clean_v2,CANDIDATE,CANDIDATE
8959839,K02253.01,train,pos_only,1,planet,train_eligible,,dr25_clean_v2,CONFIRMED,CANDIDATE
8960918,K04805.01,train,neg_only,0,false_positive,train_eligible,,dr25_clean_v2,FALSE POSITIVE,FALSE POSITIVE
8962007,K07917.01,train,neg_only,0,false_positive,train_eligible,,dr25_clean_v2,FALSE POSITIVE,FALSE POSITIVE
8962094,K00700.01,train,pos_only,1,planet,train_eligible,,dr25_clean_v2,CONFIRMED,CANDIDATE
8962094,K00700.02,train,pos_only,1,planet,train_eligible,,dr25_clean_v2,CONFIRMED,CANDIDATE
8962094,K00700.03,train,pos_only,1,planet,train_eligible,,dr25_clean_v2,CONFIRMED,CANDIDATE
8962094,K00700.04,train,pos_only,1,planet,train_eligible,,dr25_clean_v2,CONFIRMED,CANDIDATE
8972058,K00159.01,train,pos_only,1,planet,train_eligible,,dr25_clean_v2,CONFIRMED,CANDIDATE
8972058,K00159.02,train,pos_only,1,planet,train_eligible,,dr25_clean_v2,CONFIRMED,CANDIDATE
8973129,K02286.01,train,pos_only,1,planet,train_eligible,,dr25_clean_v2,CONFIRMED,CANDIDATE
8973285,K04782.02,train,unlabelled_only,,,excluded,unresolved_candidate,dr25_clean_v2,CANDIDATE,CANDIDATE
8975368,K03227.01,train,neg_only,0,false_positive,train_eligible,,dr25_clean_v2,FALSE POSITIVE,FALSE POSITIVE
8978528,K01874.01,train,pos_only,1,planet,train_eligible,,dr25_clean_v2,CONFIRMED,CANDIDATE
8978528,K01874.02,train,pos_only,1,planet,train_eligible,,dr25_clean_v2,CONFIRMED,CANDIDATE
8984755,K04664.01,train,neg_only,0,false_positive,train_eligible,,dr25_clean_v2,FALSE POSITIVE,FALSE POSITIVE
9002538,K03196.01,train,unlabelled_only,,,excluded,unresolved_candidate,dr25_clean_v2,CANDIDATE,CANDIDATE
9002538,K03196.02,train,unlabelled_only,,,excluded,unresolved_candidate,dr25_clean_v2,CANDIDATE,CANDIDATE
9003401,K02319.01,train,pos_only,1,planet,train_eligible,,dr25_clean_v2,CONFIRMED,CANDIDATE
9007609,K04795.01,train,neg_only,0,false_positive,train_eligible,,dr25_clean_v2,FALSE POSITIVE,FALSE POSITIVE
9007953,K07123.01,train,neg_only,0,false_positive,train_eligible,,dr25_clean_v2,FALSE POSITIVE,FALSE POSITIVE
9008103,K03283.02,train,unlabelled_only,,,excluded,unresolved_candidate,dr25_clean_v2,CANDIDATE,CANDIDATE
9009036,K04585.01,train,pos_only,1,planet,train_eligible,,dr25_clean_v2,CONFIRMED,CANDIDATE
9009953,K04014.01,train,pos_only,1,planet,train_eligible,,dr25_clean_v2,CONFIRMED,CANDIDATE
9018021,K05600.01,train,unlabelled_only,,,excluded,unresolved_candidate,dr25_clean_v2,CANDIDATE,CANDIDATE
9019191,K02604.01,train,unlabelled_only,,,excluded,unresolved_candidate,dr25_clean_v2,CANDIDATE,CANDIDATE
9020160,K00582.01,train,pos_only,1,planet,train_eligible,,dr25_clean_v2,CONFIRMED,CANDIDATE
9020160,K00582.02,train,pos_only,1,planet,train_eligible,,dr25_clean_v2,CONFIRMED,CANDIDATE
9020160,K00582.03,train,pos_only,1,planet,train_eligible,,dr25_clean_v2,CONFIRMED,CANDIDATE
9021075,K04733.01,train,pos_only,1,planet,train_eligible,,dr25_clean_v2,CONFIRMED,CANDIDATE
9022166,K02175.01,train,pos_only,1,planet,train_eligible,,dr25_clean_v2,CONFIRMED,CANDIDATE
9022166,K02175.02,train,pos_only,,,excluded,disposition_conflict,dr25_clean_v2,CONFIRMED,FALSE POSITIVE
9024857,K07124.01,train,neg_only,0,false_positive,train_eligible,,dr25_clean_v2,FALSE POSITIVE,FALSE POSITIVE
9024857,K07124.02,train,neg_only,0,false_positive,train_eligible,,dr25_clean_v2,FALSE POSITIVE,FALSE POSITIVE
9025739,K07125.01,train,unlabelled_only,,,excluded,unresolved_candidate,dr25_clean_v2,CANDIDATE,CANDIDATE
9025914,K03596.01,train,neg_only,0,false_positive,train_eligible,,dr25_clean_v2,FALSE POSITIVE,FALSE POSITIVE
9025922,K00043.01,train,neg_only,0,false_positive,train_eligible,,dr25_clean_v2,FALSE POSITIVE,FALSE POSITIVE
9026007,K05602.01,train,neg_only,0,false_positive,train_eligible,,dr25_clean_v2,FALSE POSITIVE,FALSE POSITIVE
9026749,K02564.01,train,pos_only,1,planet,train_eligible,,dr25_clean_v2,CONFIRMED,CANDIDATE
9026749,K02564.02,train,pos_only,,,excluded,unresolved_candidate,dr25_clean_v2,CANDIDATE,CANDIDATE
9027841,K04266.01,train,neg_only,0,false_positive,train_eligible,,dr25_clean_v2,FALSE POSITIVE,FALSE POSITIVE
9027909,K03428.01,train,pos_only,1,planet,train_eligible,,dr25_clean_v2,CONFIRMED,CANDIDATE
9029486,K07126.01,train,neg_only,0,false_positive,train_eligible,,dr25_clean_v2,FALSE POSITIVE,FALSE POSITIVE
9030537,K01892.01,train,pos_only,1,planet,train_eligible,,dr25_clean_v2,CONFIRMED,CANDIDATE
9031703,K04520.01,train,unlabelled_only,,,excluded,unresolved_candidate,dr25_clean_v2,CANDIDATE,CANDIDATE
9032900,K00134.01,train,unlabelled_only,,,excluded,disposition_conflict,dr25_clean_v2,CONFIRMED,FALSE POSITIVE
9040849,K01392.01,train,neg_only,0,false_positive,train_eligible,,dr25_clean_v2,FALSE POSITIVE,FALSE POSITIVE
9042357,K01993.01,train,neg_only,0,false_positive,train_eligible,,dr25_clean_v2,FALSE POSITIVE,FALSE POSITIVE
9043947,K07920.01,train,unlabelled_only,,,excluded,unresolved_candidate,dr25_clean_v2,CANDIDATE,CANDIDATE
9044228,K01988.01,train,pos_only,1,planet,train_eligible,,dr25_clean_v2,CONFIRMED,CANDIDATE
9047416,K05605.01,train,unlabelled_only,,,excluded,unresolved_candidate,dr25_clean_v2,CANDIDATE,CANDIDATE
9048145,K06063.01,train,neg_only,0,false_positive,train_eligible,,dr25_clean_v2,FALSE POSITIVE,FALSE POSITIVE
9049010,K07127.01,train,neg_only,0,false_positive,train_eligible,,dr25_clean_v2,FALSE POSITIVE,FALSE POSITIVE
9049550,K05606.01,train,neg_only,0,false_positive,train_eligible,,dr25_clean_v2,FALSE POSITIVE,FALSE POSITIVE
9049673,K03799.01,train,neg_only,0,false_positive,train_eligible,,dr25_clean_v2,FALSE POSITIVE,FALSE POSITIVE
9053112,K00702.01,train,neg_only,0,false_positive,train_eligible,,dr25_clean_v2,FALSE POSITIVE,FALSE POSITIVE
9070666,K03008.01,train,pos_only,1,planet,train_eligible,,dr25_clean_v2,CONFIRMED,CANDIDATE
9071386,K00023.01,train,neg_only,0,false_positive,train_eligible,,dr25_clean_v2,FALSE POSITIVE,FALSE POSITIVE
9071593,K02257.01,train,pos_only,1,planet,train_eligible,,dr25_clean_v2,CONFIRMED,CANDIDATE
9071593,K02257.02,train,pos_only,1,planet,train_eligible,,dr25_clean_v2,CONFIRMED,CANDIDATE
9072190,K01933.01,train,pos_only,1,planet,train_eligible,,dr25_clean_v2,CONFIRMED,CANDIDATE
9075882,K08175.01,train,neg_only,0,false_positive,train_eligible,,dr25_clean_v2,FALSE POSITIVE,FALSE POSITIVE
9076971,K02981.01,train,unlabelled_only,,,excluded,disposition_conflict,dr25_clean_v2,CONFIRMED,FALSE POSITIVE
9077124,K00926.01,train,pos_only,1,planet,train_eligible,,dr25_clean_v2,CONFIRMED,CANDIDATE
9079587,K07921.01,train,neg_only,0,false_positive,train_eligible,,dr25_clean_v2,FALSE POSITIVE,FALSE POSITIVE
9083503,K07128.01,train,neg_only,0,false_positive,train_eligible,,dr25_clean_v2,FALSE POSITIVE,FALSE POSITIVE
9083564,K03249.01,train,neg_only,0,false_positive,train_eligible,,dr25_clean_v2,FALSE POSITIVE,FALSE POSITIVE
9084569,K07923.01,train,unlabelled_only,,,excluded,unresolved_candidate,dr25_clean_v2,CANDIDATE,CANDIDATE
9084778,K01631.01,train,neg_only,0,false_positive,train_eligible,,dr25_clean_v2,FALSE POSITIVE,FALSE POSITIVE
9086154,K04060.01,train,unlabelled_only,,,excluded,unresolved_candidate,dr25_clean_v2,CANDIDATE,CANDIDATE
9087580,K07924.01,train,unlabelled_only,,,excluded,unresolved_candidate,dr25_clean_v2,CANDIDATE,CANDIDATE
9091755,K04052.01,train,neg_only,0,false_positive,train_eligible,,dr25_clean_v2,FALSE POSITIVE,FALSE POSITIVE
9093566,K07130.01,train,neg_only,0,false_positive,train_eligible,,dr25_clean_v2,FALSE POSITIVE,FALSE POSITIVE
9093859,K08177.01,train,neg_only,0,false_positive,train_eligible,,dr25_clean_v2,FALSE POSITIVE,FALSE POSITIVE
9094763,K04779.01,train,neg_only,0,false_positive,train_eligible,,dr25_clean_v2,FALSE POSITIVE,FALSE POSITIVE
9097120,K00927.01,train,neg_only,0,false_positive,train_eligible,,dr25_clean_v2,FALSE POSITIVE,FALSE POSITIVE
9097892,K03809.01,train,neg_only,0,false_positive,train_eligible,,dr25_clean_v2,FALSE POSITIVE,FALSE POSITIVE
9098810,K07132.01,train,neg_only,0,false_positive,train_eligible,,dr25_clean_v2,FALSE POSITIVE,FALSE POSITIVE
9099773,K07133.01,train,unlabelled_only,,,excluded,unresolved_candidate,dr25_clean_v2,CANDIDATE,CANDIDATE
9100484,K01399.01,train,unlabelled_only,,,excluded,unresolved_candidate,dr25_clean_v2,CANDIDATE,CANDIDATE
9101271,K07926.01,train,neg_only,0,false_positive,train_eligible,,dr25_clean_v2,FALSE POSITIVE,FALSE POSITIVE
9101279,K05614.01,train,neg_only,0,false_positive,train_eligible,,dr25_clean_v2,FALSE POSITIVE,FALSE POSITIVE
9101400,K06192.01,train,neg_only,0,false_positive,train_eligible,,dr25_clean_v2,FALSE POSITIVE,FALSE POSITIVE
9101496,K01915.01,train,pos_only,1,planet,train_eligible,,dr25_clean_v2,CONFIRMED,CANDIDATE
9101496,K01915.02,train,pos_only,1,planet,train_eligible,,dr25_clean_v2,CONFIRMED,CANDIDATE
9108085,K02470.01,train,neg_only,0,false_positive,train_eligible,,dr25_clean_v2,FALSE POSITIVE,FALSE POSITIVE
9109857,K02833.01,train,unlabelled_only,,,excluded,unresolved_candidate,dr25_clean_v2,CANDIDATE,CANDIDATE
9110346,K03607.01,train,neg_only,0,false_positive,train_eligible,,dr25_clean_v2,FALSE POSITIVE,FALSE POSITIVE
9111849,K02042.01,train,unlabelled_only,,,excluded,unresolved_candidate,dr25_clean_v2,CANDIDATE,CANDIDATE
9112931,K02256.01,train,pos_only,1,planet,train_eligible,,dr25_clean_v2,CONFIRMED,CANDIDATE
9115681,K01865.01,train,neg_only,0,false_positive,train_eligible,,dr25_clean_v2,FALSE POSITIVE,FALSE POSITIVE
9115800,K00421.01,train,pos_only,1,planet,train_eligible,,dr25_clean_v2,CONFIRMED,CANDIDATE
9116075,K05617.01,train,neg_only,0,false_positive,train_eligible,,dr25_clean_v2,FALSE POSITIVE,FALSE POSITIVE
9117416,K03425.01,train,pos_only,1,planet,train_eligible,,dr25_clean_v2,CONFIRMED,CANDIDATE
9117416,K03425.02,train,pos_only,1,planet,train_eligible,,dr25_clean_v2,CONFIRMED,CANDIDATE
9117416,K03425.03,train,pos_only,,,excluded,unresolved_candidate,dr25_clean_v2,CANDIDATE,CANDIDATE
9118340,K07927.01,train,neg_only,0,false_positive,train_eligible,,dr25_clean_v2,FALSE POSITIVE,FALSE POSITIVE
9119405,K07135.01,train,neg_only,0,false_positive,train_eligible,,dr25_clean_v2,FALSE POSITIVE,FALSE POSITIVE
9119458,K00525.01,train,neg_only,0,false_positive,train_eligible,,dr25_clean_v2,FALSE POSITIVE,FALSE POSITIVE
9119568,K03087.01,train,neg_only,0,false_positive,train_eligible,,dr25_clean_v2,FALSE POSITIVE,FALSE POSITIVE
9119568,K03087.02,train,neg_only,0,false_positive,train_eligible,,dr25_clean_v2,FALSE POSITIVE,FALSE POSITIVE
9119652,K06193.01,train,neg_only,0,false_positive,train_eligible,,dr25_clean_v2,FALSE POSITIVE,FALSE POSITIVE
9139084,K00323.01,train,pos_only,1,planet,train_eligible,,dr25_clean_v2,CONFIRMED,CANDIDATE
9141355,K05622.01,train,pos_only,1,planet,train_eligible,,dr25_clean_v2,CONFIRMED,CANDIDATE
9141746,K00929.01,train,pos_only,1,planet,train_eligible,,dr25_clean_v2,CONFIRMED,CANDIDATE
9141746,K00929.02,train,pos_only,1,planet,train_eligible,,dr25_clean_v2,CONFIRMED,CANDIDATE
9142225,K05623.01,train,neg_only,0,false_positive,train_eligible,,dr25_clean_v2,FALSE POSITIVE,FALSE POSITIVE
9143254,K01386.01,train,neg_only,0,false_positive,train_eligible,,dr25_clean_v2,FALSE POSITIVE,FALSE POSITIVE
9145861,K06194.01,train,unlabelled_only,,,excluded,unresolved_candidate,dr25_clean_v2,CANDIDATE,CANDIDATE
9147012,K05625.01,train,unlabelled_only,,,excluded,unresolved_candidate,dr25_clean_v2,CANDIDATE,CANDIDATE
9153570,K02625.01,train,pos_only,1,planet,train_eligible,,dr25_clean_v2,CONFIRMED,CANDIDATE
9153823,K06195.01,train,neg_only,0,false_positive,train_eligible,,dr25_clean_v2,FALSE POSITIVE,FALSE POSITIVE
9156585,K02054.01,train,neg_only,0,false_positive,train_eligible,,dr25_clean_v2,FALSE POSITIVE,FALSE POSITIVE
9157030,K05628.01,train,unlabelled_only,,,excluded,unresolved_candidate,dr25_clean_v2,CANDIDATE,CANDIDATE
9157634,K00526.01,train,pos_only,1,planet,train_eligible,,dr25_clean_v2,CONFIRMED,CANDIDATE
9157908,K01400.01,train,neg_only,0,false_positive,train_eligible,,dr25_clean_v2,FALSE POSITIVE,FALSE POSITIVE
9159198,K07929.01,train,neg_only,0,false_positive,train_eligible,,dr25_clean_v2,FALSE POSITIVE,FALSE POSITIVE
9159242,K02566.01,train,neg_only,0,false_positive,train_eligible,,dr25_clean_v2,FALSE POSITIVE,FALSE POSITIVE
9159265,K03877.01,train,neg_only,0,false_positive,train_eligible,,dr25_clean_v2,FALSE POSITIVE,FALSE POSITIVE
9159275,K00930.01,train,neg_only,0,false_positive,train_eligible,,dr25_clean_v2,FALSE POSITIVE,FALSE POSITIVE
9159301,K07138.01,train,neg_only,0,false_positive,train_eligible,,dr25_clean_v2,FALSE POSITIVE,FALSE POSITIVE
9161118,K03898.01,train,neg_only,0,false_positive,train_eligible,,dr25_clean_v2,FALSE POSITIVE,FALSE POSITIVE
9162741,K00703.01,train,neg_only,0,false_positive,train_eligible,,dr25_clean_v2,FALSE POSITIVE,FALSE POSITIVE
9163674,K07139.01,train,neg_only,0,false_positive,train_eligible,,dr25_clean_v2,FALSE POSITIVE,FALSE POSITIVE
9164836,K00213.01,train,neg_only,0,false_positive,train_eligible,,dr25_clean_v2,FALSE POSITIVE,FALSE POSITIVE
9166700,K05632.01,train,unlabelled_only,,,excluded,unresolved_candidate,dr25_clean_v2,CANDIDATE,CANDIDATE
9166862,K00931.01,train,pos_only,1,planet,train_eligible,,dr25_clean_v2,CONFIRMED,CANDIDATE
9166870,K00932.01,train,neg_only,0,false_positive,train_eligible,,dr25_clean_v2,FALSE POSITIVE,FALSE POSITIVE
9177629,K02522.01,train,pos_only,1,planet,train_eligible,,dr25_clean_v2,CONFIRMED,CANDIDATE
9179531,K07142.01,train,neg_only,0,false_positive,train_eligible,,dr25_clean_v2,FALSE POSITIVE,FALSE POSITIVE
9181340,K07143.01,train,neg_only,0,false_positive,train_eligible,,dr25_clean_v2,FALSE POSITIVE,FALSE POSITIVE
9183378,K04222.01,train,pos_only,1,planet,train_eligible,,dr25_clean_v2,CONFIRMED,CANDIDATE
9203154,K07144.01,train,unlabelled_only,,,excluded,unresolved_candidate,dr25_clean_v2,CANDIDATE,CANDIDATE
9205907,K02528.01,train,pos_only,1,planet,train_eligible,,dr25_clean_v2,CONFIRMED,CANDIDATE
9205938,K02162.01,train,pos_only,1,planet,train_eligible,,dr25_clean_v2,CONFIRMED,CANDIDATE
9205938,K02162.02,train,pos_only,1,planet,train_eligible,,dr25_clean_v2,CONFIRMED,CANDIDATE
9205993,K07145.01,train,neg_only,0,false_positive,train_eligible,,dr25_clean_v2,FALSE POSITIVE,FALSE POSITIVE
9209624,K02443.01,train,pos_only,1,planet,train_eligible,,dr25_clean_v2,CONFIRMED,CANDIDATE
9209624,K02443.02,train,pos_only,1,planet,train_eligible,,dr25_clean_v2,CONFIRMED,CANDIDATE
9209808,K08281.01,train,neg_only,0,false_positive,train_eligible,,dr25_clean_v2,FALSE POSITIVE,FALSE POSITIVE
9210387,K02416.01,train,pos_only,1,planet,train_eligible,,dr25_clean_v2,CONFIRMED,CANDIDATE
9210820,K07930.01,train,unlabelled_only,,,excluded,unresolved_candidate,dr25_clean_v2,CANDIDATE,CANDIDATE
9210823,K00090.01,train,neg_only,0,false_positive,train_eligible,,dr25_clean_v2,FALSE POSITIVE,FALSE POSITIVE
9210828,K07147.01,train,neg_only,0,false_positive,train_eligible,,dr25_clean_v2,FALSE POSITIVE,FALSE POSITIVE
9214712,K06064.01,train,neg_only,0,false_positive,train_eligible,,dr25_clean_v2,FALSE POSITIVE,FALSE POSITIVE
9214712,K06064.02,train,neg_only,0,false_positive,train_eligible,,dr25_clean_v2,FALSE POSITIVE,FALSE POSITIVE
9214713,K00422.01,train,neg_only,0,false_positive,train_eligible,,dr25_clean_v2,FALSE POSITIVE,FALSE POSITIVE
9214715,K06065.01,train,neg_only,0,false_positive,train_eligible,,dr25_clean_v2,FALSE POSITIVE,FALSE POSITIVE
9214715,K06065.02,train,neg_only,0,false_positive,train_eligible,,dr25_clean_v2,FALSE POSITIVE,FALSE POSITIVE
9214942,K01403.01,train,pos_only,1,planet,train_eligible,,dr25_clean_v2,CONFIRMED,CANDIDATE
9216810,K08179.01,train,neg_only,0,false_positive,train_eligible,,dr25_clean_v2,FALSE POSITIVE,FALSE POSITIVE
9220612,K04059.01,train,neg_only,0,false_positive,train_eligible,,dr25_clean_v2,FALSE POSITIVE,FALSE POSITIVE
9221398,K06066.01,train,neg_only,0,false_positive,train_eligible,,dr25_clean_v2,FALSE POSITIVE,FALSE POSITIVE
9221517,K02281.01,train,pos_only,1,planet,train_eligible,,dr25_clean_v2,CONFIRMED,CANDIDATE
9221528,K03355.01,train,unlabelled_only,,,excluded,unresolved_candidate,dr25_clean_v2,CANDIDATE,CANDIDATE
9221627,K07148.01,train,unlabelled_only,,,excluded,unresolved_candidate,dr25_clean_v2,CANDIDATE,CANDIDATE
9222516,K04492.01,train,neg_only,0,false_positive,train_eligible,,dr25_clean_v2,FALSE POSITIVE,FALSE POSITIVE
9225395,K02107.01,train,pos_only,1,planet,train_eligible,,dr25_clean_v2,CONFIRMED,CANDIDATE
9227215,K07931.01,train,unlabelled_only,,,excluded,unresolved_candidate,dr25_clean_v2,CANDIDATE,CANDIDATE
9230021,K03429.01,train,pos_only,,,excluded,unresolved_candidate,dr25_clean_v2,CANDIDATE,CANDIDATE
9230021,K03429.02,train,pos_only,1,planet,train_eligible,,dr25_clean_v2,CONFIRMED,CANDIDATE
9230021,K03429.04,train,pos_only,,,excluded,unresolved_candidate,dr25_clean_v2,CANDIDATE,CANDIDATE
9239670,K08282.01,train,neg_only,0,false_positive,train_eligible,,dr25_clean_v2,FALSE POSITIVE,FALSE POSITIVE
9240664,K04338.01,train,neg_only,0,false_positive,train_eligible,,dr25_clean_v2,FALSE POSITIVE,FALSE POSITIVE
9244508,K02830.01,train,pos_only,1,planet,train_eligible,,dr25_clean_v2,CONFIRMED,CANDIDATE
9244756,K01969.01,train,pos_only,1,planet,train_eligible,,dr25_clean_v2,CONFIRMED,CANDIDATE
9264949,K01405.01,train,pos_only,1,planet,train_eligible,,dr25_clean_v2,CONFIRMED,CANDIDATE
9266285,K07151.01,train,neg_only,0,false_positive,train_eligible,,dr25_clean_v2,FALSE POSITIVE,FALSE POSITIVE
9266431,K00704.01,train,pos_only,1,planet,train_eligible,,dr25_clean_v2,CONFIRMED,CANDIDATE
9267996,K03431.01,train,neg_only,0,false_positive,train_eligible,,dr25_clean_v2,FALSE POSITIVE,FALSE POSITIVE
9268159,K08180.01,train,unlabelled_only,,,excluded,unresolved_candidate,dr25_clean_v2,CANDIDATE,CANDIDATE
9269042,K02397.01,train,pos_only,1,planet,train_eligible,,dr25_clean_v2,CONFIRMED,CANDIDATE
9269281,K01398.01,train,pos_only,1,planet,train_eligible,,dr25_clean_v2,CONFIRMED,CANDIDATE
9271752,K01406.01,train,pos_only,1,planet,train_eligible,,dr25_clean_v2,CONFIRMED,CANDIDATE
9272070,K04126.01,train,pos_only,1,planet,train_eligible,,dr25_clean_v2,CONFIRMED,CANDIDATE
9277896,K01632.01,train,pos_only,1,planet,train_eligible,,dr25_clean_v2,CONFIRMED,CANDIDATE
9278021,K07152.01,train,neg_only,0,false_positive,train_eligible,,dr25_clean_v2,FALSE POSITIVE,FALSE POSITIVE
9278216,K04710.01,train,unlabelled_only,,,excluded,unresolved_candidate,dr25_clean_v2,CANDIDATE,CANDIDATE
9278553,K01385.01,train,neg_only,0,false_positive,train_eligible,,dr25_clean_v2,FALSE POSITIVE,FALSE POSITIVE
9278575,K07932.01,train,unlabelled_only,,,excluded,unresolved_candidate,dr25_clean_v2,CANDIDATE,CANDIDATE
9279669,K00585.01,train,pos_only,1,planet,train_eligible,,dr25_clean_v2,CONFIRMED,CANDIDATE
9280239,K03975.01,train,pos_only,1,planet,train_eligible,,dr25_clean_v2,CONFIRMED,CANDIDATE
9282687,K06196.01,train,neg_only,0,false_positive,train_eligible,,dr25_clean_v2,FALSE POSITIVE,FALSE POSITIVE
9282762,K04113.01,train,neg_only,0,false_positive,train_eligible,,dr25_clean_v2,FALSE POSITIVE,FALSE POSITIVE
9282769,K03959.01,train,neg_only,0,false_positive,train_eligible,,dr25_clean_v2,FALSE POSITIVE,FALSE POSITIVE
9285265,K03410.01,train,pos_only,1,planet,train_eligible,,dr25_clean_v2,CONFIRMED,CANDIDATE
9285265,K03410.02,train,pos_only,1,planet,train_eligible,,dr25_clean_v2,CONFIRMED,CANDIDATE
9285568,K04241.01,train,pos_only,1,planet,train_eligible,,dr25_clean_v2,CONFIRMED,CANDIDATE
9286088,K04318.01,train,unlabelled_only,,,excluded,unresolved_candidate,dr25_clean_v2,CANDIDATE,CANDIDATE
9286728,K07154.01,train,neg_only,0,false_positive,train_eligible,,dr25_clean_v2,FALSE POSITIVE,FALSE POSITIVE
9288237,K03114.01,train,unlabelled_only,,,excluded,unresolved_candidate,dr25_clean_v2,CANDIDATE,CANDIDATE
9288786,K01390.01,train,neg_only,0,false_positive,train_eligible,,dr25_clean_v2,FALSE POSITIVE,FALSE POSITIVE
9289704,K02222.01,train,unlabelled_only,,,excluded,unresolved_candidate,dr25_clean_v2,CANDIDATE,CANDIDATE
9291039,K03230.01,train,neg_only,0,false_positive,train_eligible,,dr25_clean_v2,FALSE POSITIVE,FALSE POSITIVE
9291039,K03230.02,train,neg_only,0,false_positive,train_eligible,,dr25_clean_v2,FALSE POSITIVE,FALSE POSITIVE
9291629,K06198.01,train,neg_only,0,false_positive,train_eligible,,dr25_clean_v2,FALSE POSITIVE,FALSE POSITIVE
9291748,K07156.01,train,neg_only,0,false_positive,train_eligible,,dr25_clean_v2,FALSE POSITIVE,FALSE POSITIVE
9301564,K07157.01,train,unlabelled_only,,,excluded,unresolved_candidate,dr25_clean_v2,CANDIDATE,CANDIDATE
9302543,K04272.01,train,neg_only,0,false_positive,train_eligible,,dr25_clean_v2,FALSE POSITIVE,FALSE POSITIVE
9304101,K02067.01,train,pos_only,1,planet,train_eligible,,dr25_clean_v2,CONFIRMED,CANDIDATE
9304976,K05654.01,train,neg_only,0,false_positive,train_eligible,,dr25_clean_v2,FALSE POSITIVE,FALSE POSITIVE
9307105,K03304.01,train,neg_only,0,false_positive,train_eligible,,dr25_clean_v2,FALSE POSITIVE,FALSE POSITIVE
9307509,K02096.01,train,pos_only,1,planet,train_eligible,,dr25_clean_v2,CONFIRMED,CANDIDATE
9307966,K04910.01,train,neg_only,0,false_positive,train_eligible,,dr25_clean_v2,FALSE POSITIVE,FALSE POSITIVE
9328641,K03400.01,train,neg_only,0,false_positive,train_eligible,,dr25_clean_v2,FALSE POSITIVE,FALSE POSITIVE
9328852,K07159.01,train,neg_only,0,false_positive,train_eligible,,dr25_clean_v2,FALSE POSITIVE,FALSE POSITIVE
9328864,K07160.01,train,neg_only,0,false_positive,train_eligible,,dr25_clean_v2,FALSE POSITIVE,FALSE POSITIVE
9336200,K02242.01,train,pos_only,1,planet,train_eligible,,dr25_clean_v2,CONFIRMED,CANDIDATE
9344623,K07163.01,train,neg_only,0,false_positive,train_eligible,,dr25_clean_v2,FALSE POSITIVE,FALSE POSITIVE
9345933,K03264.01,train,unlabelled_only,,,excluded,unresolved_candidate,dr25_clean_v2,CANDIDATE,CANDIDATE
9346253,K01388.01,train,neg_only,0,false_positive,train_eligible,,dr25_clean_v2,FALSE POSITIVE,FALSE POSITIVE
9347899,K00935.01,train,pos_only,1,planet,train_eligible,,dr25_clean_v2,CONFIRMED,CANDIDATE
9347899,K00935.02,train,pos_only,1,planet,train_eligible,,dr25_clean_v2,CONFIRMED,CANDIDATE
9347899,K00935.03,train,pos_only,1,planet,train_eligible,,dr25_clean_v2,CONFIRMED,CANDIDATE
9347899,K00935.04,train,pos_only,,,excluded,unresolved_candidate,dr25_clean_v2,CANDIDATE,CANDIDATE
9349757,K03348.01,train,pos_only,1,planet,train_eligible,,dr25_clean_v2,CONFIRMED,CANDIDATE
9349757,K03348.02,train,pos_only,,,excluded,unresolved_candidate,dr25_clean_v2,CANDIDATE,CANDIDATE
9351316,K02078.01,train,pos_only,1,planet,train_eligible,,dr25_clean_v2,CONFIRMED,CANDIDATE
9351316,K02078.02,train,pos_only,1,planet,train_eligible,,dr25_clean_v2,CONFIRMED,CANDIDATE
9351920,K02129.01,train,pos_only,1,planet,train_eligible,,dr25_clean_v2,CONFIRMED,CANDIDATE
9353182,K07164.01,train,neg_only,0,false_positive,train_eligible,,dr25_clean_v2,FALSE POSITIVE,FALSE POSITIVE
9353314,K01900.01,train,pos_only,1,planet,train_eligible,,dr25_clean_v2,CONFIRMED,CANDIDATE
9353742,K03867.01,train,pos_only,1,planet,train_eligible,,dr25_clean_v2,CONFIRMED,CANDIDATE
9364290,K02374.01,train,pos_only,1,planet,train_eligible,,dr25_clean_v2,CONFIRMED,CANDIDATE
9364290,K02374.02,train,pos_only,1,planet,train_eligible,,dr25_clean_v2,CONFIRMED,CANDIDATE
9364609,K02137.01,train,pos_only,1,planet,train_eligible,,dr25_clean_v2,CONFIRMED,CANDIDATE
9366886,K02901.01,train,neg_only,0,false_positive,train_eligible,,dr25_clean_v2,FALSE POSITIVE,FALSE POSITIVE
9366988,K03597.01,train,neg_only,0,false_positive,train_eligible,,dr25_clean_v2,FALSE POSITIVE,FALSE POSITIVE
9366989,K01785.01,train,neg_only,0,false_positive,train_eligible,,dr25_clean_v2,FALSE POSITIVE,FALSE POSITIVE
9388479,K00936.01,train,pos_only,1,planet,train_eligible,,dr25_clean_v2,CONFIRMED,CANDIDATE
9388479,K00936.02,train,pos_only,1,planet,train_eligible,,dr25_clean_v2,CONFIRMED,CANDIDATE
9390228,K07934.01,train,unlabelled_only,,,excluded,unresolved_candidate,dr25_clean_v2,CANDIDATE,CANDIDATE
9390653,K00249.01,train,pos_only,1,planet,train_eligible,,dr25_clean_v2,CONFIRMED,CANDIDATE
9390655,K05662.01,train,neg_only,0,false_positive,train_eligible,,dr25_clean_v2,FALSE POSITIVE,FALSE POSITIVE
9391208,K01409.01,train,pos_only,1,planet,train_eligible,,dr25_clean_v2,CONFIRMED,CANDIDATE
9391817,K05663.01,train,unlabelled_only,,,excluded,unresolved_candidate,dr25_clean_v2,CANDIDATE,CANDIDATE
9392016,K07935.01,train,neg_only,0,false_positive,train_eligible,,dr25_clean_v2,FALSE POSITIVE,FALSE POSITIVE
9392702,K07167.01,train,neg_only,0,false_positive,train_eligible,,dr25_clean_v2,FALSE POSITIVE,FALSE POSITIVE
9394601,K03684.01,train,neg_only,0,false_positive,train_eligible,,dr25_clean_v2,FALSE POSITIVE,FALSE POSITIVE
9394605,K06203.01,train,neg_only,0,false_positive,train_eligible,,dr25_clean_v2,FALSE POSITIVE,FALSE POSITIVE
9394920,K07168.01,train,neg_only,0,false_positive,train_eligible,,dr25_clean_v2,FALSE POSITIVE,FALSE POSITIVE
9395719,K02472.01,train,pos_only,1,planet,train_eligible,,dr25_clean_v2,CONFIRMED,CANDIDATE
9402583,K04168.01,train,neg_only,0,false_positive,train_eligible,,dr25_clean_v2,FALSE POSITIVE,FALSE POSITIVE
9402670,K05667.01,train,neg_only,0,false_positive,train_eligible,,dr25_clean_v2,FALSE POSITIVE,FALSE POSITIVE
9405541,K03788.01,train,neg_only,0,false_positive,train_eligible,,dr25_clean_v2,FALSE POSITIVE,FALSE POSITIVE
9405595,K02125.01,train,pos_only,1,planet,train_eligible,,dr25_clean_v2,CONFIRMED,CANDIDATE
9406892,K04186.01,train,neg_only,0,false_positive,train_eligible,,dr25_clean_v2,FALSE POSITIVE,FALSE POSITIVE
9406990,K00937.01,train,pos_only,1,planet,train_eligible,,dr25_clean_v2,CONFIRMED,CANDIDATE
9409493,K08182.01,train,neg_only,0,false_positive,train_eligible,,dr25_clean_v2,FALSE POSITIVE,FALSE POSITIVE
9410930,K00196.01,train,pos_only,1,planet,train_eligible,,dr25_clean_v2,CONFIRMED,CANDIDATE
9411166,K01922.01,train,pos_only,1,planet,train_eligible,,dr25_clean_v2,CONFIRMED,CANDIDATE
9411166,K01922.03,train,pos_only,1,planet,train_eligible,,dr25_clean_v2,CONFIRMED,CANDIDATE
9411317,K06067.01,train,neg_only,0,false_positive,train_eligible,,dr25_clean_v2,FALSE POSITIVE,FALSE POSITIVE
9411412,K02101.01,train,pos_only,1,planet,train_eligible,,dr25_clean_v2,CONFIRMED,CANDIDATE
9411943,K07170.01,train,neg_only,0,false_positive,train_eligible,,dr25_clean_v2,FALSE POSITIVE,FALSE POSITIVE
9412623,K04640.01,train,pos_only,1,planet,train_eligible,,dr25_clean_v2,CONFIRMED,CANDIDATE
9412760,K01977.01,train,pos_only,1,planet,train_eligible,,dr25_clean_v2,CONFIRMED,CANDIDATE
9412760,K01977.02,train,pos_only,1,planet,train_eligible,,dr25_clean_v2,CONFIRMED,CANDIDATE
9414417,K00974.01,train,unlabelled_only,,,excluded,unresolved_candidate,dr25_clean_v2,CANDIDATE,CANDIDATE
9415108,K02121.01,train,unlabelled_only,,,excluded,disposition_conflict,dr25_clean_v2,CONFIRMED,FALSE POSITIVE
9415172,K00938.01,train,pos_only,1,planet,train_eligible,,dr25_clean_v2,CONFIRMED,CANDIDATE
9415172,K00938.02,train,pos_only,1,planet,train_eligible,,dr25_clean_v2,CONFIRMED,CANDIDATE
9415172,K00938.03,train,pos_only,1,planet,train_eligible,,dr25_clean_v2,CONFIRMED,CANDIDATE
9418508,K05672.01,train,neg_only,0,false_positive,train_eligible,,dr25_clean_v2,FALSE POSITIVE,FALSE POSITIVE
9419020,K04808.01,train,unlabelled_only,,,excluded,unresolved_candidate,dr25_clean_v2,CANDIDATE,CANDIDATE
9426071,K00706.01,train,neg_only,0,false_positive,train_eligible,,dr25_clean_v2,FALSE POSITIVE,FALSE POSITIVE
9427402,K01397.01,train,unlabelled_only,,,excluded,unresolved_candidate,dr25_clean_v2,CANDIDATE,CANDIDATE
9429631,K07937.01,train,neg_only,0,false_positive,train_eligible,,dr25_clean_v2,FALSE POSITIVE,FALSE POSITIVE
9446824,K01382.01,train,neg_only,0,false_positive,train_eligible,,dr25_clean_v2,FALSE POSITIVE,FALSE POSITIVE
9451096,K07173.01,train,neg_only,0,false_positive,train_eligible,,dr25_clean_v2,FALSE POSITIVE,FALSE POSITIVE
9451127,K01381.01,train,neg_only,0,false_positive,train_eligible,,dr25_clean_v2,FALSE POSITIVE,FALSE POSITIVE
9452897,K03391.01,train,unlabelled_only,,,excluded,unresolved_candidate,dr25_clean_v2,CANDIDATE,CANDIDATE
9455325,K01813.01,train,pos_only,1,planet,train_eligible,,dr25_clean_v2,CONFIRMED,CANDIDATE
9456281,K04207.01,train,unlabelled_only,,,excluded,unresolved_candidate,dr25_clean_v2,CANDIDATE,CANDIDATE
9456887,K05677.01,train,unlabelled_only,,,excluded,unresolved_candidate,dr25_clean_v2,CANDIDATE,CANDIDATE
9457728,K04637.01,train,unlabelled_only,,,excluded,unresolved_candidate,dr25_clean_v2,CANDIDATE,CANDIDATE
9457948,K04694.01,train,unlabelled_only,,,excluded,unresolved_candidate,dr25_clean_v2,CANDIDATE,CANDIDATE
9458343,K02246.01,train,pos_only,1,planet,train_eligible,,dr25_clean_v2,CONFIRMED,CANDIDATE
9458613,K00707.01,train,pos_only,1,planet,train_eligible,,dr25_clean_v2,CONFIRMED,CANDIDATE
9458613,K00707.02,train,pos_only,1,planet,train_eligible,,dr25_clean_v2,CONFIRMED,CANDIDATE
9458613,K00707.03,train,pos_only,1,planet,train_eligible,,dr25_clean_v2,CONFIRMED,CANDIDATE
9458613,K00707.04,train,pos_only,1,planet,train_eligible,,dr25_clean_v2,CONFIRMED,CANDIDATE
9458613,K00707.05,train,pos_only,1,planet,train_eligible,,dr25_clean_v2,CONFIRMED,CANDIDATE
9459162,K04818.01,train,unlabelled_only,,,excluded,unresolved_candidate,dr25_clean_v2,CANDIDATE,CANDIDATE
9466042,K07175.01,train,neg_only,0,false_positive,train_eligible,,dr25_clean_v2,FALSE POSITIVE,FALSE POSITIVE
9468384,K03466.01,train,neg_only,0,false_positive,train_eligible,,dr25_clean_v2,FALSE POSITIVE,FALSE POSITIVE
9468551,K02980.01,train,pos_only,1,planet,train_eligible,,dr25_clean_v2,CONFIRMED,CANDIDATE
9468717,K01954.01,train,neg_only,0,false_positive,train_eligible,,dr25_clean_v2,FALSE POSITIVE,FALSE POSITIVE
9468848,K08183.01,train,unlabelled_only,,,excluded,unresolved_candidate,dr25_clean_v2,CANDIDATE,CANDIDATE
9469494,K07938.01,train,unlabelled_only,,,excluded,unresolved_candidate,dr25_clean_v2,CANDIDATE,CANDIDATE
9471268,K01835.01,train,pos_only,1,planet,train_eligible,,dr25_clean_v2,CONFIRMED,CANDIDATE
9471268,K01835.02,train,pos_only,1,planet,train_eligible,,dr25_clean_v2,CONFIRMED,CANDIDATE
9471268,K01835.03,train,pos_only,1,planet,train_eligible,,dr25_clean_v2,CONFIRMED,CANDIDATE
9471974,K00119.01,train,pos_only,1,planet,train_eligible,,dr25_clean_v2,CONFIRMED,CANDIDATE
9471974,K00119.02,train,pos_only,1,planet,train_eligible,,dr25_clean_v2,CONFIRMED,CANDIDATE
9472000,K02082.01,train,pos_only,1,planet,train_eligible,,dr25_clean_v2,CONFIRMED,CANDIDATE
9472074,K02735.01,train,pos_only,1,planet,train_eligible,,dr25_clean_v2,CONFIRMED,CANDIDATE
9473078,K02079.01,train,pos_only,1,planet,train_eligible,,dr25_clean_v2,CONFIRMED,CANDIDATE
9474222,K07177.01,train,neg_only,0,false_positive,train_eligible,,dr25_clean_v2,FALSE POSITIVE,FALSE POSITIVE
9474483,K04697.01,train,neg_only,0,false_positive,train_eligible,,dr25_clean_v2,FALSE POSITIVE,FALSE POSITIVE
9474485,K05683.01,train,neg_only,0,false_positive,train_eligible,,dr25_clean_v2,FALSE POSITIVE,FALSE POSITIVE
9474493,K02574.01,train,neg_only,0,false_positive,train_eligible,,dr25_clean_v2,FALSE POSITIVE,FALSE POSITIVE
9474756,K03495.01,train,unlabelled_only,,,excluded,unresolved_candidate,dr25_clean_v2,CANDIDATE,CANDIDATE
9474756,K03495.02,train,unlabelled_only,,,excluded,unresolved_candidate,dr25_clean_v2,CANDIDATE,CANDIDATE
9474969,K07178.01,train,neg_only,0,false_positive,train_eligible,,dr25_clean_v2,FALSE POSITIVE,FALSE POSITIVE
9475552,K02694.01,train,pos_only,1,planet,train_eligible,,dr25_clean_v2,CONFIRMED,CANDIDATE
9475552,K02694.02,train,pos_only,1,planet,train_eligible,,dr25_clean_v2,CONFIRMED,CANDIDATE
9478990,K00423.01,train,pos_only,1,planet,train_eligible,,dr25_clean_v2,CONFIRMED,CANDIDATE
9479273,K00940.01,train,pos_only,1,planet,train_eligible,,dr25_clean_v2,CONFIRMED,CANDIDATE
9479306,K04906.01,train,unlabelled_only,,,excluded,unresolved_candidate,dr25_clean_v2,CANDIDATE,CANDIDATE
9480189,K00941.01,train,pos_only,1,planet,train_eligible,,dr25_clean_v2,CONFIRMED,CANDIDATE
9480189,K00941.02,train,pos_only,1,planet,train_eligible,,dr25_clean_v2,CONFIRMED,CANDIDATE
9480189,K00941.03,train,pos_only,1,planet,train_eligible,,dr25_clean_v2,CONFIRMED,CANDIDATE
9480310,K01470.01,train,pos_only,1,planet,train_eligible,,dr25_clean_v2,CONFIRMED,CANDIDATE
9480535,K03901.01,train,pos_only,1,planet,train_eligible,,dr25_clean_v2,CONFIRMED,CANDIDATE
9489947,K03385.01,train,neg_only,0,false_positive,train_eligible,,dr25_clean_v2,FALSE POSITIVE,FALSE POSITIVE
9489953,K03238.01,train,neg_only,0,false_positive,train_eligible,,dr25_clean_v2,FALSE POSITIVE,FALSE POSITIVE
9490653,K04173.01,train,neg_only,0,false_positive,train_eligible,,dr25_clean_v2,FALSE POSITIVE,FALSE POSITIVE
9491832,K04226.01,train,unlabelled_only,,,excluded,unresolved_candidate,dr25_clean_v2,CANDIDATE,CANDIDATE
9509207,K07181.01,train,neg_only,0,false_positive,train_eligible,,dr25_clean_v2,FALSE POSITIVE,FALSE POSITIVE
9509223,K04867.01,train,neg_only,0,false_positive,train_eligible,,dr25_clean_v2,FALSE POSITIVE,FALSE POSITIVE
9509343,K04346.01,train,unlabelled_only,,,excluded,unresolved_candidate,dr25_clean_v2,CANDIDATE,CANDIDATE
9512981,K01466.01,train,unlabelled_only,,,excluded,unresolved_candidate,dr25_clean_v2,CANDIDATE,CANDIDATE
9513168,K07182.01,train,unlabelled_only,,,excluded,unresolved_candidate,dr25_clean_v2,CANDIDATE,CANDIDATE
9513865,K00943.01,train,pos_only,1,planet,train_eligible,,dr25_clean_v2,CONFIRMED,CANDIDATE
9514372,K04242.01,train,unlabelled_only,,,excluded,unresolved_candidate,dr25_clean_v2,CANDIDATE,CANDIDATE
9518318,K01978.01,train,pos_only,1,planet,train_eligible,,dr25_clean_v2,CONFIRMED,CANDIDATE
9518318,K01978.02,train,pos_only,1,planet,train_eligible,,dr25_clean_v2,CONFIRMED,CANDIDATE
9518558,K07939.01,train,neg_only,0,false_positive,train_eligible,,dr25_clean_v2,FALSE POSITIVE,FALSE POSITIVE
9518651,K04433.01,train,neg_only,0,false_positive,train_eligible,,dr25_clean_v2,FALSE POSITIVE,FALSE POSITIVE
9518710,K03207.01,train,neg_only,0,false_positive,train_eligible,,dr25_clean_v2,FALSE POSITIVE,FALSE POSITIVE
9520443,K02893.01,train,neg_only,0,false_positive,train_eligible,,dr25_clean_v2,FALSE POSITIVE,FALSE POSITIVE
9520668,K01514.01,train,neg_only,0,false_positive,train_eligible,,dr25_clean_v2,FALSE POSITIVE,FALSE POSITIVE
9520700,K07183.01,train,neg_only,0,false_positive,train_eligible,,dr25_clean_v2,FALSE POSITIVE,FALSE POSITIVE
9521317,K07940.01,train,unlabelled_only,,,excluded,unresolved_candidate,dr25_clean_v2,CANDIDATE,CANDIDATE
9527334,K00049.01,train,pos_only,1,planet,train_eligible,,dr25_clean_v2,CONFIRMED,CANDIDATE
9528430,K03489.01,train,neg_only,0,false_positive,train_eligible,,dr25_clean_v2,FALSE POSITIVE,FALSE POSITIVE
9529148,K07942.01,train,neg_only,0,false_positive,train_eligible,,dr25_clean_v2,FALSE POSITIVE,FALSE POSITIVE
9529294,K07184.01,train,neg_only,0,false_positive,train_eligible,,dr25_clean_v2,FALSE POSITIVE,FALSE POSITIVE
9529733,K03600.01,train,neg_only,0,false_positive,train_eligible,,dr25_clean_v2,FALSE POSITIVE,FALSE POSITIVE
9529744,K01806.01,train,mixed,0,false_positive,train_eligible,,dr25_clean_v2,FALSE POSITIVE,FALSE POSITIVE
9529744,K01806.02,train,mixed,1,planet,train_eligible,,dr25_clean_v2,CONFIRMED,CANDIDATE
9529744,K01806.03,train,mixed,1,planet,train_eligible,,dr25_clean_v2,CONFIRMED,CANDIDATE
9529856,K07185.01,train,neg_only,0,false_positive,train_eligible,,dr25_clean_v2,FALSE POSITIVE,FALSE POSITIVE
9530945,K00708.01,train,pos_only,1,planet,train_eligible,,dr25_clean_v2,CONFIRMED,CANDIDATE
9530945,K00708.02,train,pos_only,1,planet,train_eligible,,dr25_clean_v2,CONFIRMED,CANDIDATE
9531850,K07943.01,train,neg_only,0,false_positive,train_eligible,,dr25_clean_v2,FALSE POSITIVE,FALSE POSITIVE
9532052,K02115.01,train,pos_only,1,planet,train_eligible,,dr25_clean_v2,CONFIRMED,CANDIDATE
9532117,K03241.01,train,neg_only,0,false_positive,train_eligible,,dr25_clean_v2,FALSE POSITIVE,FALSE POSITIVE
9532637,K03842.01,train,neg_only,0,false_positive,train_eligible,,dr25_clean_v2,FALSE POSITIVE,FALSE POSITIVE
9532710,K02364.01,train,neg_only,0,false_positive,train_eligible,,dr25_clean_v2,FALSE POSITIVE,FALSE POSITIVE
9532997,K08284.01,train,neg_only,0,false_positive,train_eligible,,dr25_clean_v2,FALSE POSITIVE,FALSE POSITIVE
9535876,K04225.01,train,neg_only,0,false_positive,train_eligible,,dr25_clean_v2,FALSE POSITIVE,FALSE POSITIVE
9536048,K07186.01,train,neg_only,0,false_positive,train_eligible,,dr25_clean_v2,FALSE POSITIVE,FALSE POSITIVE
9536692,K01948.01,train,neg_only,0,false_positive,train_eligible,,dr25_clean_v2,FALSE POSITIVE,FALSE POSITIVE
9536836,K08285.01,train,neg_only,0,false_positive,train_eligible,,dr25_clean_v2,FALSE POSITIVE,FALSE POSITIVE
9540450,K07187.01,train,neg_only,0,false_positive,train_eligible,,dr25_clean_v2,FALSE POSITIVE,FALSE POSITIVE
9540675,K07188.01,train,neg_only,0,false_positive,train_eligible,,dr25_clean_v2,FALSE POSITIVE,FALSE POSITIVE
9541089,K04182.01,train,neg_only,0,false_positive,train_eligible,,dr25_clean_v2,FALSE POSITIVE,FALSE POSITIVE
9541094,K07944.01,train,neg_only,0,false_positive,train_eligible,,dr25_clean_v2,FALSE POSITIVE,FALSE POSITIVE
9541163,K07189.01,train,neg_only,0,false_positive,train_eligible,,dr25_clean_v2,FALSE POSITIVE,FALSE POSITIVE
9541567,K07190.01,train,neg_only,0,false_positive,train_eligible,,dr25_clean_v2,FALSE POSITIVE,FALSE POSITIVE
9549471,K06070.01,train,neg_only,0,false_positive,train_eligible,,dr25_clean_v2,FALSE POSITIVE,FALSE POSITIVE
9549648,K01886.01,train,pos_only,1,planet,train_eligible,,dr25_clean_v2,CONFIRMED,CANDIDATE
9551430,K04030.01,train,neg_only,0,false_positive,train_eligible,,dr25_clean_v2,FALSE POSITIVE,FALSE POSITIVE
9569711,K03232.01,train,pos_only,1,planet,train_eligible,,dr25_clean_v2,CONFIRMED,CANDIDATE
9569866,K07191.01,train,neg_only,0,false_positive,train_eligible,,dr25_clean_v2,FALSE POSITIVE,FALSE POSITIVE
9573539,K00180.01,train,pos_only,1,planet,train_eligible,,dr25_clean_v2,CONFIRMED,CANDIDATE
9574158,K02512.01,train,unlabelled_only,,,excluded,unresolved_candidate,dr25_clean_v2,CANDIDATE,CANDIDATE
9574179,K02637.01,train,unlabelled_only,,,excluded,unresolved_candidate,dr25_clean_v2,CANDIDATE,CANDIDATE
9575728,K05692.01,train,unlabelled_only,,,excluded,unresolved_candidate,dr25_clean_v2,CANDIDATE,CANDIDATE
9576197,K06207.01,train,neg_only,0,false_positive,train_eligible,,dr25_clean_v2,FALSE POSITIVE,FALSE POSITIVE
9577855,K04522.01,train,neg_only,0,false_positive,train_eligible,,dr25_clean_v2,FALSE POSITIVE,FALSE POSITIVE
9578686,K00709.01,train,pos_only,1,planet,train_eligible,,dr25_clean_v2,CONFIRMED,CANDIDATE
9579208,K03165.01,train,unlabelled_only,,,excluded,unresolved_candidate,dr25_clean_v2,CANDIDATE,CANDIDATE
9579641,K00115.01,train,pos_only,1,planet,train_eligible,,dr25_clean_v2,CONFIRMED,CANDIDATE
9579641,K00115.02,train,pos_only,1,planet,train_eligible,,dr25_clean_v2,CONFIRMED,CANDIDATE
9579641,K00115.03,train,pos_only,,,excluded,unresolved_candidate,dr25_clean_v2,CANDIDATE,CANDIDATE
9579753,K07945.01,train,neg_only,0,false_positive,train_eligible,,dr25_clean_v2,FALSE POSITIVE,FALSE POSITIVE
9579789,K07193.01,train,neg_only,0,false_positive,train_eligible,,dr25_clean_v2,FALSE POSITIVE,FALSE POSITIVE
9579860,K06208.01,train,neg_only,0,false_positive,train_eligible,,dr25_clean_v2,FALSE POSITIVE,FALSE POSITIVE
9580167,K02548.01,train,unlabelled_only,,,excluded,unresolved_candidate,dr25_clean_v2,CANDIDATE,CANDIDATE
9581589,K04877.01,train,unlabelled_only,,,excluded,unresolved_candidate,dr25_clean_v2,CANDIDATE,CANDIDATE
9583881,K00467.01,train,pos_only,1,planet,train_eligible,,dr25_clean_v2,CONFIRMED,CANDIDATE
9588880,K07946.01,train,neg_only,0,false_positive,train_eligible,,dr25_clean_v2,FALSE POSITIVE,FALSE POSITIVE
9591728,K05695.01,train,neg_only,0,false_positive,train_eligible,,dr25_clean_v2,FALSE POSITIVE,FALSE POSITIVE
9592575,K03565.01,train,neg_only,0,false_positive,train_eligible,,dr25_clean_v2,FALSE POSITIVE,FALSE POSITIVE
9592579,K00243.01,train,neg_only,0,false_positive,train_eligible,,dr25_clean_v2,FALSE POSITIVE,FALSE POSITIVE
9592621,K08286.01,train,unlabelled_only,,,excluded,unresolved_candidate,dr25_clean_v2,CANDIDATE,CANDIDATE
9592705,K00288.01,train,pos_only,1,planet,train_eligible,,dr25_clean_v2,CONFIRMED,CANDIDATE
9592831,K07947.01,train,neg_only,0,false_positive,train_eligible,,dr25_clean_v2,FALSE POSITIVE,FALSE POSITIVE
9592850,K03883.01,train,neg_only,0,false_positive,train_eligible,,dr25_clean_v2,FALSE POSITIVE,FALSE POSITIVE
9593528,K03939.01,train,unlabelled_only,,,excluded,unresolved_candidate,dr25_clean_v2,CANDIDATE,CANDIDATE
9593757,K02774.01,train,neg_only,0,false_positive,train_eligible,,dr25_clean_v2,FALSE POSITIVE,FALSE POSITIVE
9593773,K04240.01,train,neg_only,0,false_positive,train_eligible,,dr25_clean_v2,FALSE POSITIVE,FALSE POSITIVE
9594184,K05696.01,train,neg_only,0,false_positive,train_eligible,,dr25_clean_v2,FALSE POSITIVE,FALSE POSITIVE
9595686,K00944.01,train,unlabelled_only,,,excluded,unresolved_candidate,dr25_clean_v2,CANDIDATE,CANDIDATE
9595827,K00217.01,train,pos_only,1,planet,train_eligible,,dr25_clean_v2,CONFIRMED,CANDIDATE
9596064,K07197.01,train,unlabelled_only,,,excluded,unresolved_candidate,dr25_clean_v2,CANDIDATE,CANDIDATE
9596187,K07198.01,train,unlabelled_only,,,excluded,unresolved_candidate,dr25_clean_v2,CANDIDATE,CANDIDATE
9597058,K01819.01,train,pos_only,1,planet,train_eligible,,dr25_clean_v2,CONFIRMED,CANDIDATE
9597095,K07200.01,train,neg_only,0,false_positive,train_eligible,,dr25_clean_v2,FALSE POSITIVE,FALSE POSITIVE
9597411,K00424.01,train,neg_only,0,false_positive,train_eligible,,dr25_clean_v2,FALSE POSITIVE,FALSE POSITIVE
9597729,K04417.01,train,neg_only,0,false_positive,train_eligible,,dr25_clean_v2,FALSE POSITIVE,FALSE POSITIVE
9597729,K04417.02,train,neg_only,0,false_positive,train_eligible,,dr25_clean_v2,FALSE POSITIVE,FALSE POSITIVE
9597806,K01481.01,train,pos_only,1,planet,train_eligible,,dr25_clean_v2,CONFIRMED,CANDIDATE
9602421,K04631.01,train,neg_only,0,false_positive,train_eligible,,dr25_clean_v2,FALSE POSITIVE,FALSE POSITIVE
9602431,K07202.01,train,neg_only,0,false_positive,train_eligible,,dr25_clean_v2,FALSE POSITIVE,FALSE POSITIVE
9602514,K01490.01,train,neg_only,0,false_positive,train_eligible,,dr25_clean_v2,FALSE POSITIVE,FALSE POSITIVE
9602538,K07203.01,train,neg_only,0,false_positive,train_eligible,,dr25_clean_v2,FALSE POSITIVE,FALSE POSITIVE
9602562,K03985.01,train,neg_only,0,false_positive,train_eligible,,dr25_clean_v2,FALSE POSITIVE,FALSE POSITIVE
9602775,K04684.01,train,neg_only,0,false_positive,train_eligible,,dr25_clean_v2,FALSE POSITIVE,FALSE POSITIVE
9604563,K07949.01,train,unlabelled_only,,,excluded,unresolved_candidate,dr25_clean_v2,CANDIDATE,CANDIDATE
9605514,K00945.01,train,mixed,1,planet,train_eligible,,dr25_clean_v2,CONFIRMED,CANDIDATE
9605514,K00945.02,train,mixed,1,planet,train_eligible,,dr25_clean_v2,CONFIRMED,CANDIDATE
9605514,K00945.03,train,mixed,0,false_positive,train_eligible,,dr25_clean_v2,FALSE POSITIVE,FALSE POSITIVE
9607164,K00587.01,train,pos_only,1,planet,train_eligible,,dr25_clean_v2,CONFIRMED,CANDIDATE
9612825,K02685.01,train,neg_only,0,false_positive,train_eligible,,dr25_clean_v2,FALSE POSITIVE,FALSE POSITIVE
9613070,K03601.01,train,neg_only,0,false_positive,train_eligible,,dr25_clean_v2,FALSE POSITIVE,FALSE POSITIVE
9630640,K07204.01,train,neg_only,0,false_positive,train_eligible,,dr25_clean_v2,FALSE POSITIVE,FALSE POSITIVE
9631762,K00588.01,train,pos_only,1,planet,train_eligible,,dr25_clean_v2,CONFIRMED,CANDIDATE
9631995,K00022.01,train,pos_only,1,planet,train_eligible,,dr25_clean_v2,CONFIRMED,CANDIDATE
9634821,K02037.01,train,pos_only,1,planet,train_eligible,,dr25_clean_v2,CONFIRMED,CANDIDATE
9634821,K02037.02,train,pos_only,,,excluded,unresolved_candidate,dr25_clean_v2,CANDIDATE,CANDIDATE
9634821,K02037.03,train,pos_only,,,excluded,unresolved_candidate,dr25_clean_v2,CANDIDATE,CANDIDATE
9635510,K02234.01,train,neg_only,0,false_positive,train_eligible,,dr25_clean_v2,FALSE POSITIVE,FALSE POSITIVE
9635529,K07206.01,train,neg_only,0,false_positive,train_eligible,,dr25_clean_v2,FALSE POSITIVE,FALSE POSITIVE
9636135,K01498.01,train,pos_only,1,planet,train_eligible,,dr25_clean_v2,CONFIRMED,CANDIDATE
9636135,K01498.02,train,pos_only,1,planet,train_eligible,,dr25_clean_v2,CONFIRMED,CANDIDATE
9636563,K02892.01,train,neg_only,0,false_positive,train_eligible,,dr25_clean_v2,FALSE POSITIVE,FALSE POSITIVE
9636569,K00527.01,train,neg_only,0,false_positive,train_eligible,,dr25_clean_v2,FALSE POSITIVE,FALSE POSITIVE
9639021,K07950.01,train,neg_only,0,false_positive,train_eligible,,dr25_clean_v2,FALSE POSITIVE,FALSE POSITIVE
9640123,K07209.01,train,unlabelled_only,,,excluded,unresolved_candidate,dr25_clean_v2,CANDIDATE,CANDIDATE
9640439,K02912.01,train,neg_only,0,false_positive,train_eligible,,dr25_clean_v2,FALSE POSITIVE,FALSE POSITIVE
9640649,K07951.01,train,unlabelled_only,,,excluded,unresolved_candidate,dr25_clean_v2,CANDIDATE,CANDIDATE
9640907,K04172.01,train,neg_only,0,false_positive,train_eligible,,dr25_clean_v2,FALSE POSITIVE,FALSE POSITIVE
9640921,K07210.01,train,neg_only,0,false_positive,train_eligible,,dr25_clean_v2,FALSE POSITIVE,FALSE POSITIVE
9640921,K07210.02,train,neg_only,0,false_positive,train_eligible,,dr25_clean_v2,FALSE POSITIVE,FALSE POSITIVE
9640924,K04239.01,train,neg_only,0,false_positive,train_eligible,,dr25_clean_v2,FALSE POSITIVE,FALSE POSITIVE
9640931,K04175.01,train,neg_only,0,false_positive,train_eligible,,dr25_clean_v2,FALSE POSITIVE,FALSE POSITIVE
9640962,K04177.01,train,neg_only,0,false_positive,train_eligible,,dr25_clean_v2,FALSE POSITIVE,FALSE POSITIVE
9640985,K00713.01,train,neg_only,0,false_positive,train_eligible,,dr25_clean_v2,FALSE POSITIVE,FALSE POSITIVE
9641008,K03860.01,train,neg_only,0,false_positive,train_eligible,,dr25_clean_v2,FALSE POSITIVE,FALSE POSITIVE
9641031,K07211.01,train,neg_only,0,false_positive,train_eligible,,dr25_clean_v2,FALSE POSITIVE,FALSE POSITIVE
9641041,K00324.01,train,neg_only,0,false_positive,train_eligible,,dr25_clean_v2,FALSE POSITIVE,FALSE POSITIVE
9641076,K04250.01,train,neg_only,0,false_positive,train_eligible,,dr25_clean_v2,FALSE POSITIVE,FALSE POSITIVE
9641103,K07212.01,train,neg_only,0,false_positive,train_eligible,,dr25_clean_v2,FALSE POSITIVE,FALSE POSITIVE
9641144,K04262.01,train,neg_only,0,false_positive,train_eligible,,dr25_clean_v2,FALSE POSITIVE,FALSE POSITIVE
9641481,K02152.01,train,pos_only,1,planet,train_eligible,,dr25_clean_v2,CONFIRMED,CANDIDATE
9642018,K04430.01,train,neg_only,0,false_positive,train_eligible,,dr25_clean_v2,FALSE POSITIVE,FALSE POSITIVE
9642292,K02946.01,train,pos_only,1,planet,train_eligible,,dr25_clean_v2,CONFIRMED,CANDIDATE
9643043,K03297.01,train,neg_only,0,false_positive,train_eligible,,dr25_clean_v2,FALSE POSITIVE,FALSE POSITIVE
9643874,K01457.01,train,pos_only,1,planet,train_eligible,,dr25_clean_v2,CONFIRMED,CANDIDATE
9644411,K07213.01,train,neg_only,0,false_positive,train_eligible,,dr25_clean_v2,FALSE POSITIVE,FALSE POSITIVE
9649205,K08184.01,train,neg_only,0,false_positive,train_eligible,,dr25_clean_v2,FALSE POSITIVE,FALSE POSITIVE
9649222,K06071.01,train,neg_only,0,false_positive,train_eligible,,dr25_clean_v2,FALSE POSITIVE,FALSE POSITIVE
9649706,K02049.01,train,pos_only,1,planet,train_eligible,,dr25_clean_v2,CONFIRMED,CANDIDATE
9650762,K07954.01,train,unlabelled_only,,,excluded,unresolved_candidate,dr25_clean_v2,CANDIDATE,CANDIDATE
9650808,K01970.01,train,pos_only,1,planet,train_eligible,,dr25_clean_v2,CONFIRMED,CANDIDATE
9650808,K01970.02,train,pos_only,1,planet,train_eligible,,dr25_clean_v2,CONFIRMED,CANDIDATE
9650989,K03095.01,train,pos_only,1,planet,train_eligible,,dr25_clean_v2,CONFIRMED,CANDIDATE
9651155,K07955.01,train,neg_only,0,false_positive,train_eligible,,dr25_clean_v2,FALSE POSITIVE,FALSE POSITIVE
9651234,K01938.01,train,pos_only,1,planet,train_eligible,,dr25_clean_v2,CONFIRMED,CANDIDATE
9651668,K00183.01,train,pos_only,1,planet,train_eligible,,dr25_clean_v2,CONFIRMED,CANDIDATE
9652166,K07216.01,train,neg_only,0,false_positive,train_eligible,,dr25_clean_v2,FALSE POSITIVE,FALSE POSITIVE
9652649,K02884.01,train,neg_only,0,false_positive,train_eligible,,dr25_clean_v2,FALSE POSITIVE,FALSE POSITIVE
9653622,K02513.01,train,pos_only,1,planet,train_eligible,,dr25_clean_v2,CONFIRMED,CANDIDATE
9654875,K02272.01,train,neg_only,0,false_positive,train_eligible,,dr25_clean_v2,FALSE POSITIVE,FALSE POSITIVE
9655005,K04047.01,train,unlabelled_only,,,excluded,unresolved_candidate,dr25_clean_v2,CANDIDATE,CANDIDATE
9655419,K03934.01,train,neg_only,0,false_positive,train_eligible,,dr25_clean_v2,FALSE POSITIVE,FALSE POSITIVE
9655424,K07218.01,train,neg_only,0,false_positive,train_eligible,,dr25_clean_v2,FALSE POSITIVE,FALSE POSITIVE
9655711,K06209.01,train,unlabelled_only,,,excluded,unresolved_candidate,dr25_clean_v2,CANDIDATE,CANDIDATE
9655711,K06209.02,train,unlabelled_only,,,excluded,unresolved_candidate,dr25_clean_v2,CANDIDATE,CANDIDATE
9655858,K03733.01,train,neg_only,0,false_positive,train_eligible,,dr25_clean_v2,FALSE POSITIVE,FALSE POSITIVE
9656252,K02044.01,train,pos_only,1,planet,train_eligible,,dr25_clean_v2,CONFIRMED,CANDIDATE
9656547,K07956.01,train,neg_only,0,false_positive,train_eligible,,dr25_clean_v2,FALSE POSITIVE,FALSE POSITIVE
9658089,K07220.01,train,unlabelled_only,,,excluded,unresolved_candidate,dr25_clean_v2,CANDIDATE,CANDIDATE
9658118,K03516.01,train,neg_only,0,false_positive,train_eligible,,dr25_clean_v2,FALSE POSITIVE,FALSE POSITIVE
9658192,K07957.01,train,neg_only,0,false_positive,train_eligible,,dr25_clean_v2,FALSE POSITIVE,FALSE POSITIVE
9661869,K03647.01,train,neg_only,0,false_positive,train_eligible,,dr25_clean_v2,FALSE POSITIVE,FALSE POSITIVE
9661877,K00946.01,train,neg_only,0,false_positive,train_eligible,,dr25_clean_v2,FALSE POSITIVE,FALSE POSITIVE
9661979,K02132.01,train,pos_only,1,planet,train_eligible,,dr25_clean_v2,CONFIRMED,CANDIDATE
9664215,K06072.01,train,neg_only,0,false_positive,train_eligible,,dr25_clean_v2,FALSE POSITIVE,FALSE POSITIVE
9664276,K03460.01,train,unlabelled_only,,,excluded,unresolved_candidate,dr25_clean_v2,CANDIDATE,CANDIDATE
9665503,K07221.01,train,neg_only,0,false_positive,train_eligible,,dr25_clean_v2,FALSE POSITIVE,FALSE POSITIVE
9673173,K07222.01,train,neg_only,0,false_positive,train_eligible,,dr25_clean_v2,FALSE POSITIVE,FALSE POSITIVE
9674320,K07223.01,train,unlabelled_only,,,excluded,unresolved_candidate,dr25_clean_v2,CANDIDATE,CANDIDATE
9674564,K04096.01,train,neg_only,0,false_positive,train_eligible,,dr25_clean_v2,FALSE POSITIVE,FALSE POSITIVE
9674592,K03729.01,train,neg_only,0,false_positive,train_eligible,,dr25_clean_v2,FALSE POSITIVE,FALSE POSITIVE
9674592,K03729.02,train,neg_only,0,false_positive,train_eligible,,dr25_clean_v2,FALSE POSITIVE,FALSE POSITIVE
9674608,K01795.01,train,neg_only,0,false_positive,train_eligible,,dr25_clean_v2,FALSE POSITIVE,FALSE POSITIVE
9692128,K02769.01,train,neg_only,0,false_positive,train_eligible,,dr25_clean_v2,FALSE POSITIVE,FALSE POSITIVE
9692336,K03859.01,train,neg_only,0,false_positive,train_eligible,,dr25_clean_v2,FALSE POSITIVE,FALSE POSITIVE
9692345,K01485.01,train,neg_only,0,false_positive,train_eligible,,dr25_clean_v2,FALSE POSITIVE,FALSE POSITIVE
9692557,K02831.01,train,neg_only,0,false_positive,train_eligible,,dr25_clean_v2,FALSE POSITIVE,FALSE POSITIVE
9696358,K02545.01,train,pos_only,1,planet,train_eligible,,dr25_clean_v2,CONFIRMED,CANDIDATE
9697131,K02706.01,train,unlabelled_only,,,excluded,unresolved_candidate,dr25_clean_v2,CANDIDATE,CANDIDATE
9700449,K04120.01,train,unlabelled_only,,,excluded,unresolved_candidate,dr25_clean_v2,CANDIDATE,CANDIDATE
9701962,K04617.01,train,pos_only,1,planet,train_eligible,,dr25_clean_v2,CONFIRMED,CANDIDATE
9702006,K04372.01,train,pos_only,1,planet,train_eligible,,dr25_clean_v2,CONFIRMED,CANDIDATE
9702072,K00714.01,train,pos_only,1,planet,train_eligible,,dr25_clean_v2,CONFIRMED,CANDIDATE
9703198,K00469.01,train,unlabelled_only,,,excluded,unresolved_candidate,dr25_clean_v2,CANDIDATE,CANDIDATE
9710626,K07959.01,train,neg_only,0,false_positive,train_eligible,,dr25_clean_v2,FALSE POSITIVE,FALSE POSITIVE
9710792,K07960.01,train,neg_only,0,false_positive,train_eligible,,dr25_clean_v2,FALSE POSITIVE,FALSE POSITIVE
9711751,K07225.01,train,neg_only,0,false_positive,train_eligible,,dr25_clean_v2,FALSE POSITIVE,FALSE POSITIVE
9712350,K02613.01,train,unlabelled_only,,,excluded,unresolved_candidate,dr25_clean_v2,CANDIDATE,CANDIDATE
9714123,K03392.01,train,neg_only,0,false_positive,train_eligible,,dr25_clean_v2,FALSE POSITIVE,FALSE POSITIVE
9714358,K06073.01,train,neg_only,0,false_positive,train_eligible,,dr25_clean_v2,FALSE POSITIVE,FALSE POSITIVE
9714550,K03048.01,train,pos_only,1,planet,train_eligible,,dr25_clean_v2,CONFIRMED,CANDIDATE
9714696,K00616.01,train,unlabelled_only,,,excluded,unresolved_candidate,dr25_clean_v2,CANDIDATE,CANDIDATE
9715925,K03599.01,train,neg_only,0,false_positive,train_eligible,,dr25_clean_v2,FALSE POSITIVE,FALSE POSITIVE
9716391,K03025.01,train,pos_only,1,planet,train_eligible,,dr25_clean_v2,CONFIRMED,CANDIDATE
9718066,K02287.01,train,pos_only,1,planet,train_eligible,,dr25_clean_v2,CONFIRMED,CANDIDATE
9718066,K02287.02,train,pos_only,1,planet,train_eligible,,dr25_clean_v2,CONFIRMED,CANDIDATE
9718379,K02379.01,train,neg_only,0,false_positive,train_eligible,,dr25_clean_v2,FALSE POSITIVE,FALSE POSITIVE
9719634,K01500.01,train,neg_only,0,false_positive,train_eligible,,dr25_clean_v2,FALSE POSITIVE,FALSE POSITIVE
9724993,K05708.01,train,unlabelled_only,,,excluded,unresolved_candidate,dr25_clean_v2,CANDIDATE,CANDIDATE
9726659,K01491.01,train,pos_only,1,planet,train_eligible,,dr25_clean_v2,CONFIRMED,CANDIDATE
9730163,K02704.01,train,pos_only,1,planet,train_eligible,,dr25_clean_v2,CONFIRMED,CANDIDATE
9730163,K02704.02,train,pos_only,1,planet,train_eligible,,dr25_clean_v2,CONFIRMED,CANDIDATE
9752982,K03871.01,train,neg_only,0,false_positive,train_eligible,,dr25_clean_v2,FALSE POSITIVE,FALSE POSITIVE
9753154,K02457.01,train,pos_only,1,planet,train_eligible,,dr25_clean_v2,CONFIRMED,CANDIDATE
9757613,K00250.01,train,pos_only,1,planet,train_eligible,,dr25_clean_v2,CONFIRMED,CANDIDATE
9757613,K00250.02,train,pos_only,1,planet,train_eligible,,dr25_clean_v2,CONFIRMED,CANDIDATE
9757613,K00250.03,train,pos_only,1,planet,train_eligible,,dr25_clean_v2,CONFIRMED,CANDIDATE
9757613,K00250.04,train,pos_only,1,planet,train_eligible,,dr25_clean_v2,CONFIRMED,CANDIDATE
9758089,K01871.01,train,pos_only,1,planet,train_eligible,,dr25_clean_v2,CONFIRMED,CANDIDATE
9758089,K01871.02,train,pos_only,1,planet,train_eligible,,dr25_clean_v2,CONFIRMED,CANDIDATE
9761573,K03837.01,train,neg_only,0,false_positive,train_eligible,,dr25_clean_v2,FALSE POSITIVE,FALSE POSITIVE
9761615,K03911.01,train,pos_only,1,planet,train_eligible,,dr25_clean_v2,CONFIRMED,CANDIDATE
9762514,K07227.01,train,neg_only,0,false_positive,train_eligible,,dr25_clean_v2,FALSE POSITIVE,FALSE POSITIVE
9762519,K07228.01,train,neg_only,0,false_positive,train_eligible,,dr25_clean_v2,FALSE POSITIVE,FALSE POSITIVE
9763348,K01852.01,train,pos_only,1,planet,train_eligible,,dr25_clean_v2,CONFIRMED,CANDIDATE
9763612,K03465.01,train,unlabelled_only,,,excluded,disposition_conflict,dr25_clean_v2,CONFIRMED,FALSE POSITIVE
9765975,K01520.01,train,pos_only,1,planet,train_eligible,,dr25_clean_v2,CONFIRMED,CANDIDATE
9766437,K00949.01,train,pos_only,1,planet,train_eligible,,dr25_clean_v2,CONFIRMED,CANDIDATE
9767392,K06211.01,train,neg_only,0,false_positive,train_eligible,,dr25_clean_v2,FALSE POSITIVE,FALSE POSITIVE
9771576,K08185.01,train,neg_only,0,false_positive,train_eligible,,dr25_clean_v2,FALSE POSITIVE,FALSE POSITIVE
9772531,K00950.01,train,unlabelled_only,,,excluded,unresolved_candidate,dr25_clean_v2,CANDIDATE,CANDIDATE
9773270,K04636.01,train,unlabelled_only,,,excluded,unresolved_candidate,dr25_clean_v2,CANDIDATE,CANDIDATE
9773980,K04691.01,train,unlabelled_only,,,excluded,unresolved_candidate,dr25_clean_v2,CANDIDATE,CANDIDATE
9775253,K03621.01,train,neg_only,0,false_positive,train_eligible,,dr25_clean_v2,FALSE POSITIVE,FALSE POSITIVE
9775938,K00951.01,train,pos_only,1,planet,train_eligible,,dr25_clean_v2,CONFIRMED,CANDIDATE
9775938,K00951.02,train,pos_only,1,planet,train_eligible,,dr25_clean_v2,CONFIRMED,CANDIDATE
9776186,K04543.01,train,neg_only,0,false_positive,train_eligible,,dr25_clean_v2,FALSE POSITIVE,FALSE POSITIVE
9777062,K07229.01,train,neg_only,0,false_positive,train_eligible,,dr25_clean_v2,FALSE POSITIVE,FALSE POSITIVE
9777089,K07962.01,train,neg_only,0,false_positive,train_eligible,,dr25_clean_v2,FALSE POSITIVE,FALSE POSITIVE
9777090,K03672.01,train,neg_only,0,false_positive,train_eligible,,dr25_clean_v2,FALSE POSITIVE,FALSE POSITIVE
9777200,K04455.01,train,neg_only,0,false_positive,train_eligible,,dr25_clean_v2,FALSE POSITIVE,FALSE POSITIVE
9777251,K02600.01,train,neg_only,0,false_positive,train_eligible,,dr25_clean_v2,FALSE POSITIVE,FALSE POSITIVE
9777290,K04316.01,train,neg_only,0,false_positive,train_eligible,,dr25_clean_v2,FALSE POSITIVE,FALSE POSITIVE
9777556,K04814.01,train,neg_only,0,false_positive,train_eligible,,dr25_clean_v2,FALSE POSITIVE,FALSE POSITIVE
9777757,K04243.01,train,neg_only,0,false_positive,train_eligible,,dr25_clean_v2,FALSE POSITIVE,FALSE POSITIVE
9777990,K07963.01,train,neg_only,0,false_positive,train_eligible,,dr25_clean_v2,FALSE POSITIVE,FALSE POSITIVE
9782748,K04856.01,train,unlabelled_only,,,excluded,unresolved_candidate,dr25_clean_v2,CANDIDATE,CANDIDATE
9783760,K03487.01,train,neg_only,0,false_positive,train_eligible,,dr25_clean_v2,FALSE POSITIVE,FALSE POSITIVE
9784222,K01513.01,train,neg_only,0,false_positive,train_eligible,,dr25_clean_v2,FALSE POSITIVE,FALSE POSITIVE
9785454,K03577.01,train,neg_only,0,false_positive,train_eligible,,dr25_clean_v2,FALSE POSITIVE,FALSE POSITIVE
9786821,K07230.01,train,neg_only,0,false_positive,train_eligible,,dr25_clean_v2,FALSE POSITIVE,FALSE POSITIVE
9790965,K07231.01,train,neg_only,0,false_positive,train_eligible,,dr25_clean_v2,FALSE POSITIVE,FALSE POSITIVE
9813499,K01505.01,train,pos_only,1,planet,train_eligible,,dr25_clean_v2,CONFIRMED,CANDIDATE
9813678,K07964.01,train,neg_only,0,false_positive,train_eligible,,dr25_clean_v2,FALSE POSITIVE,FALSE POSITIVE
9815053,K02923.01,train,unlabelled_only,,,excluded,unresolved_candidate,dr25_clean_v2,CANDIDATE,CANDIDATE
9818462,K01521.01,train,pos_only,1,planet,train_eligible,,dr25_clean_v2,CONFIRMED,CANDIDATE
9818732,K07233.01,train,neg_only,0,false_positive,train_eligible,,dr25_clean_v2,FALSE POSITIVE,FALSE POSITIVE
9820483,K00953.01,train,pos_only,1,planet,train_eligible,,dr25_clean_v2,CONFIRMED,CANDIDATE
9821078,K07234.01,train,neg_only,0,false_positive,train_eligible,,dr25_clean_v2,FALSE POSITIVE,FALSE POSITIVE
9821454,K01529.01,train,pos_only,1,planet,train_eligible,,dr25_clean_v2,CONFIRMED,CANDIDATE
9821454,K01529.02,train,pos_only,1,planet,train_eligible,,dr25_clean_v2,CONFIRMED,CANDIDATE
9822284,K04807.01,train,unlabelled_only,,,excluded,unresolved_candidate,dr25_clean_v2,CANDIDATE,CANDIDATE
9824928,K04650.01,train,unlabelled_only,,,excluded,unresolved_candidate,dr25_clean_v2,CANDIDATE,CANDIDATE
9825174,K02880.01,train,pos_only,1,planet,train_eligible,,dr25_clean_v2,CONFIRMED,CANDIDATE
9825625,K00955.01,train,pos_only,1,planet,train_eligible,,dr25_clean_v2,CONFIRMED,CANDIDATE
9827596,K04855.01,train,neg_only,0,false_positive,train_eligible,,dr25_clean_v2,FALSE POSITIVE,FALSE POSITIVE
9828127,K04192.01,train,pos_only,1,planet,train_eligible,,dr25_clean_v2,CONFIRMED,CANDIDATE
9828127,K04192.02,train,pos_only,,,excluded,unresolved_candidate,dr25_clean_v2,CANDIDATE,CANDIDATE
9832208,K02553.01,train,pos_only,1,planet,train_eligible,,dr25_clean_v2,CONFIRMED,CANDIDATE
9834040,K01998.01,train,pos_only,1,planet,train_eligible,,dr25_clean_v2,CONFIRMED,CANDIDATE
9834257,K03457.01,train,neg_only,0,false_positive,train_eligible,,dr25_clean_v2,FALSE POSITIVE,FALSE POSITIVE
9834719,K00715.01,train,neg_only,0,false_positive,train_eligible,,dr25_clean_v2,FALSE POSITIVE,FALSE POSITIVE
9834731,K03043.01,train,unlabelled_only,,,excluded,unresolved_candidate,dr25_clean_v2,CANDIDATE,CANDIDATE
9836563,K04421.01,train,unlabelled_only,,,excluded,unresolved_candidate,dr25_clean_v2,CANDIDATE,CANDIDATE
9836563,K04421.02,train,unlabelled_only,,,excluded,unresolved_candidate,dr25_clean_v2,CANDIDATE,CANDIDATE
9836959,K01715.01,train,pos_only,1,planet,train_eligible,,dr25_clean_v2,CONFIRMED,CANDIDATE
9837013,K07236.01,train,unlabelled_only,,,excluded,unresolved_candidate,dr25_clean_v2,CANDIDATE,CANDIDATE
9837083,K03719.01,train,neg_only,0,false_positive,train_eligible,,dr25_clean_v2,FALSE POSITIVE,FALSE POSITIVE
9837544,K03529.01,train,neg_only,0,false_positive,train_eligible,,dr25_clean_v2,FALSE POSITIVE,FALSE POSITIVE
9837586,K03442.01,train,neg_only,0,false_positive,train_eligible,,dr25_clean_v2,FALSE POSITIVE,FALSE POSITIVE
9837661,K02715.01,train,pos_only,1,planet,train_eligible,,dr25_clean_v2,CONFIRMED,CANDIDATE
9837661,K02715.02,train,pos_only,1,planet,train_eligible,,dr25_clean_v2,CONFIRMED,CANDIDATE
9837661,K02715.03,train,pos_only,1,planet,train_eligible,,dr25_clean_v2,CONFIRMED,CANDIDATE
9837720,K08187.01,train,neg_only,0,false_positive,train_eligible,,dr25_clean_v2,FALSE POSITIVE,FALSE POSITIVE
9838060,K03314.01,train,neg_only,0,false_positive,train_eligible,,dr25_clean_v2,FALSE POSITIVE,FALSE POSITIVE
9838414,K05717.01,train,neg_only,0,false_positive,train_eligible,,dr25_clean_v2,FALSE POSITIVE,FALSE POSITIVE
9838468,K02943.01,train,pos_only,1,planet,train_eligible,,dr25_clean_v2,CONFIRMED,CANDIDATE
9838537,K07966.01,train,neg_only,0,false_positive,train_eligible,,dr25_clean_v2,FALSE POSITIVE,FALSE POSITIVE
9838608,K04677.01,train,neg_only,0,false_positive,train_eligible,,dr25_clean_v2,FALSE POSITIVE,FALSE POSITIVE
9838804,K03028.01,train,neg_only,0,false_positive,train_eligible,,dr25_clean_v2,FALSE POSITIVE,FALSE POSITIVE
9838949,K01716.01,train,pos_only,1,planet,train_eligible,,dr25_clean_v2,CONFIRMED,CANDIDATE
9838975,K00218.01,train,neg_only,0,false_positive,train_eligible,,dr25_clean_v2,FALSE POSITIVE,FALSE POSITIVE
9839030,K05719.01,train,neg_only,0,false_positive,train_eligible,,dr25_clean_v2,FALSE POSITIVE,FALSE POSITIVE
9839821,K02012.01,train,pos_only,1,planet,train_eligible,,dr25_clean_v2,CONFIRMED,CANDIDATE
9839821,K02012.02,train,pos_only,1,planet,train_eligible,,dr25_clean_v2,CONFIRMED,CANDIDATE
9842937,K02567.01,train,neg_only,0,false_positive,train_eligible,,dr25_clean_v2,FALSE POSITIVE,FALSE POSITIVE
9844088,K00470.01,train,pos_only,1,planet,train_eligible,,dr25_clean_v2,CONFIRMED,CANDIDATE
9845898,K02423.01,train,pos_only,1,planet,train_eligible,,dr25_clean_v2,CONFIRMED,CANDIDATE
9845931,K05721.01,train,neg_only,0,false_positive,train_eligible,,dr25_clean_v2,FALSE POSITIVE,FALSE POSITIVE
9846086,K00617.01,train,neg_only,0,false_positive,train_eligible,,dr25_clean_v2,FALSE POSITIVE,FALSE POSITIVE
9846348,K00716.01,train,unlabelled_only,,,excluded,unresolved_candidate,dr25_clean_v2,CANDIDATE,CANDIDATE
9849884,K04516.01,train,neg_only,0,false_positive,train_eligible,,dr25_clean_v2,FALSE POSITIVE,FALSE POSITIVE
9850387,K07238.01,train,neg_only,0,false_positive,train_eligible,,dr25_clean_v2,FALSE POSITIVE,FALSE POSITIVE
9850843,K05724.01,train,neg_only,0,false_positive,train_eligible,,dr25_clean_v2,FALSE POSITIVE,FALSE POSITIVE
9850912,K07239.01,train,neg_only,0,false_positive,train_eligible,,dr25_clean_v2,FALSE POSITIVE,FALSE POSITIVE
9851123,K06074.01,train,neg_only,0,false_positive,train_eligible,,dr25_clean_v2,FALSE POSITIVE,FALSE POSITIVE
9851126,K03592.01,train,neg_only,0,false_positive,train_eligible,,dr25_clean_v2,FALSE POSITIVE,FALSE POSITIVE
9851271,K02003.01,train,neg_only,0,false_positive,train_eligible,,dr25_clean_v2,FALSE POSITIVE,FALSE POSITIVE
9851360,K04381.01,train,neg_only,0,false_positive,train_eligible,,dr25_clean_v2,FALSE POSITIVE,FALSE POSITIVE
9851662,K02483.01,train,pos_only,1,planet,train_eligible,,dr25_clean_v2,CONFIRMED,CANDIDATE
9851845,K04696.01,train,neg_only,0,false_positive,train_eligible,,dr25_clean_v2,FALSE POSITIVE,FALSE POSITIVE
9851943,K04001.01,train,neg_only,0,false_positive,train_eligible,,dr25_clean_v2,FALSE POSITIVE,FALSE POSITIVE
9851970,K04122.01,train,neg_only,0,false_positive,train_eligible,,dr25_clean_v2,FALSE POSITIVE,FALSE POSITIVE
9851983,K07969.01,train,neg_only,0,false_positive,train_eligible,,dr25_clean_v2,FALSE POSITIVE,FALSE POSITIVE
9872283,K01815.01,train,pos_only,1,planet,train_eligible,,dr25_clean_v2,CONFIRMED,CANDIDATE
9872283,K01815.02,train,pos_only,,,excluded,unresolved_candidate,dr25_clean_v2,CANDIDATE,CANDIDATE
9872292,K01537.01,train,unlabelled_only,,,excluded,unresolved_candidate,dr25_clean_v2,CANDIDATE,CANDIDATE
9872831,K04230.01,train,pos_only,1,planet,train_eligible,,dr25_clean_v2,CONFIRMED,CANDIDATE
9873004,K07970.01,train,unlabelled_only,,,excluded,unresolved_candidate,dr25_clean_v2,CANDIDATE,CANDIDATE
9873254,K00717.01,train,pos_only,1,planet,train_eligible,,dr25_clean_v2,CONFIRMED,CANDIDATE
9873254,K00717.02,train,pos_only,1,planet,train_eligible,,dr25_clean_v2,CONFIRMED,CANDIDATE
9873604,K08188.01,train,neg_only,0,false_positive,train_eligible,,dr25_clean_v2,FALSE POSITIVE,FALSE POSITIVE
9873759,K04635.01,train,neg_only,0,false_positive,train_eligible,,dr25_clean_v2,FALSE POSITIVE,FALSE POSITIVE
9873869,K07241.01,train,neg_only,0,false_positive,train_eligible,,dr25_clean_v2,FALSE POSITIVE,FALSE POSITIVE
9874581,K08189.01,train,neg_only,0,false_positive,train_eligible,,dr25_clean_v2,FALSE POSITIVE,FALSE POSITIVE
9875711,K00956.01,train,pos_only,1,planet,train_eligible,,dr25_clean_v2,CONFIRMED,CANDIDATE
9880467,K00326.01,train,unlabelled_only,,,excluded,unresolved_candidate,dr25_clean_v2,CANDIDATE,CANDIDATE
9880467,K00326.02,train,unlabelled_only,,,excluded,unresolved_candidate,dr25_clean_v2,CANDIDATE,CANDIDATE
9881077,K02751.01,train,pos_only,1,planet,train_eligible,,dr25_clean_v2,CONFIRMED,CANDIDATE
9881258,K07242.01,train,neg_only,0,false_positive,train_eligible,,dr25_clean_v2,FALSE POSITIVE,FALSE POSITIVE
9881662,K00327.01,train,pos_only,1,planet,train_eligible,,dr25_clean_v2,CONFIRMED,CANDIDATE
9881662,K00327.02,train,pos_only,1,planet,train_eligible,,dr25_clean_v2,CONFIRMED,CANDIDATE
9883606,K04383.01,train,pos_only,1,planet,train_eligible,,dr25_clean_v2,CONFIRMED,CANDIDATE
9883606,K04383.02,train,pos_only,,,excluded,unresolved_candidate,dr25_clean_v2,CANDIDATE,CANDIDATE
9885417,K03246.01,train,pos_only,1,planet,train_eligible,,dr25_clean_v2,CONFIRMED,CANDIDATE
9886221,K00591.01,train,neg_only,0,false_positive,train_eligible,,dr25_clean_v2,FALSE POSITIVE,FALSE POSITIVE
9886255,K01846.01,train,pos_only,1,planet,train_eligible,,dr25_clean_v2,CONFIRMED,CANDIDATE
9886361,K02732.01,train,pos_only,1,planet,train_eligible,,dr25_clean_v2,CONFIRMED,CANDIDATE
9886361,K02732.02,train,pos_only,1,planet,train_eligible,,dr25_clean_v2,CONFIRMED,CANDIDATE
9886361,K02732.03,train,pos_only,1,planet,train_eligible,,dr25_clean_v2,CONFIRMED,CANDIDATE
9886361,K02732.04,train,pos_only,,,excluded,unresolved_candidate,dr25_clean_v2,CANDIDATE,CANDIDATE
9887224,K02464.01,train,neg_only,0,false_positive,train_eligible,,dr25_clean_v2,FALSE POSITIVE,FALSE POSITIVE
9892816,K01955.01,train,pos_only,1,planet,train_eligible,,dr25_clean_v2,CONFIRMED,CANDIDATE
9892816,K01955.02,train,pos_only,1,planet,train_eligible,,dr25_clean_v2,CONFIRMED,CANDIDATE
9892816,K01955.03,train,pos_only,1,planet,train_eligible,,dr25_clean_v2,CONFIRMED,CANDIDATE
9892816,K01955.04,train,pos_only,1,planet,train_eligible,,dr25_clean_v2,CONFIRMED,CANDIDATE
9893318,K02660.01,train,pos_only,1,planet,train_eligible,,dr25_clean_v2,CONFIRMED,CANDIDATE
9895004,K00328.01,train,neg_only,0,false_positive,train_eligible,,dr25_clean_v2,FALSE POSITIVE,FALSE POSITIVE
9896018,K02579.01,train,pos_only,1,planet,train_eligible,,dr25_clean_v2,CONFIRMED,CANDIDATE
9896018,K02579.02,train,pos_only,1,planet,train_eligible,,dr25_clean_v2,CONFIRMED,CANDIDATE
9896018,K02579.03,train,pos_only,,,excluded,unresolved_candidate,dr25_clean_v2,CANDIDATE,CANDIDATE
9896435,K03755.01,train,neg_only,0,false_positive,train_eligible,,dr25_clean_v2,FALSE POSITIVE,FALSE POSITIVE
9896438,K05728.01,train,neg_only,0,false_positive,train_eligible,,dr25_clean_v2,FALSE POSITIVE,FALSE POSITIVE
9897364,K04189.01,train,pos_only,1,planet,train_eligible,,dr25_clean_v2,CONFIRMED,CANDIDATE
9898364,K01579.01,train,neg_only,0,false_positive,train_eligible,,dr25_clean_v2,FALSE POSITIVE,FALSE POSITIVE
9898447,K02803.01,train,pos_only,1,planet,train_eligible,,dr25_clean_v2,CONFIRMED,CANDIDATE
9899065,K04108.01,train,neg_only,0,false_positive,train_eligible,,dr25_clean_v2,FALSE POSITIVE,FALSE POSITIVE
9899141,K03254.01,train,neg_only,0,false_positive,train_eligible,,dr25_clean_v2,FALSE POSITIVE,FALSE POSITIVE
9899153,K07243.01,train,neg_only,0,false_positive,train_eligible,,dr25_clean_v2,FALSE POSITIVE,FALSE POSITIVE
9899181,K02867.01,train,neg_only,0,false_positive,train_eligible,,dr25_clean_v2,FALSE POSITIVE,FALSE POSITIVE
9899181,K02867.02,train,neg_only,0,false_positive,train_eligible,,dr25_clean_v2,FALSE POSITIVE,FALSE POSITIVE
9899193,K07244.01,train,neg_only,0,false_positive,train_eligible,,dr25_clean_v2,FALSE POSITIVE,FALSE POSITIVE
9899256,K07972.01,train,neg_only,0,false_positive,train_eligible,,dr25_clean_v2,FALSE POSITIVE,FALSE POSITIVE
9899280,K01559.01,train,neg_only,0,false_positive,train_eligible,,dr25_clean_v2,FALSE POSITIVE,FALSE POSITIVE
9899315,K04181.01,train,neg_only,0,false_positive,train_eligible,,dr25_clean_v2,FALSE POSITIVE,FALSE POSITIVE
9899345,K07973.01,train,neg_only,0,false_positive,train_eligible,,dr25_clean_v2,FALSE POSITIVE,FALSE POSITIVE
9899355,K01554.01,train,neg_only,0,false_positive,train_eligible,,dr25_clean_v2,FALSE POSITIVE,FALSE POSITIVE
9899414,K03955.01,train,neg_only,0,false_positive,train_eligible,,dr25_clean_v2,FALSE POSITIVE,FALSE POSITIVE
9899421,K07246.01,train,neg_only,0,false_positive,train_eligible,,dr25_clean_v2,FALSE POSITIVE,FALSE POSITIVE
9899483,K01719.01,train,neg_only,0,false_positive,train_eligible,,dr25_clean_v2,FALSE POSITIVE,FALSE POSITIVE
9899505,K03064.01,train,neg_only,0,false_positive,train_eligible,,dr25_clean_v2,FALSE POSITIVE,FALSE POSITIVE
9899607,K05730.01,train,neg_only,0,false_positive,train_eligible,,dr25_clean_v2,FALSE POSITIVE,FALSE POSITIVE
9899621,K07974.01,train,neg_only,0,false_positive,train_eligible,,dr25_clean_v2,FALSE POSITIVE,FALSE POSITIVE
9904006,K02135.01,train,pos_only,1,planet,train_eligible,,dr25_clean_v2,CONFIRMED,CANDIDATE
9904006,K02135.02,train,pos_only,,,excluded,unresolved_candidate,dr25_clean_v2,CANDIDATE,CANDIDATE
9904006,K02135.03,train,pos_only,1,planet,train_eligible,,dr25_clean_v2,CONFIRMED,CANDIDATE
9904059,K00145.01,train,unlabelled_only,,,excluded,unresolved_candidate,dr25_clean_v2,CANDIDATE,CANDIDATE
9906489,K07249.01,train,neg_only,0,false_positive,train_eligible,,dr25_clean_v2,FALSE POSITIVE,FALSE POSITIVE
9906688,K07976.01,train,unlabelled_only,,,excluded,unresolved_candidate,dr25_clean_v2,CANDIDATE,CANDIDATE
9907505,K03427.01,train,neg_only,0,false_positive,train_eligible,,dr25_clean_v2,FALSE POSITIVE,FALSE POSITIVE
9908486,K05731.01,train,neg_only,0,false_positive,train_eligible,,dr25_clean_v2,FALSE POSITIVE,FALSE POSITIVE
9909735,K01779.01,train,pos_only,1,planet,train_eligible,,dr25_clean_v2,CONFIRMED,CANDIDATE
9909735,K01779.02,train,pos_only,1,planet,train_eligible,,dr25_clean_v2,CONFIRMED,CANDIDATE
9909965,K07252.01,train,unlabelled_only,,,excluded,unresolved_candidate,dr25_clean_v2,CANDIDATE,CANDIDATE
9910043,K05732.01,train,unlabelled_only,,,excluded,unresolved_candidate,dr25_clean_v2,CANDIDATE,CANDIDATE
9910942,K04324.01,train,neg_only,0,false_positive,train_eligible,,dr25_clean_v2,FALSE POSITIVE,FALSE POSITIVE
9911112,K05733.01,train,neg_only,0,false_positive,train_eligible,,dr25_clean_v2,FALSE POSITIVE,FALSE POSITIVE
9911882,K02429.01,train,neg_only,0,false_positive,train_eligible,,dr25_clean_v2,FALSE POSITIVE,FALSE POSITIVE
9913481,K07253.01,train,neg_only,0,false_positive,train_eligible,,dr25_clean_v2,FALSE POSITIVE,FALSE POSITIVE
9913798,K07254.01,train,neg_only,0,false_positive,train_eligible,,dr25_clean_v2,FALSE POSITIVE,FALSE POSITIVE
9932970,K01587.01,train,neg_only,0,false_positive,train_eligible,,dr25_clean_v2,FALSE POSITIVE,FALSE POSITIVE
9934208,K07256.01,train,neg_only,0,false_positive,train_eligible,,dr25_clean_v2,FALSE POSITIVE,FALSE POSITIVE
9936080,K04431.01,train,unlabelled_only,,,excluded,unresolved_candidate,dr25_clean_v2,CANDIDATE,CANDIDATE
9936698,K07257.01,train,neg_only,0,false_positive,train_eligible,,dr25_clean_v2,FALSE POSITIVE,FALSE POSITIVE
9938836,K07978.01,train,unlabelled_only,,,excluded,unresolved_candidate,dr25_clean_v2,CANDIDATE,CANDIDATE
9941066,K01584.01,train,pos_only,1,planet,train_eligible,,dr25_clean_v2,CONFIRMED,CANDIDATE
9941387,K05738.01,train,neg_only,0,false_positive,train_eligible,,dr25_clean_v2,FALSE POSITIVE,FALSE POSITIVE
9941550,K05739.01,train,neg_only,0,false_positive,train_eligible,,dr25_clean_v2,FALSE POSITIVE,FALSE POSITIVE
9941662,K00013.01,train,pos_only,1,planet,train_eligible,,dr25_clean_v2,CONFIRMED,CANDIDATE
9941859,K00528.01,train,pos_only,1,planet,train_eligible,,dr25_clean_v2,CONFIRMED,CANDIDATE
9941859,K00528.02,train,pos_only,1,planet,train_eligible,,dr25_clean_v2,CONFIRMED,CANDIDATE
9941859,K00528.03,train,pos_only,1,planet,train_eligible,,dr25_clean_v2,CONFIRMED,CANDIDATE
9943009,K07258.01,train,unlabelled_only,,,excluded,unresolved_candidate,dr25_clean_v2,CANDIDATE,CANDIDATE
9944421,K07260.01,train,neg_only,0,false_positive,train_eligible,,dr25_clean_v2,FALSE POSITIVE,FALSE POSITIVE
9945280,K07261.01,train,neg_only,0,false_positive,train_eligible,,dr25_clean_v2,FALSE POSITIVE,FALSE POSITIVE
9947389,K04460.01,train,unlabelled_only,,,excluded,unresolved_candidate,dr25_clean_v2,CANDIDATE,CANDIDATE
9947653,K04647.01,train,unlabelled_only,,,excluded,unresolved_candidate,dr25_clean_v2,CANDIDATE,CANDIDATE
9947653,K04647.02,train,unlabelled_only,,,excluded,unresolved_candidate,dr25_clean_v2,CANDIDATE,CANDIDATE
9948002,K03562.01,train,neg_only,0,false_positive,train_eligible,,dr25_clean_v2,FALSE POSITIVE,FALSE POSITIVE
9954225,K05742.01,train,neg_only,0,false_positive,train_eligible,,dr25_clean_v2,FALSE POSITIVE,FALSE POSITIVE
9955262,K00076.01,train,neg_only,0,false_positive,train_eligible,,dr25_clean_v2,FALSE POSITIVE,FALSE POSITIVE
9955598,K01925.01,train,pos_only,1,planet,train_eligible,,dr25_clean_v2,CONFIRMED,CANDIDATE
9957659,K05743.01,train,neg_only,0,false_positive,train_eligible,,dr25_clean_v2,FALSE POSITIVE,FALSE POSITIVE
9958387,K02677.01,train,unlabelled_only,,,excluded,unresolved_candidate,dr25_clean_v2,CANDIDATE,CANDIDATE
9958962,K00593.01,train,pos_only,1,planet,train_eligible,,dr25_clean_v2,CONFIRMED,CANDIDATE
9958962,K00593.02,train,pos_only,1,planet,train_eligible,,dr25_clean_v2,CONFIRMED,CANDIDATE
9958962,K00593.03,train,pos_only,1,planet,train_eligible,,dr25_clean_v2,CONFIRMED,CANDIDATE
9958962,K00593.04,train,pos_only,,,excluded,unresolved_candidate,dr25_clean_v2,CANDIDATE,CANDIDATE
9959368,K07980.01,train,neg_only,0,false_positive,train_eligible,,dr25_clean_v2,FALSE POSITIVE,FALSE POSITIVE
9959492,K03051.02,train,neg_only,0,false_positive,train_eligible,,dr25_clean_v2,FALSE POSITIVE,FALSE POSITIVE
9959494,K03205.01,train,neg_only,0,false_positive,train_eligible,,dr25_clean_v2,FALSE POSITIVE,FALSE POSITIVE
9959545,K04195.01,train,neg_only,0,false_positive,train_eligible,,dr25_clean_v2,FALSE POSITIVE,FALSE POSITIVE
9959589,K03098.01,train,neg_only,0,false_positive,train_eligible,,dr25_clean_v2,FALSE POSITIVE,FALSE POSITIVE
9959765,K07981.01,train,neg_only,0,false_positive,train_eligible,,dr25_clean_v2,FALSE POSITIVE,FALSE POSITIVE
9962455,K02748.01,train,pos_only,1,planet,train_eligible,,dr25_clean_v2,CONFIRMED,CANDIDATE
9962455,K02748.02,train,pos_only,1,planet,train_eligible,,dr25_clean_v2,CONFIRMED,CANDIDATE
9962731,K08191.01,train,neg_only,0,false_positive,train_eligible,,dr25_clean_v2,FALSE POSITIVE,FALSE POSITIVE
9963009,K07265.01,train,neg_only,0,false_positive,train_eligible,,dr25_clean_v2,FALSE POSITIVE,FALSE POSITIVE
9963265,K02299.01,train,pos_only,1,planet,train_eligible,,dr25_clean_v2,CONFIRMED,CANDIDATE
9963461,K01538.01,train,neg_only,0,false_positive,train_eligible,,dr25_clean_v2,FALSE POSITIVE,FALSE POSITIVE
9964670,K02192.01,train,neg_only,0,false_positive,train_eligible,,dr25_clean_v2,FALSE POSITIVE,FALSE POSITIVE
9964748,K02496.01,train,neg_only,0,false_positive,train_eligible,,dr25_clean_v2,FALSE POSITIVE,FALSE POSITIVE
9965184,K02428.01,train,neg_only,0,false_positive,train_eligible,,dr25_clean_v2,FALSE POSITIVE,FALSE POSITIVE
9965439,K00722.01,train,pos_only,1,planet,train_eligible,,dr25_clean_v2,CONFIRMED,CANDIDATE
9965957,K01911.01,train,pos_only,1,planet,train_eligible,,dr25_clean_v2,CONFIRMED,CANDIDATE
9966115,K06075.01,train,neg_only,0,false_positive,train_eligible,,dr25_clean_v2,FALSE POSITIVE,FALSE POSITIVE
9967771,K01875.01,train,pos_only,1,planet,train_eligible,,dr25_clean_v2,CONFIRMED,CANDIDATE
9967771,K01875.02,train,pos_only,1,planet,train_eligible,,dr25_clean_v2,CONFIRMED,CANDIDATE
9967884,K00425.01,train,neg_only,0,false_positive,train_eligible,,dr25_clean_v2,FALSE POSITIVE,FALSE POSITIVE
9969287,K04820.01,train,unlabelled_only,,,excluded,unresolved_candidate,dr25_clean_v2,CANDIDATE,CANDIDATE
9971475,K07268.01,train,neg_only,0,false_positive,train_eligible,,dr25_clean_v2,FALSE POSITIVE,FALSE POSITIVE
9973109,K02018.01,train,pos_only,1,planet,train_eligible,,dr25_clean_v2,CONFIRMED,CANDIDATE
9973109,K02018.02,train,pos_only,,,excluded,unresolved_candidate,dr25_clean_v2,CANDIDATE,CANDIDATE
9973855,K01966.01,train,neg_only,0,false_positive,train_eligible,,dr25_clean_v2,FALSE POSITIVE,FALSE POSITIVE
9991621,K03382.01,train,neg_only,0,false_positive,train_eligible,,dr25_clean_v2,FALSE POSITIVE,FALSE POSITIVE
9992325,K02205.01,train,pos_only,1,planet,train_eligible,,dr25_clean_v2,CONFIRMED,CANDIDATE
9995771,K03470.01,train,pos_only,,,excluded,unresolved_candidate,dr25_clean_v2,CANDIDATE,CANDIDATE
9995771,K03470.02,train,pos_only,1,planet,train_eligible,,dr25_clean_v2,CONFIRMED,CANDIDATE
10000490,K07269.01,train,neg_only,0,false_positive,train_eligible,,dr25_clean_v2,FALSE POSITIVE,FALSE POSITIVE
10000941,K04146.01,train,pos_only,1,planet,train_eligible,,dr25_clean_v2,CONFIRMED,CANDIDATE
10000941,K04146.02,train,pos_only,,,excluded,unresolved_candidate,dr25_clean_v2,CANDIDATE,CANDIDATE
10001368,K02785.01,train,pos_only,1,planet,train_eligible,,dr25_clean_v2,CONFIRMED,CANDIDATE
10002266,K05750.01,train,neg_only,0,false_positive,train_eligible,,dr25_clean_v2,FALSE POSITIVE,FALSE POSITIVE
10002866,K00723.01,train,pos_only,1,planet,train_eligible,,dr25_clean_v2,CONFIRMED,CANDIDATE
10002866,K00723.02,train,pos_only,1,planet,train_eligible,,dr25_clean_v2,CONFIRMED,CANDIDATE
10002866,K00723.03,train,pos_only,1,planet,train_eligible,,dr25_clean_v2,CONFIRMED,CANDIDATE
10003058,K04519.01,train,unlabelled_only,,,excluded,unresolved_candidate,dr25_clean_v2,CANDIDATE,CANDIDATE
10004519,K01572.01,train,pos_only,1,planet,train_eligible,,dr25_clean_v2,CONFIRMED,CANDIDATE
10004772,K05752.01,train,unlabelled_only,,,excluded,unresolved_candidate,dr25_clean_v2,CANDIDATE,CANDIDATE
10005020,K00724.01,train,neg_only,0,false_positive,train_eligible,,dr25_clean_v2,FALSE POSITIVE,FALSE POSITIVE
10005758,K01783.01,train,pos_only,1,planet,train_eligible,,dr25_clean_v2,CONFIRMED,CANDIDATE
10005758,K01783.02,train,pos_only,1,planet,train_eligible,,dr25_clean_v2,CONFIRMED,CANDIDATE
10005788,K01940.01,train,pos_only,1,planet,train_eligible,,dr25_clean_v2,CONFIRMED,CANDIDATE
10006096,K05753.01,train,neg_only,0,false_positive,train_eligible,,dr25_clean_v2,FALSE POSITIVE,FALSE POSITIVE
10006581,K01595.01,train,pos_only,1,planet,train_eligible,,dr25_clean_v2,CONFIRMED,CANDIDATE
10006641,K04469.01,train,neg_only,0,false_positive,train_eligible,,dr25_clean_v2,FALSE POSITIVE,FALSE POSITIVE
10007492,K05754.01,train,neg_only,0,false_positive,train_eligible,,dr25_clean_v2,FALSE POSITIVE,FALSE POSITIVE
10010440,K02309.01,train,pos_only,1,planet,train_eligible,,dr25_clean_v2,CONFIRMED,CANDIDATE
10011213,K07982.01,train,unlabelled_only,,,excluded,unresolved_candidate,dr25_clean_v2,CANDIDATE,CANDIDATE
10014702,K07271.01,train,neg_only,0,false_positive,train_eligible,,dr25_clean_v2,FALSE POSITIVE,FALSE POSITIVE
10015937,K01720.01,train,pos_only,1,planet,train_eligible,,dr25_clean_v2,CONFIRMED,CANDIDATE
10016874,K00426.01,train,unlabelled_only,,,excluded,unresolved_candidate,dr25_clean_v2,CANDIDATE,CANDIDATE
10018233,K02655.01,train,pos_only,1,planet,train_eligible,,dr25_clean_v2,CONFIRMED,CANDIDATE
10019399,K01796.01,train,neg_only,0,false_positive,train_eligible,,dr25_clean_v2,FALSE POSITIVE,FALSE POSITIVE
10019643,K00471.01,train,pos_only,1,planet,train_eligible,,dr25_clean_v2,CONFIRMED,CANDIDATE
10019643,K00471.02,train,pos_only,1,planet,train_eligible,,dr25_clean_v2,CONFIRMED,CANDIDATE
10019763,K01558.01,train,neg_only,0,false_positive,train_eligible,,dr25_clean_v2,FALSE POSITIVE,FALSE POSITIVE
10020423,K07273.01,train,neg_only,0,false_positive,train_eligible,,dr25_clean_v2,FALSE POSITIVE,FALSE POSITIVE
10022908,K01586.01,train,pos_only,1,planet,train_eligible,,dr25_clean_v2,CONFIRMED,CANDIDATE
10023069,K08192.01,train,neg_only,0,false_positive,train_eligible,,dr25_clean_v2,FALSE POSITIVE,FALSE POSITIVE
10023469,K05757.01,train,neg_only,0,false_positive,train_eligible,,dr25_clean_v2,FALSE POSITIVE,FALSE POSITIVE
10026136,K07274.01,train,neg_only,0,false_positive,train_eligible,,dr25_clean_v2,FALSE POSITIVE,FALSE POSITIVE
10026457,K07275.01,train,neg_only,0,false_positive,train_eligible,,dr25_clean_v2,FALSE POSITIVE,FALSE POSITIVE
10026502,K04706.01,train,pos_only,1,planet,train_eligible,,dr25_clean_v2,CONFIRMED,CANDIDATE
10027323,K01596.01,train,pos_only,1,planet,train_eligible,,dr25_clean_v2,CONFIRMED,CANDIDATE
10027323,K01596.02,train,pos_only,1,planet,train_eligible,,dr25_clean_v2,CONFIRMED,CANDIDATE
10028127,K08193.01,train,unlabelled_only,,,excluded,unresolved_candidate,dr25_clean_v2,CANDIDATE,CANDIDATE
10028140,K01591.01,train,pos_only,1,planet,train_eligible,,dr25_clean_v2,CONFIRMED,CANDIDATE
10028352,K01957.01,train,neg_only,,,excluded,unresolved_candidate,dr25_clean_v2,CANDIDATE,CANDIDATE
10028352,K01957.02,train,neg_only,0,false_positive,train_eligible,,dr25_clean_v2,FALSE POSITIVE,FALSE POSITIVE
10028792,K01574.01,train,pos_only,1,planet,train_eligible,,dr25_clean_v2,CONFIRMED,CANDIDATE
10028792,K01574.02,train,pos_only,,,excluded,disposition_conflict,dr25_clean_v2,CONFIRMED,FALSE POSITIVE
10028792,K01574.03,train,pos_only,,,excluded,unresolved_candidate,dr25_clean_v2,CANDIDATE,CANDIDATE
10028792,K01574.04,train,pos_only,,,excluded,unresolved_candidate,dr25_clean_v2,CANDIDATE,CANDIDATE
10030778,K03265.01,train,neg_only,0,false_positive,train_eligible,,dr25_clean_v2,FALSE POSITIVE,FALSE POSITIVE
10031409,K07276.01,train,neg_only,0,false_positive,train_eligible,,dr25_clean_v2,FALSE POSITIVE,FALSE POSITIVE
10031500,K03107.01,train,neg_only,0,false_positive,train_eligible,,dr25_clean_v2,FALSE POSITIVE,FALSE POSITIVE
10031643,K07984.01,train,neg_only,0,false_positive,train_eligible,,dr25_clean_v2,FALSE POSITIVE,FALSE POSITIVE
10031656,K02629.01,train,neg_only,0,false_positive,train_eligible,,dr25_clean_v2,FALSE POSITIVE,FALSE POSITIVE
10031808,K07278.01,train,neg_only,0,false_positive,train_eligible,,dr25_clean_v2,FALSE POSITIVE,FALSE POSITIVE
10031907,K03828.01,train,neg_only,0,false_positive,train_eligible,,dr25_clean_v2,FALSE POSITIVE,FALSE POSITIVE
10031918,K04894.01,train,neg_only,0,false_positive,train_eligible,,dr25_clean_v2,FALSE POSITIVE,FALSE POSITIVE
10033279,K01604.01,train,neg_only,0,false_positive,train_eligible,,dr25_clean_v2,FALSE POSITIVE,FALSE POSITIVE
10034146,K04835.01,train,neg_only,0,false_positive,train_eligible,,dr25_clean_v2,FALSE POSITIVE,FALSE POSITIVE
10053138,K07279.01,train,unlabelled_only,,,excluded,unresolved_candidate,dr25_clean_v2,CANDIDATE,CANDIDATE
10055126,K01608.01,train,pos_only,1,planet,train_eligible,,dr25_clean_v2,CONFIRMED,CANDIDATE
10055126,K01608.02,train,pos_only,1,planet,train_eligible,,dr25_clean_v2,CONFIRMED,CANDIDATE
10055126,K01608.03,train,pos_only,1,planet,train_eligible,,dr25_clean_v2,CONFIRMED,CANDIDATE
10059645,K02520.01,train,pos_only,1,planet,train_eligible,,dr25_clean_v2,CONFIRMED,CANDIDATE
10063208,K04292.01,train,pos_only,1,planet,train_eligible,,dr25_clean_v2,CONFIRMED,CANDIDATE
10063802,K01888.01,train,pos_only,1,planet,train_eligible,,dr25_clean_v2,CONFIRMED,CANDIDATE
10064256,K02849.01,train,pos_only,1,planet,train_eligible,,dr25_clean_v2,CONFIRMED,CANDIDATE
10068024,K02891.01,train,neg_only,0,false_positive,train_eligible,,dr25_clean_v2,FALSE POSITIVE,FALSE POSITIVE
10068383,K00725.01,train,neg_only,0,false_positive,train_eligible,,dr25_clean_v2,FALSE POSITIVE,FALSE POSITIVE
10068659,K02602.01,train,pos_only,1,planet,train_eligible,,dr25_clean_v2,CONFIRMED,CANDIDATE
10068919,K03573.01,train,neg_only,0,false_positive,train_eligible,,dr25_clean_v2,FALSE POSITIVE,FALSE POSITIVE
10073672,K02764.01,train,unlabelled_only,,,excluded,unresolved_candidate,dr25_clean_v2,CANDIDATE,CANDIDATE
10081899,K08196.01,train,neg_only,0,false_positive,train_eligible,,dr25_clean_v2,FALSE POSITIVE,FALSE POSITIVE
10090151,K07985.01,train,neg_only,0,false_positive,train_eligible,,dr25_clean_v2,FALSE POSITIVE,FALSE POSITIVE
10090219,K03978.01,train,neg_only,0,false_positive,train_eligible,,dr25_clean_v2,FALSE POSITIVE,FALSE POSITIVE
10090257,K02476.01,train,neg_only,0,false_positive,train_eligible,,dr25_clean_v2,FALSE POSITIVE,FALSE POSITIVE
10090854,K05762.01,train,unlabelled_only,,,excluded,unresolved_candidate,dr25_clean_v2,CANDIDATE,CANDIDATE
10091110,K03627.01,train,neg_only,0,false_positive,train_eligible,,dr25_clean_v2,FALSE POSITIVE,FALSE POSITIVE
10091110,K03627.02,train,neg_only,0,false_positive,train_eligible,,dr25_clean_v2,FALSE POSITIVE,FALSE POSITIVE
10091257,K07284.01,train,neg_only,0,false_positive,train_eligible,,dr25_clean_v2,FALSE POSITIVE,FALSE POSITIVE
10094670,K01984.01,train,pos_only,1,planet,train_eligible,,dr25_clean_v2,CONFIRMED,CANDIDATE
10095484,K03839.01,train,neg_only,0,false_positive,train_eligible,,dr25_clean_v2,FALSE POSITIVE,FALSE POSITIVE
10095512,K07286.01,train,neg_only,0,false_positive,train_eligible,,dr25_clean_v2,FALSE POSITIVE,FALSE POSITIVE
10098844,K02964.01,train,mixed,1,planet,train_eligible,,dr25_clean_v2,CONFIRMED,CANDIDATE
10098844,K02964.02,train,mixed,0,false_positive,train_eligible,,dr25_clean_v2,FALSE POSITIVE,FALSE POSITIVE
10118266,K04755.01,train,unlabelled_only,,,excluded,unresolved_candidate,dr25_clean_v2,CANDIDATE,CANDIDATE
10118816,K01085.01,train,pos_only,1,planet,train_eligible,,dr25_clean_v2,CONFIRMED,CANDIDATE
10120548,K04451.01,train,unlabelled_only,,,excluded,unresolved_candidate,dr25_clean_v2,CANDIDATE,CANDIDATE
10122538,K02926.01,train,pos_only,1,planet,train_eligible,,dr25_clean_v2,CONFIRMED,CANDIDATE
10122538,K02926.02,train,pos_only,1,planet,train_eligible,,dr25_clean_v2,CONFIRMED,CANDIDATE
10122538,K02926.03,train,pos_only,1,planet,train_eligible,,dr25_clean_v2,CONFIRMED,CANDIDATE
10122538,K02926.04,train,pos_only,1,planet,train_eligible,,dr25_clean_v2,CONFIRMED,CANDIDATE
10122538,K02926.05,train,pos_only,,,excluded,unresolved_candidate,dr25_clean_v2,CANDIDATE,CANDIDATE
10123064,K00472.01,train,pos_only,1,planet,train_eligible,,dr25_clean_v2,CONFIRMED,CANDIDATE
10130039,K01909.01,train,pos_only,1,planet,train_eligible,,dr25_clean_v2,CONFIRMED,CANDIDATE
10130039,K01909.02,train,pos_only,1,planet,train_eligible,,dr25_clean_v2,CONFIRMED,CANDIDATE
10130039,K01909.03,train,pos_only,1,planet,train_eligible,,dr25_clean_v2,CONFIRMED,CANDIDATE
10132832,K02313.01,train,pos_only,1,planet,train_eligible,,dr25_clean_v2,CONFIRMED,CANDIDATE
10134152,K02056.01,train,pos_only,1,planet,train_eligible,,dr25_clean_v2,CONFIRMED,CANDIDATE
10136549,K01929.01,train,pos_only,1,planet,train_eligible,,dr25_clean_v2,CONFIRMED,CANDIDATE
10136549,K01929.02,train,pos_only,1,planet,train_eligible,,dr25_clean_v2,CONFIRMED,CANDIDATE
10140122,K04545.01,train,unlabelled_only,,,excluded,unresolved_candidate,dr25_clean_v2,CANDIDATE,CANDIDATE
10141271,K05768.01,train,neg_only,0,false_positive,train_eligible,,dr25_clean_v2,FALSE POSITIVE,FALSE POSITIVE
10146103,K05769.01,train,unlabelled_only,,,excluded,unresolved_candidate,dr25_clean_v2,CANDIDATE,CANDIDATE
10149023,K01081.01,train,neg_only,0,false_positive,train_eligible,,dr25_clean_v2,FALSE POSITIVE,FALSE POSITIVE
10152836,K03952.01,train,neg_only,0,false_positive,train_eligible,,dr25_clean_v2,FALSE POSITIVE,FALSE POSITIVE
10154388,K00991.01,train,pos_only,1,planet,train_eligible,,dr25_clean_v2,CONFIRMED,CANDIDATE
10155029,K03208.01,train,unlabelled_only,,,excluded,unresolved_candidate,dr25_clean_v2,CANDIDATE,CANDIDATE
10155080,K07289.01,train,neg_only,0,false_positive,train_eligible,,dr25_clean_v2,FALSE POSITIVE,FALSE POSITIVE
10155286,K07988.01,train,neg_only,0,false_positive,train_eligible,,dr25_clean_v2,FALSE POSITIVE,FALSE POSITIVE
10155434,K00473.01,train,pos_only,1,planet,train_eligible,,dr25_clean_v2,CONFIRMED,CANDIDATE
10156064,K07290.01,train,neg_only,0,false_positive,train_eligible,,dr25_clean_v2,FALSE POSITIVE,FALSE POSITIVE
10156110,K07989.01,train,neg_only,0,false_positive,train_eligible,,dr25_clean_v2,FALSE POSITIVE,FALSE POSITIVE
10157458,K01083.01,train,pos_only,1,planet,train_eligible,,dr25_clean_v2,CONFIRMED,CANDIDATE
10157458,K01083.02,train,pos_only,,,excluded,unresolved_candidate,dr25_clean_v2,CANDIDATE,CANDIDATE
10157573,K00726.01,train,unlabelled_only,,,excluded,unresolved_candidate,dr25_clean_v2,CANDIDATE,CANDIDATE
10158418,K01784.01,train,unlabelled_only,,,excluded,unresolved_candidate,dr25_clean_v2,CANDIDATE,CANDIDATE
10158729,K02097.01,train,pos_only,1,planet,train_eligible,,dr25_clean_v2,CONFIRMED,CANDIDATE
10160922,K07990.01,train,unlabelled_only,,,excluded,unresolved_candidate,dr25_clean_v2,CANDIDATE,CANDIDATE
10163067,K07291.01,train,unlabelled_only,,,excluded,unresolved_candidate,dr25_clean_v2,CANDIDATE,CANDIDATE
10186945,K04070.01,train,neg_only,0,false_positive,train_eligible,,dr25_clean_v2,FALSE POSITIVE,FALSE POSITIVE
10187159,K01870.01,train,pos_only,1,planet,train_eligible,,dr25_clean_v2,CONFIRMED,CANDIDATE
10187563,K04843.01,train,neg_only,0,false_positive,train_eligible,,dr25_clean_v2,FALSE POSITIVE,FALSE POSITIVE
10189523,K07293.01,train,neg_only,0,false_positive,train_eligible,,dr25_clean_v2,FALSE POSITIVE,FALSE POSITIVE
10189542,K05773.01,train,neg_only,0,false_positive,train_eligible,,dr25_clean_v2,FALSE POSITIVE,FALSE POSITIVE
10190075,K03007.01,train,unlabelled_only,,,excluded,unresolved_candidate,dr25_clean_v2,CANDIDATE,CANDIDATE
10190777,K01937.01,train,pos_only,1,planet,train_eligible,,dr25_clean_v2,CONFIRMED,CANDIDATE
10191036,K03218.01,train,neg_only,0,false_positive,train_eligible,,dr25_clean_v2,FALSE POSITIVE,FALSE POSITIVE
10191070,K00727.01,train,neg_only,0,false_positive,train_eligible,,dr25_clean_v2,FALSE POSITIVE,FALSE POSITIVE
10198109,K07294.01,train,neg_only,0,false_positive,train_eligible,,dr25_clean_v2,FALSE POSITIVE,FALSE POSITIVE
10198225,K07991.01,train,unlabelled_only,,,excluded,unresolved_candidate,dr25_clean_v2,CANDIDATE,CANDIDATE
10199817,K08197.01,train,neg_only,0,false_positive,train_eligible,,dr25_clean_v2,FALSE POSITIVE,FALSE POSITIVE
10200627,K06217.01,train,unlabelled_only,,,excluded,unresolved_candidate,dr25_clean_v2,CANDIDATE,CANDIDATE
10202759,K02405.01,train,neg_only,0,false_positive,train_eligible,,dr25_clean_v2,FALSE POSITIVE,FALSE POSITIVE
10203349,K02212.01,train,pos_only,1,planet,train_eligible,,dr25_clean_v2,CONFIRMED,CANDIDATE
10205598,K08198.01,train,neg_only,0,false_positive,train_eligible,,dr25_clean_v2,FALSE POSITIVE,FALSE POSITIVE
10208894,K08199.01,train,neg_only,0,false_positive,train_eligible,,dr25_clean_v2,FALSE POSITIVE,FALSE POSITIVE
10212441,K02342.01,train,mixed,1,planet,train_eligible,,dr25_clean_v2,CONFIRMED,CANDIDATE
10212441,K02342.02,train,mixed,0,false_positive,train_eligible,,dr25_clean_v2,FALSE POSITIVE,FALSE POSITIVE
10213902,K01723.01,train,pos_only,1,planet,train_eligible,,dr25_clean_v2,CONFIRMED,CANDIDATE
10214162,K01724.01,train,pos_only,1,planet,train_eligible,,dr25_clean_v2,CONFIRMED,CANDIDATE
10214328,K07296.01,train,neg_only,0,false_positive,train_eligible,,dr25_clean_v2,FALSE POSITIVE,FALSE POSITIVE
10214341,K07992.01,train,unlabelled_only,,,excluded,unresolved_candidate,dr25_clean_v2,CANDIDATE,CANDIDATE
10214873,K08200.01,train,neg_only,0,false_positive,train_eligible,,dr25_clean_v2,FALSE POSITIVE,FALSE POSITIVE
10215422,K07297.01,train,neg_only,0,false_positive,train_eligible,,dr25_clean_v2,FALSE POSITIVE,FALSE POSITIVE
10215869,K03548.01,train,neg_only,0,false_positive,train_eligible,,dr25_clean_v2,FALSE POSITIVE,FALSE POSITIVE
10220837,K04613.01,train,pos_only,1,planet,train_eligible,,dr25_clean_v2,CONFIRMED,CANDIDATE
10221013,K00728.01,train,unlabelled_only,,,excluded,unresolved_candidate,dr25_clean_v2,CANDIDATE,CANDIDATE
10221505,K04768.01,train,unlabelled_only,,,excluded,unresolved_candidate,dr25_clean_v2,CANDIDATE,CANDIDATE
10223616,K01076.01,train,neg_only,0,false_positive,train_eligible,,dr25_clean_v2,FALSE POSITIVE,FALSE POSITIVE
10225800,K00729.01,train,neg_only,0,false_positive,train_eligible,,dr25_clean_v2,FALSE POSITIVE,FALSE POSITIVE
10226343,K07994.01,train,neg_only,0,false_positive,train_eligible,,dr25_clean_v2,FALSE POSITIVE,FALSE POSITIVE
10226420,K08288.01,train,neg_only,0,false_positive,train_eligible,,dr25_clean_v2,FALSE POSITIVE,FALSE POSITIVE
10227020,K00730.01,train,pos_only,1,planet,train_eligible,,dr25_clean_v2,CONFIRMED,CANDIDATE
10227020,K00730.02,train,pos_only,1,planet,train_eligible,,dr25_clean_v2,CONFIRMED,CANDIDATE
10227020,K00730.03,train,pos_only,1,planet,train_eligible,,dr25_clean_v2,CONFIRMED,CANDIDATE
10227020,K00730.04,train,pos_only,1,planet,train_eligible,,dr25_clean_v2,CONFIRMED,CANDIDATE
10227501,K00985.01,train,neg_only,0,false_positive,train_eligible,,dr25_clean_v2,FALSE POSITIVE,FALSE POSITIVE
10227863,K03983.01,train,neg_only,0,false_positive,train_eligible,,dr25_clean_v2,FALSE POSITIVE,FALSE POSITIVE
10227881,K05780.01,train,neg_only,0,false_positive,train_eligible,,dr25_clean_v2,FALSE POSITIVE,FALSE POSITIVE
10228942,K06219.01,train,neg_only,0,false_positive,train_eligible,,dr25_clean_v2,FALSE POSITIVE,FALSE POSITIVE
10232123,K01075.01,train,unlabelled_only,,,excluded,unresolved_candidate,dr25_clean_v2,CANDIDATE,CANDIDATE
10232693,K02341.01,train,neg_only,0,false_positive,train_eligible,,dr25_clean_v2,FALSE POSITIVE,FALSE POSITIVE
10257229,K04557.01,train,unlabelled_only,,,excluded,unresolved_candidate,dr25_clean_v2,CANDIDATE,CANDIDATE
10258558,K07299.01,train,neg_only,0,false_positive,train_eligible,,dr25_clean_v2,FALSE POSITIVE,FALSE POSITIVE
10259029,K03630.01,train,neg_only,0,false_positive,train_eligible,,dr25_clean_v2,FALSE POSITIVE,FALSE POSITIVE
10259301,K03608.01,train,neg_only,0,false_positive,train_eligible,,dr25_clean_v2,FALSE POSITIVE,FALSE POSITIVE
10264202,K07300.01,train,neg_only,0,false_positive,train_eligible,,dr25_clean_v2,FALSE POSITIVE,FALSE POSITIVE
10264660,K00098.01,train,pos_only,1,planet,train_eligible,,dr25_clean_v2,CONFIRMED,CANDIDATE
10265602,K02689.01,train,unlabelled_only,,,excluded,unresolved_candidate,dr25_clean_v2,CANDIDATE,CANDIDATE
10265898,K00732.01,train,pos_only,1,planet,train_eligible,,dr25_clean_v2,CONFIRMED,CANDIDATE
10265898,K00732.02,train,pos_only,,,excluded,unresolved_candidate,dr25_clean_v2,CANDIDATE,CANDIDATE
10265898,K00732.03,train,pos_only,1,planet,train_eligible,,dr25_clean_v2,CONFIRMED,CANDIDATE
10266860,K07996.01,train,neg_only,0,false_positive,train_eligible,,dr25_clean_v2,FALSE POSITIVE,FALSE POSITIVE
10267121,K07609.01,train,neg_only,0,false_positive,train_eligible,,dr25_clean_v2,FALSE POSITIVE,FALSE POSITIVE
10268714,K08202.01,train,neg_only,0,false_positive,train_eligible,,dr25_clean_v2,FALSE POSITIVE,FALSE POSITIVE
10268809,K07302.01,train,neg_only,0,false_positive,train_eligible,,dr25_clean_v2,FALSE POSITIVE,FALSE POSITIVE
10268907,K01077.01,train,neg_only,0,false_positive,train_eligible,,dr25_clean_v2,FALSE POSITIVE,FALSE POSITIVE
10271806,K00733.01,train,pos_only,1,planet,train_eligible,,dr25_clean_v2,CONFIRMED,CANDIDATE
10271806,K00733.02,train,pos_only,1,planet,train_eligible,,dr25_clean_v2,CONFIRMED,CANDIDATE
10271806,K00733.03,train,pos_only,1,planet,train_eligible,,dr25_clean_v2,CONFIRMED,CANDIDATE
10271806,K00733.04,train,pos_only,1,planet,train_eligible,,dr25_clean_v2,CONFIRMED,CANDIDATE
10272640,K01074.01,train,pos_only,1,planet,train_eligible,,dr25_clean_v2,CONFIRMED,CANDIDATE
10274244,K07303.01,train,neg_only,0,false_positive,train_eligible,,dr25_clean_v2,FALSE POSITIVE,FALSE POSITIVE
10275805,K02782.01,train,neg_only,0,false_positive,train_eligible,,dr25_clean_v2,FALSE POSITIVE,FALSE POSITIVE
10275880,K03734.01,train,neg_only,0,false_positive,train_eligible,,dr25_clean_v2,FALSE POSITIVE,FALSE POSITIVE
10275887,K07304.01,train,neg_only,0,false_positive,train_eligible,,dr25_clean_v2,FALSE POSITIVE,FALSE POSITIVE
10281221,K03913.01,train,unlabelled_only,,,excluded,unresolved_candidate,dr25_clean_v2,CANDIDATE,CANDIDATE
10281311,K08203.01,train,neg_only,0,false_positive,train_eligible,,dr25_clean_v2,FALSE POSITIVE,FALSE POSITIVE
10285631,K00331.01,train,pos_only,1,planet,train_eligible,,dr25_clean_v2,CONFIRMED,CANDIDATE
10285631,K00331.02,train,pos_only,,,excluded,unresolved_candidate,dr25_clean_v2,CANDIDATE,CANDIDATE
10287248,K01152.01,train,neg_only,0,false_positive,train_eligible,,dr25_clean_v2,FALSE POSITIVE,FALSE POSITIVE
10288922,K06078.01,train,neg_only,0,false_positive,train_eligible,,dr25_clean_v2,FALSE POSITIVE,FALSE POSITIVE
10289119,K02390.01,train,pos_only,1,planet,train_eligible,,dr25_clean_v2,CONFIRMED,CANDIDATE
10290666,K00332.01,train,pos_only,1,planet,train_eligible,,dr25_clean_v2,CONFIRMED,CANDIDATE
10290666,K00332.02,train,pos_only,,,excluded,unresolved_candidate,dr25_clean_v2,CANDIDATE,CANDIDATE
10292465,K07307.01,train,neg_only,0,false_positive,train_eligible,,dr25_clean_v2,FALSE POSITIVE,FALSE POSITIVE
10294509,K04143.01,train,neg_only,0,false_positive,train_eligible,,dr25_clean_v2,FALSE POSITIVE,FALSE POSITIVE
10294608,K07308.01,train,neg_only,0,false_positive,train_eligible,,dr25_clean_v2,FALSE POSITIVE,FALSE POSITIVE
10294613,K01896.01,train,neg_only,0,false_positive,train_eligible,,dr25_clean_v2,FALSE POSITIVE,FALSE POSITIVE
10296163,K07309.01,train,neg_only,0,false_positive,train_eligible,,dr25_clean_v2,FALSE POSITIVE,FALSE POSITIVE
10319385,K01169.01,train,unlabelled_only,,,excluded,unresolved_candidate,dr25_clean_v2,CANDIDATE,CANDIDATE
10320341,K05786.01,train,neg_only,0,false_positive,train_eligible,,dr25_clean_v2,FALSE POSITIVE,FALSE POSITIVE
10321927,K07997.01,train,neg_only,0,false_positive,train_eligible,,dr25_clean_v2,FALSE POSITIVE,FALSE POSITIVE
10321972,K07998.01,train,unlabelled_only,,,excluded,unresolved_candidate,dr25_clean_v2,CANDIDATE,CANDIDATE
10322797,K07999.01,train,neg_only,0,false_positive,train_eligible,,dr25_clean_v2,FALSE POSITIVE,FALSE POSITIVE
10328393,K01905.01,train,pos_only,1,planet,train_eligible,,dr25_clean_v2,CONFIRMED,CANDIDATE
10328393,K01905.02,train,pos_only,1,planet,train_eligible,,dr25_clean_v2,CONFIRMED,CANDIDATE
10328393,K01905.03,train,pos_only,1,planet,train_eligible,,dr25_clean_v2,CONFIRMED,CANDIDATE
10328458,K02214.01,train,pos_only,1,planet,train_eligible,,dr25_clean_v2,CONFIRMED,CANDIDATE
10329469,K02271.01,train,pos_only,1,planet,train_eligible,,dr25_clean_v2,CONFIRMED,CANDIDATE
10329835,K02058.01,train,pos_only,1,planet,train_eligible,,dr25_clean_v2,CONFIRMED,CANDIDATE
10330115,K01160.01,train,pos_only,1,planet,train_eligible,,dr25_clean_v2,CONFIRMED,CANDIDATE
10332883,K01880.01,train,pos_only,1,planet,train_eligible,,dr25_clean_v2,CONFIRMED,CANDIDATE
10336951,K02401.01,train,unlabelled_only,,,excluded,unresolved_candidate,dr25_clean_v2,CANDIDATE,CANDIDATE
10337517,K01165.01,train,pos_only,1,planet,train_eligible,,dr25_clean_v2,CONFIRMED,CANDIDATE
10337517,K01165.02,train,pos_only,1,planet,train_eligible,,dr25_clean_v2,CONFIRMED,CANDIDATE
10340212,K08003.01,train,neg_only,0,false_positive,train_eligible,,dr25_clean_v2,FALSE POSITIVE,FALSE POSITIVE
10340423,K00736.01,train,pos_only,1,planet,train_eligible,,dr25_clean_v2,CONFIRMED,CANDIDATE
10340423,K00736.02,train,pos_only,1,planet,train_eligible,,dr25_clean_v2,CONFIRMED,CANDIDATE
10341777,K07610.01,train,neg_only,0,false_positive,train_eligible,,dr25_clean_v2,FALSE POSITIVE,FALSE POSITIVE
10341781,K08289.01,train,neg_only,0,false_positive,train_eligible,,dr25_clean_v2,FALSE POSITIVE,FALSE POSITIVE
10341787,K07313.01,train,neg_only,0,false_positive,train_eligible,,dr25_clean_v2,FALSE POSITIVE,FALSE POSITIVE
10341831,K01164.01,train,neg_only,0,false_positive,train_eligible,,dr25_clean_v2,FALSE POSITIVE,FALSE POSITIVE
10341878,K06220.01,train,neg_only,0,false_positive,train_eligible,,dr25_clean_v2,FALSE POSITIVE,FALSE POSITIVE
10341905,K02391.01,train,neg_only,0,false_positive,train_eligible,,dr25_clean_v2,FALSE POSITIVE,FALSE POSITIVE
10341917,K02823.01,train,neg_only,0,false_positive,train_eligible,,dr25_clean_v2,FALSE POSITIVE,FALSE POSITIVE
10342041,K01155.01,train,neg_only,0,false_positive,train_eligible,,dr25_clean_v2,FALSE POSITIVE,FALSE POSITIVE
10342316,K04547.01,train,neg_only,0,false_positive,train_eligible,,dr25_clean_v2,FALSE POSITIVE,FALSE POSITIVE
10345478,K00737.01,train,neg_only,0,false_positive,train_eligible,,dr25_clean_v2,FALSE POSITIVE,FALSE POSITIVE
10345862,K07315.01,train,neg_only,0,false_positive,train_eligible,,dr25_clean_v2,FALSE POSITIVE,FALSE POSITIVE
10346522,K07316.01,train,neg_only,0,false_positive,train_eligible,,dr25_clean_v2,FALSE POSITIVE,FALSE POSITIVE
10350571,K01175.01,train,mixed,1,planet,train_eligible,,dr25_clean_v2,CONFIRMED,CANDIDATE
10350571,K01175.02,train,mixed,1,planet,train_eligible,,dr25_clean_v2,CONFIRMED,CANDIDATE
10350571,K01175.03,train,mixed,0,false_positive,train_eligible,,dr25_clean_v2,FALSE POSITIVE,FALSE POSITIVE
10351231,K01166.01,train,pos_only,1,planet,train_eligible,,dr25_clean_v2,CONFIRMED,CANDIDATE
10351767,K01153.01,train,neg_only,0,false_positive,train_eligible,,dr25_clean_v2,FALSE POSITIVE,FALSE POSITIVE
10352938,K03756.01,train,neg_only,0,false_positive,train_eligible,,dr25_clean_v2,FALSE POSITIVE,FALSE POSITIVE
10352945,K01158.01,train,neg_only,0,false_positive,train_eligible,,dr25_clean_v2,FALSE POSITIVE,FALSE POSITIVE
10354039,K01159.01,train,pos_only,1,planet,train_eligible,,dr25_clean_v2,CONFIRMED,CANDIDATE
10357831,K06221.01,train,neg_only,0,false_positive,train_eligible,,dr25_clean_v2,FALSE POSITIVE,FALSE POSITIVE
10358759,K00738.01,train,pos_only,1,planet,train_eligible,,dr25_clean_v2,CONFIRMED,CANDIDATE
10358759,K00738.02,train,pos_only,1,planet,train_eligible,,dr25_clean_v2,CONFIRMED,CANDIDATE
10360722,K04051.01,train,pos_only,1,planet,train_eligible,,dr25_clean_v2,CONFIRMED,CANDIDATE
10362031,K02118.01,train,neg_only,0,false_positive,train_eligible,,dr25_clean_v2,FALSE POSITIVE,FALSE POSITIVE
10363115,K03908.01,train,pos_only,1,planet,train_eligible,,dr25_clean_v2,CONFIRMED,CANDIDATE
10363300,K07318.01,train,neg_only,0,false_positive,train_eligible,,dr25_clean_v2,FALSE POSITIVE,FALSE POSITIVE
10383687,K00334.01,train,neg_only,0,false_positive,train_eligible,,dr25_clean_v2,FALSE POSITIVE,FALSE POSITIVE
10383729,K08004.01,train,neg_only,0,false_positive,train_eligible,,dr25_clean_v2,FALSE POSITIVE,FALSE POSITIVE
10384298,K03224.01,train,unlabelled_only,,,excluded,unresolved_candidate,dr25_clean_v2,CANDIDATE,CANDIDATE
10384798,K01997.01,train,pos_only,1,planet,train_eligible,,dr25_clean_v2,CONFIRMED,CANDIDATE
10384962,K00619.01,train,unlabelled_only,,,excluded,unresolved_candidate,dr25_clean_v2,CANDIDATE,CANDIDATE
10385682,K06223.01,train,neg_only,0,false_positive,train_eligible,,dr25_clean_v2,FALSE POSITIVE,FALSE POSITIVE
10386922,K00289.01,train,pos_only,1,planet,train_eligible,,dr25_clean_v2,CONFIRMED,CANDIDATE
10386922,K00289.02,train,pos_only,1,planet,train_eligible,,dr25_clean_v2,CONFIRMED,CANDIDATE
10386984,K00739.01,train,pos_only,1,planet,train_eligible,,dr25_clean_v2,CONFIRMED,CANDIDATE
10388286,K00596.01,train,pos_only,1,planet,train_eligible,,dr25_clean_v2,CONFIRMED,CANDIDATE
10389280,K08005.01,train,neg_only,0,false_positive,train_eligible,,dr25_clean_v2,FALSE POSITIVE,FALSE POSITIVE
10395381,K00740.01,train,pos_only,1,planet,train_eligible,,dr25_clean_v2,CONFIRMED,CANDIDATE
10397315,K08006.01,train,neg_only,0,false_positive,train_eligible,,dr25_clean_v2,FALSE POSITIVE,FALSE POSITIVE
10397751,K02859.01,train,pos_only,1,planet,train_eligible,,dr25_clean_v2,CONFIRMED,CANDIDATE
10397751,K02859.02,train,pos_only,1,planet,train_eligible,,dr25_clean_v2,CONFIRMED,CANDIDATE
10397751,K02859.03,train,pos_only,,,excluded,unresolved_candidate,dr25_clean_v2,CANDIDATE,CANDIDATE
10397751,K02859.04,train,pos_only,,,excluded,unresolved_candidate,dr25_clean_v2,CANDIDATE,CANDIDATE
10397751,K02859.05,train,pos_only,,,excluded,unresolved_candidate,dr25_clean_v2,CANDIDATE,CANDIDATE
10399321,K04556.01,train,neg_only,0,false_positive,train_eligible,,dr25_clean_v2,FALSE POSITIVE,FALSE POSITIVE
10403228,K08007.01,train,unlabelled_only,,,excluded,unresolved_candidate,dr25_clean_v2,CANDIDATE,CANDIDATE
10404582,K02147.01,train,pos_only,1,planet,train_eligible,,dr25_clean_v2,CONFIRMED,CANDIDATE
10404582,K02147.02,train,pos_only,1,planet,train_eligible,,dr25_clean_v2,CONFIRMED,CANDIDATE
10405224,K08008.01,train,neg_only,0,false_positive,train_eligible,,dr25_clean_v2,FALSE POSITIVE,FALSE POSITIVE
10407020,K03987.01,train,neg_only,0,false_positive,train_eligible,,dr25_clean_v2,FALSE POSITIVE,FALSE POSITIVE
10407054,K02500.01,train,neg_only,0,false_positive,train_eligible,,dr25_clean_v2,FALSE POSITIVE,FALSE POSITIVE
10407086,K04568.01,train,neg_only,0,false_positive,train_eligible,,dr25_clean_v2,FALSE POSITIVE,FALSE POSITIVE
10407191,K08011.01,train,unlabelled_only,,,excluded,unresolved_candidate,dr25_clean_v2,CANDIDATE,CANDIDATE
10407271,K07611.01,train,neg_only,0,false_positive,train_eligible,,dr25_clean_v2,FALSE POSITIVE,FALSE POSITIVE
10407430,K07322.01,train,neg_only,0,false_positive,train_eligible,,dr25_clean_v2,FALSE POSITIVE,FALSE POSITIVE
10407464,K07323.01,train,neg_only,0,false_positive,train_eligible,,dr25_clean_v2,FALSE POSITIVE,FALSE POSITIVE
10407482,K04255.01,train,pos_only,1,planet,train_eligible,,dr25_clean_v2,CONFIRMED,CANDIDATE
10415227,K02562.01,train,neg_only,0,false_positive,train_eligible,,dr25_clean_v2,FALSE POSITIVE,FALSE POSITIVE
10416390,K05792.01,train,neg_only,0,false_positive,train_eligible,,dr25_clean_v2,FALSE POSITIVE,FALSE POSITIVE
10417704,K07324.01,train,neg_only,0,false_positive,train_eligible,,dr25_clean_v2,FALSE POSITIVE,FALSE POSITIVE
10418224,K00428.01,train,pos_only,1,planet,train_eligible,,dr25_clean_v2,CONFIRMED,CANDIDATE
10418797,K00741.01,train,neg_only,0,false_positive,train_eligible,,dr25_clean_v2,FALSE POSITIVE,FALSE POSITIVE
10419312,K02412.01,train,neg_only,0,false_positive,train_eligible,,dr25_clean_v2,FALSE POSITIVE,FALSE POSITIVE
10420279,K07325.01,train,neg_only,0,false_positive,train_eligible,,dr25_clean_v2,FALSE POSITIVE,FALSE POSITIVE
10422852,K07326.01,train,neg_only,0,false_positive,train_eligible,,dr25_clean_v2,FALSE POSITIVE,FALSE POSITIVE
10425070,K08208.01,train,neg_only,0,false_positive,train_eligible,,dr25_clean_v2,FALSE POSITIVE,FALSE POSITIVE
10425070,K08208.02,train,neg_only,0,false_positive,train_eligible,,dr25_clean_v2,FALSE POSITIVE,FALSE POSITIVE
10426656,K01161.01,train,pos_only,1,planet,train_eligible,,dr25_clean_v2,CONFIRMED,CANDIDATE
10426656,K01161.02,train,pos_only,1,planet,train_eligible,,dr25_clean_v2,CONFIRMED,CANDIDATE
10426656,K01161.03,train,pos_only,1,planet,train_eligible,,dr25_clean_v2,CONFIRMED,CANDIDATE
10427700,K04394.01,train,neg_only,0,false_positive,train_eligible,,dr25_clean_v2,FALSE POSITIVE,FALSE POSITIVE
10450504,K07327.01,train,unlabelled_only,,,excluded,unresolved_candidate,dr25_clean_v2,CANDIDATE,CANDIDATE
10453588,K02484.01,train,pos_only,1,planet,train_eligible,,dr25_clean_v2,CONFIRMED,CANDIDATE
10454313,K00532.01,train,pos_only,1,planet,train_eligible,,dr25_clean_v2,CONFIRMED,CANDIDATE
10454401,K07328.01,train,neg_only,0,false_positive,train_eligible,,dr25_clean_v2,FALSE POSITIVE,FALSE POSITIVE
10459805,K08290.01,train,neg_only,0,false_positive,train_eligible,,dr25_clean_v2,FALSE POSITIVE,FALSE POSITIVE
10460984,K00474.01,train,pos_only,1,planet,train_eligible,,dr25_clean_v2,CONFIRMED,CANDIDATE
10460984,K00474.02,train,pos_only,1,planet,train_eligible,,dr25_clean_v2,CONFIRMED,CANDIDATE
10460984,K00474.03,train,pos_only,1,planet,train_eligible,,dr25_clean_v2,CONFIRMED,CANDIDATE
10460984,K00474.04,train,pos_only,1,planet,train_eligible,,dr25_clean_v2,CONFIRMED,CANDIDATE
10461045,K08209.01,train,neg_only,0,false_positive,train_eligible,,dr25_clean_v2,FALSE POSITIVE,FALSE POSITIVE
10462826,K07329.01,train,neg_only,0,false_positive,train_eligible,,dr25_clean_v2,FALSE POSITIVE,FALSE POSITIVE
10464050,K01851.01,train,pos_only,1,planet,train_eligible,,dr25_clean_v2,CONFIRMED,CANDIDATE
10464666,K03578.01,train,neg_only,0,false_positive,train_eligible,,dr25_clean_v2,FALSE POSITIVE,FALSE POSITIVE
10467815,K03191.02,train,unlabelled_only,,,excluded,unresolved_candidate,dr25_clean_v2,CANDIDATE,CANDIDATE
10468885,K02589.01,train,pos_only,1,planet,train_eligible,,dr25_clean_v2,CONFIRMED,CANDIDATE
10470206,K00335.01,train,neg_only,0,false_positive,train_eligible,,dr25_clean_v2,FALSE POSITIVE,FALSE POSITIVE
10470616,K02112.01,train,neg_only,0,false_positive,train_eligible,,dr25_clean_v2,FALSE POSITIVE,FALSE POSITIVE
10470882,K08014.01,train,neg_only,0,false_positive,train_eligible,,dr25_clean_v2,FALSE POSITIVE,FALSE POSITIVE
10470993,K08015.01,train,neg_only,0,false_positive,train_eligible,,dr25_clean_v2,FALSE POSITIVE,FALSE POSITIVE
10471005,K08016.01,train,neg_only,0,false_positive,train_eligible,,dr25_clean_v2,FALSE POSITIVE,FALSE POSITIVE
10471055,K08017.01,train,neg_only,0,false_positive,train_eligible,,dr25_clean_v2,FALSE POSITIVE,FALSE POSITIVE
10471090,K08291.01,train,neg_only,0,false_positive,train_eligible,,dr25_clean_v2,FALSE POSITIVE,FALSE POSITIVE
10471113,K07332.01,train,unlabelled_only,,,excluded,unresolved_candidate,dr25_clean_v2,CANDIDATE,CANDIDATE
10471167,K07612.01,train,neg_only,0,false_positive,train_eligible,,dr25_clean_v2,FALSE POSITIVE,FALSE POSITIVE
10471174,K07613.01,train,neg_only,0,false_positive,train_eligible,,dr25_clean_v2,FALSE POSITIVE,FALSE POSITIVE
10471243,K08019.01,train,neg_only,0,false_positive,train_eligible,,dr25_clean_v2,FALSE POSITIVE,FALSE POSITIVE
10471296,K08020.01,train,neg_only,0,false_positive,train_eligible,,dr25_clean_v2,FALSE POSITIVE,FALSE POSITIVE
10471345,K07614.01,train,neg_only,0,false_positive,train_eligible,,dr25_clean_v2,FALSE POSITIVE,FALSE POSITIVE
10471515,K02961.01,train,pos_only,1,planet,train_eligible,,dr25_clean_v2,CONFIRMED,CANDIDATE
10471621,K02554.01,train,unlabelled_only,,,excluded,unresolved_candidate,dr25_clean_v2,CANDIDATE,CANDIDATE
10471621,K02554.02,train,unlabelled_only,,,excluded,unresolved_candidate,dr25_clean_v2,CANDIDATE,CANDIDATE
10480915,K02040.01,train,pos_only,1,planet,train_eligible,,dr25_clean_v2,CONFIRMED,CANDIDATE
10480982,K00744.01,train,neg_only,0,false_positive,train_eligible,,dr25_clean_v2,FALSE POSITIVE,FALSE POSITIVE
10480982,K00744.02,train,neg_only,0,false_positive,train_eligible,,dr25_clean_v2,FALSE POSITIVE,FALSE POSITIVE
10481045,K02320.01,train,neg_only,0,false_positive,train_eligible,,dr25_clean_v2,FALSE POSITIVE,FALSE POSITIVE
10482160,K01170.01,train,pos_only,1,planet,train_eligible,,dr25_clean_v2,CONFIRMED,CANDIDATE
10483644,K06225.01,train,neg_only,0,false_positive,train_eligible,,dr25_clean_v2,FALSE POSITIVE,FALSE POSITIVE
10484409,K03366.01,train,neg_only,0,false_positive,train_eligible,,dr25_clean_v2,FALSE POSITIVE,FALSE POSITIVE
10485179,K01167.01,train,neg_only,0,false_positive,train_eligible,,dr25_clean_v2,FALSE POSITIVE,FALSE POSITIVE
10485250,K00745.01,train,neg_only,0,false_positive,train_eligible,,dr25_clean_v2,FALSE POSITIVE,FALSE POSITIVE
10489206,K00251.01,train,pos_only,1,planet,train_eligible,,dr25_clean_v2,CONFIRMED,CANDIDATE
10489206,K00251.02,train,pos_only,1,planet,train_eligible,,dr25_clean_v2,CONFIRMED,CANDIDATE
10489345,K02266.01,train,pos_only,1,planet,train_eligible,,dr25_clean_v2,CONFIRMED,CANDIDATE
10489539,K03231.01,train,neg_only,0,false_positive,train_eligible,,dr25_clean_v2,FALSE POSITIVE,FALSE POSITIVE
10490960,K07335.01,train,neg_only,0,false_positive,train_eligible,,dr25_clean_v2,FALSE POSITIVE,FALSE POSITIVE
10491031,K07336.01,train,neg_only,0,false_positive,train_eligible,,dr25_clean_v2,FALSE POSITIVE,FALSE POSITIVE
10491044,K01763.01,train,neg_only,0,false_positive,train_eligible,,dr25_clean_v2,FALSE POSITIVE,FALSE POSITIVE
10491062,K03910.01,train,neg_only,0,false_positive,train_eligible,,dr25_clean_v2,FALSE POSITIVE,FALSE POSITIVE
10491544,K03639.01,train,neg_only,0,false_positive,train_eligible,,dr25_clean_v2,FALSE POSITIVE,FALSE POSITIVE
10491554,K03576.01,train,neg_only,0,false_positive,train_eligible,,dr25_clean_v2,FALSE POSITIVE,FALSE POSITIVE
10514429,K01614.01,train,neg_only,0,false_positive,train_eligible,,dr25_clean_v2,FALSE POSITIVE,FALSE POSITIVE
10514430,K00263.01,train,neg_only,0,false_positive,train_eligible,,dr25_clean_v2,FALSE POSITIVE,FALSE POSITIVE
10514770,K01156.01,train,neg_only,0,false_positive,train_eligible,,dr25_clean_v2,FALSE POSITIVE,FALSE POSITIVE
10515564,K08211.01,train,unlabelled_only,,,excluded,unresolved_candidate,dr25_clean_v2,CANDIDATE,CANDIDATE
10518735,K03612.01,train,neg_only,0,false_positive,train_eligible,,dr25_clean_v2,FALSE POSITIVE,FALSE POSITIVE
10519701,K08212.01,train,neg_only,0,false_positive,train_eligible,,dr25_clean_v2,FALSE POSITIVE,FALSE POSITIVE
10525027,K02006.01,train,pos_only,1,planet,train_eligible,,dr25_clean_v2,CONFIRMED,CANDIDATE
10525049,K04252.01,train,pos_only,1,planet,train_eligible,,dr25_clean_v2,CONFIRMED,CANDIDATE
10525077,K05800.01,train,unlabelled_only,,,excluded,unresolved_candidate,dr25_clean_v2,CANDIDATE,CANDIDATE
10526549,K00746.01,train,pos_only,1,planet,train_eligible,,dr25_clean_v2,CONFIRMED,CANDIDATE
10527135,K02622.01,train,neg_only,0,false_positive,train_eligible,,dr25_clean_v2,FALSE POSITIVE,FALSE POSITIVE
10528068,K01162.01,train,pos_only,1,planet,train_eligible,,dr25_clean_v2,CONFIRMED,CANDIDATE
10531955,K02208.01,train,pos_only,1,planet,train_eligible,,dr25_clean_v2,CONFIRMED,CANDIDATE
10532751,K08292.01,train,neg_only,0,false_positive,train_eligible,,dr25_clean_v2,FALSE POSITIVE,FALSE POSITIVE
10534155,K04345.01,train,unlabelled_only,,,excluded,unresolved_candidate,dr25_clean_v2,CANDIDATE,CANDIDATE
10535708,K05801.02,train,neg_only,0,false_positive,train_eligible,,dr25_clean_v2,FALSE POSITIVE,FALSE POSITIVE
10535886,K08021.01,train,neg_only,0,false_positive,train_eligible,,dr25_clean_v2,FALSE POSITIVE,FALSE POSITIVE
10535897,K08022.01,train,neg_only,0,false_positive,train_eligible,,dr25_clean_v2,FALSE POSITIVE,FALSE POSITIVE
10535991,K08024.01,train,neg_only,0,false_positive,train_eligible,,dr25_clean_v2,FALSE POSITIVE,FALSE POSITIVE
10536177,K08025.01,train,neg_only,0,false_positive,train_eligible,,dr25_clean_v2,FALSE POSITIVE,FALSE POSITIVE
10536241,K08026.01,train,unlabelled_only,,,excluded,unresolved_candidate,dr25_clean_v2,CANDIDATE,CANDIDATE
10544677,K02244.01,train,neg_only,0,false_positive,train_eligible,,dr25_clean_v2,FALSE POSITIVE,FALSE POSITIVE
10545066,K00337.01,train,pos_only,1,planet,train_eligible,,dr25_clean_v2,CONFIRMED,CANDIDATE
10546063,K07339.01,train,unlabelled_only,,,excluded,unresolved_candidate,dr25_clean_v2,CANDIDATE,CANDIDATE
10547378,K05802.01,train,neg_only,0,false_positive,train_eligible,,dr25_clean_v2,FALSE POSITIVE,FALSE POSITIVE
10547685,K07340.01,train,neg_only,0,false_positive,train_eligible,,dr25_clean_v2,FALSE POSITIVE,FALSE POSITIVE
10549023,K02131.01,train,pos_only,1,planet,train_eligible,,dr25_clean_v2,CONFIRMED,CANDIDATE
10549562,K01294.01,train,neg_only,0,false_positive,train_eligible,,dr25_clean_v2,FALSE POSITIVE,FALSE POSITIVE
10549576,K07341.01,train,neg_only,0,false_positive,train_eligible,,dr25_clean_v2,FALSE POSITIVE,FALSE POSITIVE
10549902,K04826.01,train,unlabelled_only,,,excluded,unresolved_candidate,dr25_clean_v2,CANDIDATE,CANDIDATE
10551346,K05804.01,train,neg_only,0,false_positive,train_eligible,,dr25_clean_v2,FALSE POSITIVE,FALSE POSITIVE
10552151,K05805.01,train,neg_only,0,false_positive,train_eligible,,dr25_clean_v2,FALSE POSITIVE,FALSE POSITIVE
10552700,K07342.01,train,neg_only,0,false_positive,train_eligible,,dr25_clean_v2,FALSE POSITIVE,FALSE POSITIVE
10554967,K03059.01,train,neg_only,0,false_positive,train_eligible,,dr25_clean_v2,FALSE POSITIVE,FALSE POSITIVE
10555365,K03771.01,train,unlabelled_only,,,excluded,unresolved_candidate,dr25_clean_v2,CANDIDATE,CANDIDATE
10555375,K00158.01,train,neg_only,0,false_positive,train_eligible,,dr25_clean_v2,FALSE POSITIVE,FALSE POSITIVE
10556578,K07343.01,train,neg_only,0,false_positive,train_eligible,,dr25_clean_v2,FALSE POSITIVE,FALSE POSITIVE
10583066,K00747.01,train,pos_only,1,planet,train_eligible,,dr25_clean_v2,CONFIRMED,CANDIDATE
10583181,K07344.01,train,neg_only,0,false_positive,train_eligible,,dr25_clean_v2,FALSE POSITIVE,FALSE POSITIVE
10583225,K03902.01,train,neg_only,0,false_positive,train_eligible,,dr25_clean_v2,FALSE POSITIVE,FALSE POSITIVE
10584140,K04833.01,train,unlabelled_only,,,excluded,unresolved_candidate,dr25_clean_v2,CANDIDATE,CANDIDATE
10585738,K03032.01,train,pos_only,1,planet,train_eligible,,dr25_clean_v2,CONFIRMED,CANDIDATE
10585749,K04563.01,train,unlabelled_only,,,excluded,unresolved_candidate,dr25_clean_v2,CANDIDATE,CANDIDATE
10585852,K01314.01,train,pos_only,1,planet,train_eligible,,dr25_clean_v2,CONFIRMED,CANDIDATE
10585887,K08293.01,train,neg_only,0,false_positive,train_eligible,,dr25_clean_v2,FALSE POSITIVE,FALSE POSITIVE
10586004,K00275.01,train,pos_only,1,planet,train_eligible,,dr25_clean_v2,CONFIRMED,CANDIDATE
10586004,K00275.02,train,pos_only,1,planet,train_eligible,,dr25_clean_v2,CONFIRMED,CANDIDATE
10587105,K00339.01,train,pos_only,1,planet,train_eligible,,dr25_clean_v2,CONFIRMED,CANDIDATE
10587105,K00339.02,train,pos_only,1,planet,train_eligible,,dr25_clean_v2,CONFIRMED,CANDIDATE
10587105,K00339.03,train,pos_only,1,planet,train_eligible,,dr25_clean_v2,CONFIRMED,CANDIDATE
10592163,K07346.01,train,neg_only,0,false_positive,train_eligible,,dr25_clean_v2,FALSE POSITIVE,FALSE POSITIVE
10593759,K00025.01,train,neg_only,0,false_positive,train_eligible,,dr25_clean_v2,FALSE POSITIVE,FALSE POSITIVE
10597693,K02958.01,train,unlabelled_only,,,excluded,unresolved_candidate,dr25_clean_v2,CANDIDATE,CANDIDATE
10599206,K00476.01,train,pos_only,1,planet,train_eligible,,dr25_clean_v2,CONFIRMED,CANDIDATE
10600261,K00597.01,train,pos_only,1,planet,train_eligible,,dr25_clean_v2,CONFIRMED,CANDIDATE
10600261,K00597.02,train,pos_only,1,planet,train_eligible,,dr25_clean_v2,CONFIRMED,CANDIDATE
10600261,K00597.03,train,pos_only,1,planet,train_eligible,,dr25_clean_v2,CONFIRMED,CANDIDATE
10600955,K02227.01,train,pos_only,1,planet,train_eligible,,dr25_clean_v2,CONFIRMED,CANDIDATE
10601549,K06226.01,train,neg_only,0,false_positive,train_eligible,,dr25_clean_v2,FALSE POSITIVE,FALSE POSITIVE
10602291,K00210.01,train,neg_only,0,false_positive,train_eligible,,dr25_clean_v2,FALSE POSITIVE,FALSE POSITIVE
10604521,K02797.01,train,unlabelled_only,,,excluded,unresolved_candidate,dr25_clean_v2,CANDIDATE,CANDIDATE
10611420,K03148.01,train,neg_only,0,false_positive,train_eligible,,dr25_clean_v2,FALSE POSITIVE,FALSE POSITIVE
10613718,K07350.01,train,neg_only,0,false_positive,train_eligible,,dr25_clean_v2,FALSE POSITIVE,FALSE POSITIVE
10614012,K01807.01,train,unlabelled_only,,,excluded,unresolved_candidate,dr25_clean_v2,CANDIDATE,CANDIDATE
10614158,K06227.01,train,neg_only,0,false_positive,train_eligible,,dr25_clean_v2,FALSE POSITIVE,FALSE POSITIVE
10616571,K00340.01,train,neg_only,0,false_positive,train_eligible,,dr25_clean_v2,FALSE POSITIVE,FALSE POSITIVE
10616656,K05814.01,train,neg_only,0,false_positive,train_eligible,,dr25_clean_v2,FALSE POSITIVE,FALSE POSITIVE
10616679,K00429.01,train,pos_only,1,planet,train_eligible,,dr25_clean_v2,CONFIRMED,CANDIDATE
10617017,K02149.01,train,pos_only,1,planet,train_eligible,,dr25_clean_v2,CONFIRMED,CANDIDATE
10617638,K03016.01,train,neg_only,0,false_positive,train_eligible,,dr25_clean_v2,FALSE POSITIVE,FALSE POSITIVE
10619109,K07351.01,train,neg_only,0,false_positive,train_eligible,,dr25_clean_v2,FALSE POSITIVE,FALSE POSITIVE
10619142,K03082.01,train,neg_only,0,false_positive,train_eligible,,dr25_clean_v2,FALSE POSITIVE,FALSE POSITIVE
10620329,K00066.01,train,neg_only,0,false_positive,train_eligible,,dr25_clean_v2,FALSE POSITIVE,FALSE POSITIVE
10621666,K01636.01,train,neg_only,0,false_positive,train_eligible,,dr25_clean_v2,FALSE POSITIVE,FALSE POSITIVE
10647452,K04366.01,train,unlabelled_only,,,excluded,unresolved_candidate,dr25_clean_v2,CANDIDATE,CANDIDATE
10651816,K03953.01,train,neg_only,0,false_positive,train_eligible,,dr25_clean_v2,FALSE POSITIVE,FALSE POSITIVE
10653179,K03280.01,train,pos_only,1,planet,train_eligible,,dr25_clean_v2,CONFIRMED,CANDIDATE
10656823,K00598.01,train,pos_only,1,planet,train_eligible,,dr25_clean_v2,CONFIRMED,CANDIDATE
10656823,K00598.02,train,pos_only,1,planet,train_eligible,,dr25_clean_v2,CONFIRMED,CANDIDATE
10657406,K01837.01,train,pos_only,1,planet,train_eligible,,dr25_clean_v2,CONFIRMED,CANDIDATE
10657406,K01837.02,train,pos_only,1,planet,train_eligible,,dr25_clean_v2,CONFIRMED,CANDIDATE
10658177,K05817.01,train,unlabelled_only,,,excluded,unresolved_candidate,dr25_clean_v2,CANDIDATE,CANDIDATE
10659624,K07354.01,train,unlabelled_only,,,excluded,unresolved_candidate,dr25_clean_v2,CANDIDATE,CANDIDATE
10661718,K03931.01,train,neg_only,0,false_positive,train_eligible,,dr25_clean_v2,FALSE POSITIVE,FALSE POSITIVE
10661771,K01291.01,train,neg_only,0,false_positive,train_eligible,,dr25_clean_v2,FALSE POSITIVE,FALSE POSITIVE
10661778,K04118.01,train,neg_only,0,false_positive,train_eligible,,dr25_clean_v2,FALSE POSITIVE,FALSE POSITIVE
10661913,K07355.01,train,neg_only,0,false_positive,train_eligible,,dr25_clean_v2,FALSE POSITIVE,FALSE POSITIVE
10661976,K07356.01,train,neg_only,0,false_positive,train_eligible,,dr25_clean_v2,FALSE POSITIVE,FALSE POSITIVE
10662021,K07357.01,train,neg_only,0,false_positive,train_eligible,,dr25_clean_v2,FALSE POSITIVE,FALSE POSITIVE
10662202,K00750.01,train,pos_only,1,planet,train_eligible,,dr25_clean_v2,CONFIRMED,CANDIDATE
10662202,K00750.02,train,pos_only,,,excluded,unresolved_candidate,dr25_clean_v2,CANDIDATE,CANDIDATE
10662202,K00750.03,train,pos_only,,,excluded,unresolved_candidate,dr25_clean_v2,CANDIDATE,CANDIDATE
10663738,K04698.01,train,unlabelled_only,,,excluded,unresolved_candidate,dr25_clean_v2,CANDIDATE,CANDIDATE
10664150,K08213.01,train,neg_only,0,false_positive,train_eligible,,dr25_clean_v2,FALSE POSITIVE,FALSE POSITIVE
10664416,K02599.01,train,neg_only,0,false_positive,train_eligible,,dr25_clean_v2,FALSE POSITIVE,FALSE POSITIVE
10665228,K07358.01,train,unlabelled_only,,,excluded,unresolved_candidate,dr25_clean_v2,CANDIDATE,CANDIDATE
10666592,K00002.01,train,pos_only,1,planet,train_eligible,,dr25_clean_v2,CONFIRMED,CANDIDATE
10668665,K03986.01,train,neg_only,0,false_positive,train_eligible,,dr25_clean_v2,FALSE POSITIVE,FALSE POSITIVE
10676750,K04804.01,train,unlabelled_only,,,excluded,unresolved_candidate,dr25_clean_v2,CANDIDATE,CANDIDATE
10676824,K00599.01,train,pos_only,1,planet,train_eligible,,dr25_clean_v2,CONFIRMED,CANDIDATE
10676923,K01297.01,train,neg_only,0,false_positive,train_eligible,,dr25_clean_v2,FALSE POSITIVE,FALSE POSITIVE
10676927,K03830.01,train,neg_only,0,false_positive,train_eligible,,dr25_clean_v2,FALSE POSITIVE,FALSE POSITIVE
10677186,K03595.01,train,neg_only,0,false_positive,train_eligible,,dr25_clean_v2,FALSE POSITIVE,FALSE POSITIVE
10679583,K02549.01,train,neg_only,0,false_positive,train_eligible,,dr25_clean_v2,FALSE POSITIVE,FALSE POSITIVE
10684670,K02317.01,train,pos_only,1,planet,train_eligible,,dr25_clean_v2,CONFIRMED,CANDIDATE
10686814,K02978.01,train,neg_only,0,false_positive,train_eligible,,dr25_clean_v2,FALSE POSITIVE,FALSE POSITIVE
10709622,K02108.01,train,pos_only,1,planet,train_eligible,,dr25_clean_v2,CONFIRMED,CANDIDATE
10710755,K06080.01,train,neg_only,0,false_positive,train_eligible,,dr25_clean_v2,FALSE POSITIVE,FALSE POSITIVE
10711913,K07365.01,train,neg_only,0,false_positive,train_eligible,,dr25_clean_v2,FALSE POSITIVE,FALSE POSITIVE
10717220,K06228.01,train,pos_only,1,planet,train_eligible,,dr25_clean_v2,CONFIRMED,CANDIDATE
10717241,K00430.01,train,pos_only,1,planet,train_eligible,,dr25_clean_v2,CONFIRMED,CANDIDATE
10717241,K00430.02,train,pos_only,,,excluded,unresolved_candidate,dr25_clean_v2,CANDIDATE,CANDIDATE
10718726,K00600.01,train,pos_only,1,planet,train_eligible,,dr25_clean_v2,CONFIRMED,CANDIDATE
10722485,K04312.01,train,pos_only,1,planet,train_eligible,,dr25_clean_v2,CONFIRMED,CANDIDATE
10723367,K02236.01,train,pos_only,1,planet,train_eligible,,dr25_clean_v2,CONFIRMED,CANDIDATE
10723367,K02236.02,train,pos_only,1,planet,train_eligible,,dr25_clean_v2,CONFIRMED,CANDIDATE
10723750,K00209.01,train,pos_only,1,planet,train_eligible,,dr25_clean_v2,CONFIRMED,CANDIDATE
10723750,K00209.02,train,pos_only,1,planet,train_eligible,,dr25_clean_v2,CONFIRMED,CANDIDATE
10724569,K05823.01,train,neg_only,0,false_positive,train_eligible,,dr25_clean_v2,FALSE POSITIVE,FALSE POSITIVE
10727668,K06081.01,train,neg_only,0,false_positive,train_eligible,,dr25_clean_v2,FALSE POSITIVE,FALSE POSITIVE
10728219,K06229.01,train,neg_only,0,false_positive,train_eligible,,dr25_clean_v2,FALSE POSITIVE,FALSE POSITIVE
10729472,K04453.02,train,neg_only,0,false_positive,train_eligible,,dr25_clean_v2,FALSE POSITIVE,FALSE POSITIVE
10730034,K01305.01,train,pos_only,1,planet,train_eligible,,dr25_clean_v2,CONFIRMED,CANDIDATE
10730034,K01305.02,train,pos_only,1,planet,train_eligible,,dr25_clean_v2,CONFIRMED,CANDIDATE
10730250,K08030.01,train,neg_only,0,false_positive,train_eligible,,dr25_clean_v2,FALSE POSITIVE,FALSE POSITIVE
10735331,K03720.01,train,neg_only,0,false_positive,train_eligible,,dr25_clean_v2,FALSE POSITIVE,FALSE POSITIVE
10735519,K06082.01,train,neg_only,0,false_positive,train_eligible,,dr25_clean_v2,FALSE POSITIVE,FALSE POSITIVE
10735564,K03617.01,train,neg_only,0,false_positive,train_eligible,,dr25_clean_v2,FALSE POSITIVE,FALSE POSITIVE
10735988,K06230.01,train,unlabelled_only,,,excluded,unresolved_candidate,dr25_clean_v2,CANDIDATE,CANDIDATE
10736179,K04408.01,train,neg_only,0,false_positive,train_eligible,,dr25_clean_v2,FALSE POSITIVE,FALSE POSITIVE
10736223,K07367.01,train,neg_only,0,false_positive,train_eligible,,dr25_clean_v2,FALSE POSITIVE,FALSE POSITIVE
10736489,K07368.01,train,pos_only,1,planet,train_eligible,,dr25_clean_v2,CONFIRMED,CANDIDATE
10743600,K07369.01,train,neg_only,0,false_positive,train_eligible,,dr25_clean_v2,FALSE POSITIVE,FALSE POSITIVE
10745365,K04405.01,train,unlabelled_only,,,excluded,unresolved_candidate,dr25_clean_v2,CANDIDATE,CANDIDATE
10747445,K02673.01,train,neg_only,0,false_positive,train_eligible,,dr25_clean_v2,FALSE POSITIVE,FALSE POSITIVE
10747501,K04891.01,train,unlabelled_only,,,excluded,unresolved_candidate,dr25_clean_v2,CANDIDATE,CANDIDATE
10748390,K00003.01,train,pos_only,1,planet,train_eligible,,dr25_clean_v2,CONFIRMED,CANDIDATE
10748393,K01289.01,train,neg_only,0,false_positive,train_eligible,,dr25_clean_v2,FALSE POSITIVE,FALSE POSITIVE
10748393,K01289.02,train,neg_only,0,false_positive,train_eligible,,dr25_clean_v2,FALSE POSITIVE,FALSE POSITIVE
10748621,K03532.01,train,neg_only,0,false_positive,train_eligible,,dr25_clean_v2,FALSE POSITIVE,FALSE POSITIVE
10751515,K03589.01,train,neg_only,0,false_positive,train_eligible,,dr25_clean_v2,FALSE POSITIVE,FALSE POSITIVE
10753394,K08215.01,train,neg_only,0,false_positive,train_eligible,,dr25_clean_v2,FALSE POSITIVE,FALSE POSITIVE
10753922,K04816.01,train,neg_only,0,false_positive,train_eligible,,dr25_clean_v2,FALSE POSITIVE,FALSE POSITIVE
10777591,K05827.01,train,pos_only,1,planet,train_eligible,,dr25_clean_v2,CONFIRMED,CANDIDATE
10785538,K01313.01,train,neg_only,0,false_positive,train_eligible,,dr25_clean_v2,FALSE POSITIVE,FALSE POSITIVE
10788461,K03925.01,train,pos_only,1,planet,train_eligible,,dr25_clean_v2,CONFIRMED,CANDIDATE
10788461,K03925.02,train,pos_only,1,planet,train_eligible,,dr25_clean_v2,CONFIRMED,CANDIDATE
10788461,K03925.03,train,pos_only,1,planet,train_eligible,,dr25_clean_v2,CONFIRMED,CANDIDATE
10794087,K01316.01,train,pos_only,1,planet,train_eligible,,dr25_clean_v2,CONFIRMED,CANDIDATE
10794242,K07372.01,train,neg_only,0,false_positive,train_eligible,,dr25_clean_v2,FALSE POSITIVE,FALSE POSITIVE
10794405,K07373.01,train,neg_only,0,false_positive,train_eligible,,dr25_clean_v2,FALSE POSITIVE,FALSE POSITIVE
10795103,K03683.01,train,pos_only,1,planet,train_eligible,,dr25_clean_v2,CONFIRMED,CANDIDATE
10797460,K00752.01,train,pos_only,1,planet,train_eligible,,dr25_clean_v2,CONFIRMED,CANDIDATE
10797460,K00752.02,train,pos_only,1,planet,train_eligible,,dr25_clean_v2,CONFIRMED,CANDIDATE
10798331,K02373.01,train,unlabelled_only,,,excluded,unresolved_candidate,dr25_clean_v2,CANDIDATE,CANDIDATE
10798838,K03449.01,train,neg_only,0,false_positive,train_eligible,,dr25_clean_v2,FALSE POSITIVE,FALSE POSITIVE
10799735,K00193.01,train,neg_only,0,false_positive,train_eligible,,dr25_clean_v2,FALSE POSITIVE,FALSE POSITIVE
10801100,K02228.01,train,neg_only,0,false_positive,train_eligible,,dr25_clean_v2,FALSE POSITIVE,FALSE POSITIVE
10801249,K04611.01,train,neg_only,0,false_positive,train_eligible,,dr25_clean_v2,FALSE POSITIVE,FALSE POSITIVE
10809677,K07374.01,train,neg_only,0,false_positive,train_eligible,,dr25_clean_v2,FALSE POSITIVE,FALSE POSITIVE
10810838,K00174.01,train,pos_only,1,planet,train_eligible,,dr25_clean_v2,CONFIRMED,CANDIDATE
10810859,K04801.01,train,unlabelled_only,,,excluded,unresolved_candidate,dr25_clean_v2,CANDIDATE,CANDIDATE
10811496,K00753.01,train,neg_only,0,false_positive,train_eligible,,dr25_clean_v2,FALSE POSITIVE,FALSE POSITIVE
10812504,K02570.01,train,neg_only,0,false_positive,train_eligible,,dr25_clean_v2,FALSE POSITIVE,FALSE POSITIVE
10812541,K07375.01,train,unlabelled_only,,,excluded,unresolved_candidate,dr25_clean_v2,CANDIDATE,CANDIDATE
10813078,K05831.01,train,unlabelled_only,,,excluded,unresolved_candidate,dr25_clean_v2,CANDIDATE,CANDIDATE
10815916,K04470.01,train,neg_only,0,false_positive,train_eligible,,dr25_clean_v2,FALSE POSITIVE,FALSE POSITIVE
10816107,K07377.01,train,neg_only,0,false_positive,train_eligible,,dr25_clean_v2,FALSE POSITIVE,FALSE POSITIVE
10817600,K05832.01,train,neg_only,0,false_positive,train_eligible,,dr25_clean_v2,FALSE POSITIVE,FALSE POSITIVE
10843203,K01287.01,train,neg_only,0,false_positive,train_eligible,,dr25_clean_v2,FALSE POSITIVE,FALSE POSITIVE
10843431,K07378.01,train,pos_only,1,planet,train_eligible,,dr25_clean_v2,CONFIRMED,CANDIDATE
10843431,K07378.02,train,pos_only,,,excluded,unresolved_candidate,dr25_clean_v2,CANDIDATE,CANDIDATE
10844823,K08033.01,train,unlabelled_only,,,excluded,unresolved_candidate,dr25_clean_v2,CANDIDATE,CANDIDATE
10844890,K01946.01,train,unlabelled_only,,,excluded,unresolved_candidate,dr25_clean_v2,CANDIDATE,CANDIDATE
10845188,K03602.01,train,neg_only,0,false_positive,train_eligible,,dr25_clean_v2,FALSE POSITIVE,FALSE POSITIVE
10847907,K07379.01,train,neg_only,0,false_positive,train_eligible,,dr25_clean_v2,FALSE POSITIVE,FALSE POSITIVE
10848459,K00754.01,train,neg_only,0,false_positive,train_eligible,,dr25_clean_v2,FALSE POSITIVE,FALSE POSITIVE
10850327,K05833.01,train,unlabelled_only,,,excluded,unresolved_candidate,dr25_clean_v2,CANDIDATE,CANDIDATE
10854546,K02104.01,train,pos_only,1,planet,train_eligible,,dr25_clean_v2,CONFIRMED,CANDIDATE
10854555,K00755.01,train,pos_only,1,planet,train_eligible,,dr25_clean_v2,CONFIRMED,CANDIDATE
10857342,K03739.01,train,neg_only,0,false_positive,train_eligible,,dr25_clean_v2,FALSE POSITIVE,FALSE POSITIVE
10857589,K07382.01,train,neg_only,0,false_positive,train_eligible,,dr25_clean_v2,FALSE POSITIVE,FALSE POSITIVE
10858737,K04183.01,train,neg_only,0,false_positive,train_eligible,,dr25_clean_v2,FALSE POSITIVE,FALSE POSITIVE
10858832,K00432.01,train,pos_only,1,planet,train_eligible,,dr25_clean_v2,CONFIRMED,CANDIDATE
10862284,K08034.01,train,neg_only,0,false_positive,train_eligible,,dr25_clean_v2,FALSE POSITIVE,FALSE POSITIVE
10862759,K08035.01,train,unlabelled_only,,,excluded,unresolved_candidate,dr25_clean_v2,CANDIDATE,CANDIDATE
10864531,K02080.01,train,pos_only,1,planet,train_eligible,,dr25_clean_v2,CONFIRMED,CANDIDATE
10864531,K02080.02,train,pos_only,1,planet,train_eligible,,dr25_clean_v2,CONFIRMED,CANDIDATE
10867017,K07384.01,train,neg_only,0,false_positive,train_eligible,,dr25_clean_v2,FALSE POSITIVE,FALSE POSITIVE
10867062,K01303.01,train,unlabelled_only,,,excluded,unresolved_candidate,dr25_clean_v2,CANDIDATE,CANDIDATE
10873178,K04597.01,train,unlabelled_only,,,excluded,unresolved_candidate,dr25_clean_v2,CANDIDATE,CANDIDATE
10874614,K00017.01,train,pos_only,1,planet,train_eligible,,dr25_clean_v2,CONFIRMED,CANDIDATE
10874926,K01293.01,train,neg_only,0,false_positive,train_eligible,,dr25_clean_v2,FALSE POSITIVE,FALSE POSITIVE
10875007,K04149.01,train,unlabelled_only,,,excluded,unresolved_candidate,dr25_clean_v2,CANDIDATE,CANDIDATE
10875007,K04149.02,train,unlabelled_only,,,excluded,unresolved_candidate,dr25_clean_v2,CANDIDATE,CANDIDATE
10875245,K00117.01,train,pos_only,1,planet,train_eligible,,dr25_clean_v2,CONFIRMED,CANDIDATE
10875245,K00117.02,train,pos_only,1,planet,train_eligible,,dr25_clean_v2,CONFIRMED,CANDIDATE
10875245,K00117.03,train,pos_only,1,planet,train_eligible,,dr25_clean_v2,CONFIRMED,CANDIDATE
10875245,K00117.04,train,pos_only,1,planet,train_eligible,,dr25_clean_v2,CONFIRMED,CANDIDATE
10875937,K08216.01,train,neg_only,0,false_positive,train_eligible,,dr25_clean_v2,FALSE POSITIVE,FALSE POSITIVE
10876237,K02960.01,train,neg_only,0,false_positive,train_eligible,,dr25_clean_v2,FALSE POSITIVE,FALSE POSITIVE
10877024,K08036.01,train,neg_only,0,false_positive,train_eligible,,dr25_clean_v2,FALSE POSITIVE,FALSE POSITIVE
10878263,K00341.01,train,pos_only,1,planet,train_eligible,,dr25_clean_v2,CONFIRMED,CANDIDATE
10878263,K00341.02,train,pos_only,1,planet,train_eligible,,dr25_clean_v2,CONFIRMED,CANDIDATE
10879213,K03730.01,train,neg_only,0,false_positive,train_eligible,,dr25_clean_v2,FALSE POSITIVE,FALSE POSITIVE
10879656,K01642.01,train,neg_only,0,false_positive,train_eligible,,dr25_clean_v2,FALSE POSITIVE,FALSE POSITIVE
10880507,K02936.01,train,pos_only,1,planet,train_eligible,,dr25_clean_v2,CONFIRMED,CANDIDATE
10904004,K02957.01,train,unlabelled_only,,,excluded,unresolved_candidate,dr25_clean_v2,CANDIDATE,CANDIDATE
10904857,K00194.01,train,pos_only,1,planet,train_eligible,,dr25_clean_v2,CONFIRMED,CANDIDATE
10905641,K05840.01,train,neg_only,0,false_positive,train_eligible,,dr25_clean_v2,FALSE POSITIVE,FALSE POSITIVE
10905746,K01725.01,train,pos_only,1,planet,train_eligible,,dr25_clean_v2,CONFIRMED,CANDIDATE
10905911,K02754.01,train,pos_only,1,planet,train_eligible,,dr25_clean_v2,CONFIRMED,CANDIDATE
10907132,K04503.01,train,unlabelled_only,,,excluded,unresolved_candidate,dr25_clean_v2,CANDIDATE,CANDIDATE
10907307,K08217.01,train,neg_only,0,false_positive,train_eligible,,dr25_clean_v2,FALSE POSITIVE,FALSE POSITIVE
10916600,K02623.01,train,pos_only,1,planet,train_eligible,,dr25_clean_v2,CONFIRMED,CANDIDATE
10916600,K02623.02,train,pos_only,,,excluded,unresolved_candidate,dr25_clean_v2,CANDIDATE,CANDIDATE
10917043,K02770.01,train,unlabelled_only,,,excluded,unresolved_candidate,dr25_clean_v2,CANDIDATE,CANDIDATE
10917433,K03248.01,train,unlabelled_only,,,excluded,unresolved_candidate,dr25_clean_v2,CANDIDATE,CANDIDATE
10917681,K01963.01,train,unlabelled_only,,,excluded,unresolved_candidate,dr25_clean_v2,CANDIDATE,CANDIDATE
10920281,K08037.01,train,unlabelled_only,,,excluded,unresolved_candidate,dr25_clean_v2,CANDIDATE,CANDIDATE
10920420,K08038.01,train,neg_only,0,false_positive,train_eligible,,dr25_clean_v2,FALSE POSITIVE,FALSE POSITIVE
10922659,K03335.01,train,pos_only,1,planet,train_eligible,,dr25_clean_v2,CONFIRMED,CANDIDATE
10923260,K07387.01,train,neg_only,0,false_positive,train_eligible,,dr25_clean_v2,FALSE POSITIVE,FALSE POSITIVE
10924400,K07388.01,train,neg_only,0,false_positive,train_eligible,,dr25_clean_v2,FALSE POSITIVE,FALSE POSITIVE
10924853,K01292.01,train,neg_only,0,false_positive,train_eligible,,dr25_clean_v2,FALSE POSITIVE,FALSE POSITIVE
10925104,K00156.01,train,pos_only,1,planet,train_eligible,,dr25_clean_v2,CONFIRMED,CANDIDATE
10925104,K00156.02,train,pos_only,1,planet,train_eligible,,dr25_clean_v2,CONFIRMED,CANDIDATE
10925104,K00156.03,train,pos_only,1,planet,train_eligible,,dr25_clean_v2,CONFIRMED,CANDIDATE
10925113,K02557.01,train,neg_only,0,false_positive,train_eligible,,dr25_clean_v2,FALSE POSITIVE,FALSE POSITIVE
10928043,K01315.01,train,unlabelled_only,,,excluded,unresolved_candidate,dr25_clean_v2,CANDIDATE,CANDIDATE
10933306,K05842.01,train,unlabelled_only,,,excluded,unresolved_candidate,dr25_clean_v2,CANDIDATE,CANDIDATE
10934313,K03121.01,train,neg_only,0,false_positive,train_eligible,,dr25_clean_v2,FALSE POSITIVE,FALSE POSITIVE
10934674,K00477.01,train,pos_only,1,planet,train_eligible,,dr25_clean_v2,CONFIRMED,CANDIDATE
10935310,K06083.01,train,neg_only,0,false_positive,train_eligible,,dr25_clean_v2,FALSE POSITIVE,FALSE POSITIVE
10936786,K04179.01,train,neg_only,0,false_positive,train_eligible,,dr25_clean_v2,FALSE POSITIVE,FALSE POSITIVE
10937029,K00433.01,train,pos_only,1,planet,train_eligible,,dr25_clean_v2,CONFIRMED,CANDIDATE
10937029,K00433.02,train,pos_only,1,planet,train_eligible,,dr25_clean_v2,CONFIRMED,CANDIDATE
10937609,K07391.01,train,neg_only,0,false_positive,train_eligible,,dr25_clean_v2,FALSE POSITIVE,FALSE POSITIVE
10960993,K01284.01,train,neg_only,0,false_positive,train_eligible,,dr25_clean_v2,FALSE POSITIVE,FALSE POSITIVE
10963065,K01612.01,train,pos_only,1,planet,train_eligible,,dr25_clean_v2,CONFIRMED,CANDIDATE
10964265,K02934.01,train,neg_only,0,false_positive,train_eligible,,dr25_clean_v2,FALSE POSITIVE,FALSE POSITIVE
10964440,K01310.01,train,pos_only,1,planet,train_eligible,,dr25_clean_v2,CONFIRMED,CANDIDATE
10964440,K01310.02,train,pos_only,,,excluded,unresolved_candidate,dr25_clean_v2,CANDIDATE,CANDIDATE
10965008,K00536.01,train,pos_only,1,planet,train_eligible,,dr25_clean_v2,CONFIRMED,CANDIDATE
10965588,K02177.01,train,pos_only,1,planet,train_eligible,,dr25_clean_v2,CONFIRMED,CANDIDATE
10965740,K01887.01,train,neg_only,0,false_positive,train_eligible,,dr25_clean_v2,FALSE POSITIVE,FALSE POSITIVE
10965963,K07392.01,train,neg_only,0,false_positive,train_eligible,,dr25_clean_v2,FALSE POSITIVE,FALSE POSITIVE
10967168,K05845.01,train,unlabelled_only,,,excluded,unresolved_candidate,dr25_clean_v2,CANDIDATE,CANDIDATE
10971674,K01296.01,train,unlabelled_only,,,excluded,unresolved_candidate,dr25_clean_v2,CANDIDATE,CANDIDATE
10973664,K00601.01,train,pos_only,1,planet,train_eligible,,dr25_clean_v2,CONFIRMED,CANDIDATE
10973664,K00601.02,train,pos_only,1,planet,train_eligible,,dr25_clean_v2,CONFIRMED,CANDIDATE
10973664,K00601.03,train,pos_only,1,planet,train_eligible,,dr25_clean_v2,CONFIRMED,CANDIDATE
10973814,K01307.01,train,pos_only,1,planet,train_eligible,,dr25_clean_v2,CONFIRMED,CANDIDATE
10973814,K01307.02,train,pos_only,1,planet,train_eligible,,dr25_clean_v2,CONFIRMED,CANDIDATE
10975146,K01300.01,train,pos_only,1,planet,train_eligible,,dr25_clean_v2,CONFIRMED,CANDIDATE
10977671,K05846.01,train,neg_only,0,false_positive,train_eligible,,dr25_clean_v2,FALSE POSITIVE,FALSE POSITIVE
10979716,K07394.01,train,neg_only,0,false_positive,train_eligible,,dr25_clean_v2,FALSE POSITIVE,FALSE POSITIVE
10982872,K00343.01,train,pos_only,1,planet,train_eligible,,dr25_clean_v2,CONFIRMED,CANDIDATE
10982872,K00343.02,train,pos_only,1,planet,train_eligible,,dr25_clean_v2,CONFIRMED,CANDIDATE
10982872,K00343.03,train,pos_only,1,planet,train_eligible,,dr25_clean_v2,CONFIRMED,CANDIDATE
10984090,K00112.01,train,pos_only,1,planet,train_eligible,,dr25_clean_v2,CONFIRMED,CANDIDATE
10984090,K00112.02,train,pos_only,1,planet,train_eligible,,dr25_clean_v2,CONFIRMED,CANDIDATE
10987439,K07396.01,train,neg_only,0,false_positive,train_eligible,,dr25_clean_v2,FALSE POSITIVE,FALSE POSITIVE
10987985,K00758.01,train,pos_only,1,planet,train_eligible,,dr25_clean_v2,CONFIRMED,CANDIDATE
10989032,K07397.01,train,neg_only,0,false_positive,train_eligible,,dr25_clean_v2,FALSE POSITIVE,FALSE POSITIVE
10989274,K06233.01,train,pos_only,1,planet,train_eligible,,dr25_clean_v2,CONFIRMED,CANDIDATE
10991989,K07398.01,train,neg_only,0,false_positive,train_eligible,,dr25_clean_v2,FALSE POSITIVE,FALSE POSITIVE
10992011,K04025.01,train,neg_only,0,false_positive,train_eligible,,dr25_clean_v2,FALSE POSITIVE,FALSE POSITIVE
11013201,K00972.01,train,mixed,1,planet,train_eligible,,dr25_clean_v2,CONFIRMED,CANDIDATE
11013201,K00972.02,train,mixed,0,false_positive,train_eligible,,dr25_clean_v2,FALSE POSITIVE,FALSE POSITIVE
11014932,K01432.01,train,pos_only,1,planet,train_eligible,,dr25_clean_v2,CONFIRMED,CANDIDATE
11014932,K01432.02,train,pos_only,1,planet,train_eligible,,dr25_clean_v2,CONFIRMED,CANDIDATE
11014932,K01432.03,train,pos_only,1,planet,train_eligible,,dr25_clean_v2,CONFIRMED,CANDIDATE
11014932,K01432.04,train,pos_only,1,planet,train_eligible,,dr25_clean_v2,CONFIRMED,CANDIDATE
11015323,K00479.01,train,pos_only,1,planet,train_eligible,,dr25_clean_v2,CONFIRMED,CANDIDATE
11017094,K04106.01,train,neg_only,0,false_positive,train_eligible,,dr25_clean_v2,FALSE POSITIVE,FALSE POSITIVE
11018648,K00759.01,train,pos_only,1,planet,train_eligible,,dr25_clean_v2,CONFIRMED,CANDIDATE
11018648,K00759.02,train,pos_only,1,planet,train_eligible,,dr25_clean_v2,CONFIRMED,CANDIDATE
11026582,K05854.01,train,unlabelled_only,,,excluded,unresolved_candidate,dr25_clean_v2,CANDIDATE,CANDIDATE
11027624,K01439.01,train,pos_only,1,planet,train_eligible,,dr25_clean_v2,CONFIRMED,CANDIDATE
11027722,K07402.01,train,neg_only,0,false_positive,train_eligible,,dr25_clean_v2,FALSE POSITIVE,FALSE POSITIVE
11029877,K07403.01,train,neg_only,0,false_positive,train_eligible,,dr25_clean_v2,FALSE POSITIVE,FALSE POSITIVE
11030475,K02248.01,train,pos_only,1,planet,train_eligible,,dr25_clean_v2,CONFIRMED,CANDIDATE
11030475,K02248.03,train,pos_only,,,excluded,unresolved_candidate,dr25_clean_v2,CANDIDATE,CANDIDATE
11030475,K02248.04,train,pos_only,,,excluded,unresolved_candidate,dr25_clean_v2,CANDIDATE,CANDIDATE
11030711,K01429.01,train,pos_only,1,planet,train_eligible,,dr25_clean_v2,CONFIRMED,CANDIDATE
11032748,K08039.01,train,unlabelled_only,,,excluded,unresolved_candidate,dr25_clean_v2,CANDIDATE,CANDIDATE
11036168,K05855.01,train,unlabelled_only,,,excluded,unresolved_candidate,dr25_clean_v2,CANDIDATE,CANDIDATE
11037128,K04309.01,train,neg_only,0,false_positive,train_eligible,,dr25_clean_v2,FALSE POSITIVE,FALSE POSITIVE
11037511,K02580.01,train,pos_only,1,planet,train_eligible,,dr25_clean_v2,CONFIRMED,CANDIDATE
11043136,K01644.01,train,neg_only,0,false_positive,train_eligible,,dr25_clean_v2,FALSE POSITIVE,FALSE POSITIVE
11043167,K01444.01,train,pos_only,1,planet,train_eligible,,dr25_clean_v2,CONFIRMED,CANDIDATE
11044770,K00170.01,train,neg_only,0,false_positive,train_eligible,,dr25_clean_v2,FALSE POSITIVE,FALSE POSITIVE
11044779,K03327.01,train,neg_only,0,false_positive,train_eligible,,dr25_clean_v2,FALSE POSITIVE,FALSE POSITIVE
11046870,K05858.01,train,neg_only,0,false_positive,train_eligible,,dr25_clean_v2,FALSE POSITIVE,FALSE POSITIVE
11068630,K07404.01,train,unlabelled_only,,,excluded,unresolved_candidate,dr25_clean_v2,CANDIDATE,CANDIDATE
11069176,K02007.01,train,pos_only,1,planet,train_eligible,,dr25_clean_v2,CONFIRMED,CANDIDATE
11069176,K02007.02,train,pos_only,1,planet,train_eligible,,dr25_clean_v2,CONFIRMED,CANDIDATE
11071200,K02696.01,train,unlabelled_only,,,excluded,unresolved_candidate,dr25_clean_v2,CANDIDATE,CANDIDATE
11071200,K02696.02,train,unlabelled_only,,,excluded,unresolved_candidate,dr25_clean_v2,CANDIDATE,CANDIDATE
11072016,K04852.01,train,unlabelled_only,,,excluded,unresolved_candidate,dr25_clean_v2,CANDIDATE,CANDIDATE
11074178,K01889.01,train,pos_only,1,planet,train_eligible,,dr25_clean_v2,CONFIRMED,CANDIDATE
11074178,K01889.02,train,pos_only,1,planet,train_eligible,,dr25_clean_v2,CONFIRMED,CANDIDATE
11074541,K00345.01,train,pos_only,1,planet,train_eligible,,dr25_clean_v2,CONFIRMED,CANDIDATE
11075737,K00292.01,train,pos_only,1,planet,train_eligible,,dr25_clean_v2,CONFIRMED,CANDIDATE
11076176,K05862.01,train,neg_only,0,false_positive,train_eligible,,dr25_clean_v2,FALSE POSITIVE,FALSE POSITIVE
11076279,K07407.01,train,neg_only,0,false_positive,train_eligible,,dr25_clean_v2,FALSE POSITIVE,FALSE POSITIVE
11076400,K02759.01,train,unlabelled_only,,,excluded,unresolved_candidate,dr25_clean_v2,CANDIDATE,CANDIDATE
11080405,K02442.01,train,pos_only,1,planet,train_eligible,,dr25_clean_v2,CONFIRMED,CANDIDATE
11080405,K02442.02,train,pos_only,1,planet,train_eligible,,dr25_clean_v2,CONFIRMED,CANDIDATE
11081504,K04287.01,train,unlabelled_only,,,excluded,unresolved_candidate,dr25_clean_v2,CANDIDATE,CANDIDATE
11081504,K04287.02,train,unlabelled_only,,,excluded,unresolved_candidate,dr25_clean_v2,CANDIDATE,CANDIDATE
11081512,K03364.01,train,neg_only,0,false_positive,train_eligible,,dr25_clean_v2,FALSE POSITIVE,FALSE POSITIVE
11087662,K08218.01,train,neg_only,0,false_positive,train_eligible,,dr25_clean_v2,FALSE POSITIVE,FALSE POSITIVE
11090556,K02977.01,train,pos_only,1,planet,train_eligible,,dr25_clean_v2,CONFIRMED,CANDIDATE
11090556,K02977.02,train,pos_only,1,planet,train_eligible,,dr25_clean_v2,CONFIRMED,CANDIDATE
11090561,K05865.01,train,neg_only,0,false_positive,train_eligible,,dr25_clean_v2,FALSE POSITIVE,FALSE POSITIVE
11092783,K07408.01,train,unlabelled_only,,,excluded,unresolved_candidate,dr25_clean_v2,CANDIDATE,CANDIDATE
11093538,K03326.01,train,neg_only,0,false_positive,train_eligible,,dr25_clean_v2,FALSE POSITIVE,FALSE POSITIVE
11098004,K08041.01,train,neg_only,0,false_positive,train_eligible,,dr25_clean_v2,FALSE POSITIVE,FALSE POSITIVE
11099351,K06234.01,train,neg_only,0,false_positive,train_eligible,,dr25_clean_v2,FALSE POSITIVE,FALSE POSITIVE
11100383,K00346.01,train,pos_only,1,planet,train_eligible,,dr25_clean_v2,CONFIRMED,CANDIDATE
11100670,K02885.01,train,neg_only,0,false_positive,train_eligible,,dr25_clean_v2,FALSE POSITIVE,FALSE POSITIVE
11121752,K02333.01,train,pos_only,1,planet,train_eligible,,dr25_clean_v2,CONFIRMED,CANDIDATE
11121752,K02333.02,train,pos_only,1,planet,train_eligible,,dr25_clean_v2,CONFIRMED,CANDIDATE
11122894,K01426.01,train,pos_only,1,planet,train_eligible,,dr25_clean_v2,CONFIRMED,CANDIDATE
11122894,K01426.02,train,pos_only,1,planet,train_eligible,,dr25_clean_v2,CONFIRMED,CANDIDATE
11122894,K01426.03,train,pos_only,1,planet,train_eligible,,dr25_clean_v2,CONFIRMED,CANDIDATE
11124353,K08220.01,train,neg_only,0,false_positive,train_eligible,,dr25_clean_v2,FALSE POSITIVE,FALSE POSITIVE
11126381,K01863.01,train,pos_only,1,planet,train_eligible,,dr25_clean_v2,CONFIRMED,CANDIDATE
11127479,K02792.01,train,pos_only,1,planet,train_eligible,,dr25_clean_v2,CONFIRMED,CANDIDATE
11129258,K02898.01,train,pos_only,1,planet,train_eligible,,dr25_clean_v2,CONFIRMED,CANDIDATE
11129738,K01427.01,train,pos_only,1,planet,train_eligible,,dr25_clean_v2,CONFIRMED,CANDIDATE
11129738,K01427.02,train,pos_only,,,excluded,unresolved_candidate,dr25_clean_v2,CANDIDATE,CANDIDATE
11133306,K00276.01,train,pos_only,1,planet,train_eligible,,dr25_clean_v2,CONFIRMED,CANDIDATE
11134079,K07410.01,train,unlabelled_only,,,excluded,unresolved_candidate,dr25_clean_v2,CANDIDATE,CANDIDATE
11134879,K00480.01,train,pos_only,1,planet,train_eligible,,dr25_clean_v2,CONFIRMED,CANDIDATE
11135119,K08042.01,train,neg_only,0,false_positive,train_eligible,,dr25_clean_v2,FALSE POSITIVE,FALSE POSITIVE
11135308,K02805.01,train,pos_only,1,planet,train_eligible,,dr25_clean_v2,CONFIRMED,CANDIDATE
11137061,K07411.01,train,unlabelled_only,,,excluded,unresolved_candidate,dr25_clean_v2,CANDIDATE,CANDIDATE
11137180,K03027.01,train,pos_only,1,planet,train_eligible,,dr25_clean_v2,CONFIRMED,CANDIDATE
11139682,K08043.01,train,unlabelled_only,,,excluded,unresolved_candidate,dr25_clean_v2,CANDIDATE,CANDIDATE
11144439,K07412.01,train,neg_only,0,false_positive,train_eligible,,dr25_clean_v2,FALSE POSITIVE,FALSE POSITIVE
11145726,K08044.01,train,neg_only,0,false_positive,train_eligible,,dr25_clean_v2,FALSE POSITIVE,FALSE POSITIVE
11145831,K04039.01,train,neg_only,0,false_positive,train_eligible,,dr25_clean_v2,FALSE POSITIVE,FALSE POSITIVE
11147276,K07413.01,train,neg_only,0,false_positive,train_eligible,,dr25_clean_v2,FALSE POSITIVE,FALSE POSITIVE
11147460,K06235.01,train,neg_only,0,false_positive,train_eligible,,dr25_clean_v2,FALSE POSITIVE,FALSE POSITIVE
11147814,K03334.01,train,neg_only,0,false_positive,train_eligible,,dr25_clean_v2,FALSE POSITIVE,FALSE POSITIVE
11152159,K00761.01,train,neg_only,0,false_positive,train_eligible,,dr25_clean_v2,FALSE POSITIVE,FALSE POSITIVE
11152950,K08045.01,train,neg_only,0,false_positive,train_eligible,,dr25_clean_v2,FALSE POSITIVE,FALSE POSITIVE
11153121,K01647.01,train,pos_only,1,planet,train_eligible,,dr25_clean_v2,CONFIRMED,CANDIDATE
11153121,K01647.02,train,pos_only,1,planet,train_eligible,,dr25_clean_v2,CONFIRMED,CANDIDATE
11153476,K04601.01,train,unlabelled_only,,,excluded,unresolved_candidate,dr25_clean_v2,CANDIDATE,CANDIDATE
11154043,K07414.01,train,neg_only,0,false_positive,train_eligible,,dr25_clean_v2,FALSE POSITIVE,FALSE POSITIVE
11176127,K01430.01,train,pos_only,1,planet,train_eligible,,dr25_clean_v2,CONFIRMED,CANDIDATE
11176127,K01430.02,train,pos_only,1,planet,train_eligible,,dr25_clean_v2,CONFIRMED,CANDIDATE
11176127,K01430.03,train,pos_only,1,planet,train_eligible,,dr25_clean_v2,CONFIRMED,CANDIDATE
11176166,K05875.01,train,mixed,1,planet,train_eligible,,dr25_clean_v2,CONFIRMED,CANDIDATE
11176166,K05875.02,train,mixed,0,false_positive,train_eligible,,dr25_clean_v2,FALSE POSITIVE,FALSE POSITIVE
11177543,K01648.01,train,pos_only,1,planet,train_eligible,,dr25_clean_v2,CONFIRMED,CANDIDATE
11177676,K03281.01,train,pos_only,1,planet,train_eligible,,dr25_clean_v2,CONFIRMED,CANDIDATE
11177707,K01423.01,train,pos_only,1,planet,train_eligible,,dr25_clean_v2,CONFIRMED,CANDIDATE
11179076,K02497.01,train,pos_only,1,planet,train_eligible,,dr25_clean_v2,CONFIRMED,CANDIDATE
11180361,K00971.01,train,unlabelled_only,,,excluded,unresolved_candidate,dr25_clean_v2,CANDIDATE,CANDIDATE
11181260,K04653.01,train,unlabelled_only,,,excluded,unresolved_candidate,dr25_clean_v2,CANDIDATE,CANDIDATE
11182260,K07415.01,train,neg_only,0,false_positive,train_eligible,,dr25_clean_v2,FALSE POSITIVE,FALSE POSITIVE
11182706,K08046.01,train,unlabelled_only,,,excluded,unresolved_candidate,dr25_clean_v2,CANDIDATE,CANDIDATE
11187436,K01804.01,train,pos_only,1,planet,train_eligible,,dr25_clean_v2,CONFIRMED,CANDIDATE
11189127,K00347.01,train,unlabelled_only,,,excluded,unresolved_candidate,dr25_clean_v2,CANDIDATE,CANDIDATE
11189311,K03220.01,train,pos_only,1,planet,train_eligible,,dr25_clean_v2,CONFIRMED,CANDIDATE
11192141,K00977.01,train,unlabelled_only,,,excluded,unresolved_candidate,dr25_clean_v2,CANDIDATE,CANDIDATE
11192235,K02329.01,train,pos_only,1,planet,train_eligible,,dr25_clean_v2,CONFIRMED,CANDIDATE
11198723,K07417.01,train,neg_only,0,false_positive,train_eligible,,dr25_clean_v2,FALSE POSITIVE,FALSE POSITIVE
11200415,K00293.01,train,neg_only,0,false_positive,train_eligible,,dr25_clean_v2,FALSE POSITIVE,FALSE POSITIVE
11200767,K03667.01,train,neg_only,0,false_positive,train_eligible,,dr25_clean_v2,FALSE POSITIVE,FALSE POSITIVE
11200773,K07419.01,train,neg_only,0,false_positive,train_eligible,,dr25_clean_v2,FALSE POSITIVE,FALSE POSITIVE
11231334,K00258.01,train,neg_only,0,false_positive,train_eligible,,dr25_clean_v2,FALSE POSITIVE,FALSE POSITIVE
11234677,K07423.01,train,neg_only,0,false_positive,train_eligible,,dr25_clean_v2,FALSE POSITIVE,FALSE POSITIVE
11235323,K07424.01,train,neg_only,0,false_positive,train_eligible,,dr25_clean_v2,FALSE POSITIVE,FALSE POSITIVE
11240948,K07425.01,train,neg_only,0,false_positive,train_eligible,,dr25_clean_v2,FALSE POSITIVE,FALSE POSITIVE
11241560,K07426.01,train,unlabelled_only,,,excluded,unresolved_candidate,dr25_clean_v2,CANDIDATE,CANDIDATE
11241814,K03717.01,train,neg_only,0,false_positive,train_eligible,,dr25_clean_v2,FALSE POSITIVE,FALSE POSITIVE
11241912,K03346.01,train,pos_only,1,planet,train_eligible,,dr25_clean_v2,CONFIRMED,CANDIDATE
11242721,K00763.01,train,neg_only,0,false_positive,train_eligible,,dr25_clean_v2,FALSE POSITIVE,FALSE POSITIVE
11243547,K04517.01,train,neg_only,0,false_positive,train_eligible,,dr25_clean_v2,FALSE POSITIVE,FALSE POSITIVE
11244571,K07427.01,train,unlabelled_only,,,excluded,unresolved_candidate,dr25_clean_v2,CANDIDATE,CANDIDATE
11244682,K03933.01,train,pos_only,1,planet,train_eligible,,dr25_clean_v2,CONFIRMED,CANDIDATE
11246161,K02796.01,train,unlabelled_only,,,excluded,unresolved_candidate,dr25_clean_v2,CANDIDATE,CANDIDATE
11250587,K00107.01,train,pos_only,1,planet,train_eligible,,dr25_clean_v2,CONFIRMED,CANDIDATE
11251058,K07429.01,train,neg_only,0,false_positive,train_eligible,,dr25_clean_v2,FALSE POSITIVE,FALSE POSITIVE
11252617,K06236.01,train,neg_only,0,false_positive,train_eligible,,dr25_clean_v2,FALSE POSITIVE,FALSE POSITIVE
11252617,K06236.02,train,neg_only,0,false_positive,train_eligible,,dr25_clean_v2,FALSE POSITIVE,FALSE POSITIVE
11254382,K01425.01,train,pos_only,1,planet,train_eligible,,dr25_clean_v2,CONFIRMED,CANDIDATE
11255231,K03003.01,train,neg_only,0,false_positive,train_eligible,,dr25_clean_v2,FALSE POSITIVE,FALSE POSITIVE
11255761,K00482.01,train,neg_only,0,false_positive,train_eligible,,dr25_clean_v2,FALSE POSITIVE,FALSE POSITIVE
11282568,K07430.01,train,unlabelled_only,,,excluded,unresolved_candidate,dr25_clean_v2,CANDIDATE,CANDIDATE
11283615,K02816.01,train,pos_only,1,planet,train_eligible,,dr25_clean_v2,CONFIRMED,CANDIDATE
11284772,K04622.01,train,pos_only,1,planet,train_eligible,,dr25_clean_v2,CONFIRMED,CANDIDATE
11284772,K04622.02,train,pos_only,,,excluded,unresolved_candidate,dr25_clean_v2,CANDIDATE,CANDIDATE
11285625,K07431.01,train,neg_only,0,false_positive,train_eligible,,dr25_clean_v2,FALSE POSITIVE,FALSE POSITIVE
11286311,K07432.01,train,unlabelled_only,,,excluded,unresolved_candidate,dr25_clean_v2,CANDIDATE,CANDIDATE
11287726,K07433.01,train,neg_only,0,false_positive,train_eligible,,dr25_clean_v2,FALSE POSITIVE,FALSE POSITIVE
11288051,K00241.01,train,pos_only,1,planet,train_eligible,,dr25_clean_v2,CONFIRMED,CANDIDATE
11288051,K00241.02,train,pos_only,1,planet,train_eligible,,dr25_clean_v2,CONFIRMED,CANDIDATE
11288051,K00241.03,train,pos_only,1,planet,train_eligible,,dr25_clean_v2,CONFIRMED,CANDIDATE
11288492,K07434.01,train,unlabelled_only,,,excluded,unresolved_candidate,dr25_clean_v2,CANDIDATE,CANDIDATE
11288505,K01433.01,train,pos_only,1,planet,train_eligible,,dr25_clean_v2,CONFIRMED,CANDIDATE
11288772,K07435.01,train,unlabelled_only,,,excluded,unresolved_candidate,dr25_clean_v2,CANDIDATE,CANDIDATE
11290515,K04716.01,train,unlabelled_only,,,excluded,unresolved_candidate,dr25_clean_v2,CANDIDATE,CANDIDATE
11295085,K07436.01,train,neg_only,0,false_positive,train_eligible,,dr25_clean_v2,FALSE POSITIVE,FALSE POSITIVE
11295426,K00246.01,train,pos_only,1,planet,train_eligible,,dr25_clean_v2,CONFIRMED,CANDIDATE
11295426,K00246.02,train,pos_only,1,planet,train_eligible,,dr25_clean_v2,CONFIRMED,CANDIDATE
11296724,K07437.01,train,unlabelled_only,,,excluded,unresolved_candidate,dr25_clean_v2,CANDIDATE,CANDIDATE
11298298,K01802.01,train,pos_only,1,planet,train_eligible,,dr25_clean_v2,CONFIRMED,CANDIDATE
11298815,K02015.01,train,neg_only,0,false_positive,train_eligible,,dr25_clean_v2,FALSE POSITIVE,FALSE POSITIVE
11303322,K03345.01,train,pos_only,1,planet,train_eligible,,dr25_clean_v2,CONFIRMED,CANDIDATE
11303811,K03744.01,train,neg_only,0,false_positive,train_eligible,,dr25_clean_v2,FALSE POSITIVE,FALSE POSITIVE
11304987,K02993.01,train,neg_only,0,false_positive,train_eligible,,dr25_clean_v2,FALSE POSITIVE,FALSE POSITIVE
11336883,K01445.01,train,pos_only,1,planet,train_eligible,,dr25_clean_v2,CONFIRMED,CANDIDATE
11337012,K04666.01,train,unlabelled_only,,,excluded,unresolved_candidate,dr25_clean_v2,CANDIDATE,CANDIDATE
11337141,K01649.01,train,pos_only,1,planet,train_eligible,,dr25_clean_v2,CONFIRMED,CANDIDATE
11337372,K01650.01,train,pos_only,1,planet,train_eligible,,dr25_clean_v2,CONFIRMED,CANDIDATE
11337372,K01650.02,train,pos_only,1,planet,train_eligible,,dr25_clean_v2,CONFIRMED,CANDIDATE
11337566,K02632.01,train,pos_only,1,planet,train_eligible,,dr25_clean_v2,CONFIRMED,CANDIDATE
11337833,K01651.01,train,pos_only,1,planet,train_eligible,,dr25_clean_v2,CONFIRMED,CANDIDATE
11338056,K04735.01,train,unlabelled_only,,,excluded,unresolved_candidate,dr25_clean_v2,CANDIDATE,CANDIDATE
11338091,K08221.01,train,neg_only,0,false_positive,train_eligible,,dr25_clean_v2,FALSE POSITIVE,FALSE POSITIVE
11342416,K02366.01,train,pos_only,1,planet,train_eligible,,dr25_clean_v2,CONFIRMED,CANDIDATE
11342573,K01771.01,train,neg_only,0,false_positive,train_eligible,,dr25_clean_v2,FALSE POSITIVE,FALSE POSITIVE
11348997,K02090.01,train,pos_only,1,planet,train_eligible,,dr25_clean_v2,CONFIRMED,CANDIDATE
11350118,K04509.01,train,unlabelled_only,,,excluded,unresolved_candidate,dr25_clean_v2,CANDIDATE,CANDIDATE
11350389,K07438.01,train,neg_only,0,false_positive,train_eligible,,dr25_clean_v2,FALSE POSITIVE,FALSE POSITIVE
11356260,K01441.01,train,pos_only,1,planet,train_eligible,,dr25_clean_v2,CONFIRMED,CANDIDATE
11356602,K07439.01,train,neg_only,0,false_positive,train_eligible,,dr25_clean_v2,FALSE POSITIVE,FALSE POSITIVE
11357185,K08051.01,train,neg_only,0,false_positive,train_eligible,,dr25_clean_v2,FALSE POSITIVE,FALSE POSITIVE
11357192,K03782.01,train,neg_only,0,false_positive,train_eligible,,dr25_clean_v2,FALSE POSITIVE,FALSE POSITIVE
11357664,K04464.01,train,unlabelled_only,,,excluded,unresolved_candidate,dr25_clean_v2,CANDIDATE,CANDIDATE
11358305,K08052.01,train,unlabelled_only,,,excluded,unresolved_candidate,dr25_clean_v2,CANDIDATE,CANDIDATE
11358389,K02163.01,train,pos_only,1,planet,train_eligible,,dr25_clean_v2,CONFIRMED,CANDIDATE
11358389,K02163.02,train,pos_only,1,planet,train_eligible,,dr25_clean_v2,CONFIRMED,CANDIDATE
11358389,K02163.03,train,pos_only,,,excluded,unresolved_candidate,dr25_clean_v2,CANDIDATE,CANDIDATE
11358392,K07440.01,train,neg_only,0,false_positive,train_eligible,,dr25_clean_v2,FALSE POSITIVE,FALSE POSITIVE
11359305,K07441.01,train,neg_only,0,false_positive,train_eligible,,dr25_clean_v2,FALSE POSITIVE,FALSE POSITIVE
11359879,K00128.01,train,pos_only,1,planet,train_eligible,,dr25_clean_v2,CONFIRMED,CANDIDATE
11360571,K02069.01,train,pos_only,1,planet,train_eligible,,dr25_clean_v2,CONFIRMED,CANDIDATE
11360805,K02422.01,train,pos_only,1,planet,train_eligible,,dr25_clean_v2,CONFIRMED,CANDIDATE
11360805,K02422.02,train,pos_only,,,excluded,unresolved_candidate,dr25_clean_v2,CANDIDATE,CANDIDATE
11391018,K00189.01,train,pos_only,1,planet,train_eligible,,dr25_clean_v2,CONFIRMED,CANDIDATE
11391181,K07442.01,train,neg_only,0,false_positive,train_eligible,,dr25_clean_v2,FALSE POSITIVE,FALSE POSITIVE
11391667,K01652.01,train,neg_only,0,false_positive,train_eligible,,dr25_clean_v2,FALSE POSITIVE,FALSE POSITIVE
11391755,K02639.01,train,unlabelled_only,,,excluded,unresolved_candidate,dr25_clean_v2,CANDIDATE,CANDIDATE
11391957,K00765.01,train,pos_only,1,planet,train_eligible,,dr25_clean_v2,CONFIRMED,CANDIDATE
11392017,K01653.01,train,neg_only,0,false_positive,train_eligible,,dr25_clean_v2,FALSE POSITIVE,FALSE POSITIVE
11392362,K08053.01,train,unlabelled_only,,,excluded,unresolved_candidate,dr25_clean_v2,CANDIDATE,CANDIDATE
11392618,K01623.01,train,neg_only,0,false_positive,train_eligible,,dr25_clean_v2,FALSE POSITIVE,FALSE POSITIVE
11394027,K00349.01,train,pos_only,1,planet,train_eligible,,dr25_clean_v2,CONFIRMED,CANDIDATE
11400356,K08222.01,train,neg_only,0,false_positive,train_eligible,,dr25_clean_v2,FALSE POSITIVE,FALSE POSITIVE
11401182,K01428.01,train,pos_only,1,planet,train_eligible,,dr25_clean_v2,CONFIRMED,CANDIDATE
11401253,K04823.01,train,unlabelled_only,,,excluded,unresolved_candidate,dr25_clean_v2,CANDIDATE,CANDIDATE
11401755,K00277.01,train,pos_only,1,planet,train_eligible,,dr25_clean_v2,CONFIRMED,CANDIDATE
11401755,K00277.02,train,pos_only,,,excluded,disposition_conflict,dr25_clean_v2,CONFIRMED,FALSE POSITIVE
11401767,K02195.01,train,pos_only,1,planet,train_eligible,,dr25_clean_v2,CONFIRMED,CANDIDATE
11401767,K02195.02,train,pos_only,1,planet,train_eligible,,dr25_clean_v2,CONFIRMED,CANDIDATE
11401767,K02195.03,train,pos_only,1,planet,train_eligible,,dr25_clean_v2,CONFIRMED,CANDIDATE
11402995,K00173.01,train,pos_only,1,planet,train_eligible,,dr25_clean_v2,CONFIRMED,CANDIDATE
11403044,K00766.01,train,pos_only,1,planet,train_eligible,,dr25_clean_v2,CONFIRMED,CANDIDATE
11403216,K03561.01,train,neg_only,0,false_positive,train_eligible,,dr25_clean_v2,FALSE POSITIVE,FALSE POSITIVE
11403339,K02143.01,train,pos_only,1,planet,train_eligible,,dr25_clean_v2,CONFIRMED,CANDIDATE
11403389,K02482.01,train,pos_only,1,planet,train_eligible,,dr25_clean_v2,CONFIRMED,CANDIDATE
11403530,K03015.01,train,pos_only,1,planet,train_eligible,,dr25_clean_v2,CONFIRMED,CANDIDATE
11408935,K06086.01,train,neg_only,0,false_positive,train_eligible,,dr25_clean_v2,FALSE POSITIVE,FALSE POSITIVE
11410904,K02171.01,train,pos_only,1,planet,train_eligible,,dr25_clean_v2,CONFIRMED,CANDIDATE
11413812,K01885.01,train,pos_only,1,planet,train_eligible,,dr25_clean_v2,CONFIRMED,CANDIDATE
11414465,K02836.01,train,pos_only,1,planet,train_eligible,,dr25_clean_v2,CONFIRMED,CANDIDATE
11414511,K00767.01,train,pos_only,1,planet,train_eligible,,dr25_clean_v2,CONFIRMED,CANDIDATE
11415243,K04036.01,train,pos_only,1,planet,train_eligible,,dr25_clean_v2,CONFIRMED,CANDIDATE
11442793,K00351.01,train,pos_only,,,excluded,disposition_conflict,dr25_clean_v2,CONFIRMED,FALSE POSITIVE
11442793,K00351.02,train,pos_only,1,planet,train_eligible,,dr25_clean_v2,CONFIRMED,CANDIDATE
11442793,K00351.03,train,pos_only,1,planet,train_eligible,,dr25_clean_v2,CONFIRMED,CANDIDATE
11442793,K00351.04,train,pos_only,1,planet,train_eligible,,dr25_clean_v2,CONFIRMED,CANDIDATE
11442793,K00351.05,train,pos_only,1,planet,train_eligible,,dr25_clean_v2,CONFIRMED,CANDIDATE
11442793,K00351.06,train,pos_only,1,planet,train_eligible,,dr25_clean_v2,CONFIRMED,CANDIDATE
11442793,K00351.07,train,pos_only,1,planet,train_eligible,,dr25_clean_v2,CONFIRMED,CANDIDATE
11443757,K08054.01,train,unlabelled_only,,,excluded,unresolved_candidate,dr25_clean_v2,CANDIDATE,CANDIDATE
11444514,K04371.01,train,pos_only,1,planet,train_eligible,,dr25_clean_v2,CONFIRMED,CANDIDATE
11444952,K04040.01,train,neg_only,0,false_positive,train_eligible,,dr25_clean_v2,FALSE POSITIVE,FALSE POSITIVE
11446443,K00001.01,train,pos_only,1,planet,train_eligible,,dr25_clean_v2,CONFIRMED,CANDIDATE
11449844,K00125.01,train,pos_only,1,planet,train_eligible,,dr25_clean_v2,CONFIRMED,CANDIDATE
11453349,K08055.01,train,unlabelled_only,,,excluded,unresolved_candidate,dr25_clean_v2,CANDIDATE,CANDIDATE
11453592,K02705.01,train,pos_only,1,planet,train_eligible,,dr25_clean_v2,CONFIRMED,CANDIDATE
11455181,K03131.01,train,pos_only,1,planet,train_eligible,,dr25_clean_v2,CONFIRMED,CANDIDATE
11455428,K03365.01,train,pos_only,1,planet,train_eligible,,dr25_clean_v2,CONFIRMED,CANDIDATE
11455491,K00178.01,train,neg_only,0,false_positive,train_eligible,,dr25_clean_v2,FALSE POSITIVE,FALSE POSITIVE
11455795,K07446.01,train,unlabelled_only,,,excluded,unresolved_candidate,dr25_clean_v2,CANDIDATE,CANDIDATE
11456256,K05901.01,train,unlabelled_only,,,excluded,unresolved_candidate,dr25_clean_v2,CANDIDATE,CANDIDATE
11456382,K02771.01,train,neg_only,0,false_positive,train_eligible,,dr25_clean_v2,FALSE POSITIVE,FALSE POSITIVE
11456839,K08225.01,train,neg_only,0,false_positive,train_eligible,,dr25_clean_v2,FALSE POSITIVE,FALSE POSITIVE
11457191,K07447.01,train,neg_only,0,false_positive,train_eligible,,dr25_clean_v2,FALSE POSITIVE,FALSE POSITIVE
11457726,K02047.01,train,pos_only,1,planet,train_eligible,,dr25_clean_v2,CONFIRMED,CANDIDATE
11463950,K07616.01,train,neg_only,0,false_positive,train_eligible,,dr25_clean_v2,FALSE POSITIVE,FALSE POSITIVE
11465651,K04150.01,train,pos_only,1,planet,train_eligible,,dr25_clean_v2,CONFIRMED,CANDIDATE
11465813,K00771.01,train,neg_only,0,false_positive,train_eligible,,dr25_clean_v2,FALSE POSITIVE,FALSE POSITIVE
11466960,K03917.01,train,neg_only,0,false_positive,train_eligible,,dr25_clean_v2,FALSE POSITIVE,FALSE POSITIVE
11493431,K01434.01,train,pos_only,1,planet,train_eligible,,dr25_clean_v2,CONFIRMED,CANDIDATE
11493732,K00772.01,train,neg_only,0,false_positive,train_eligible,,dr25_clean_v2,FALSE POSITIVE,FALSE POSITIVE
11494130,K00978.01,train,neg_only,0,false_positive,train_eligible,,dr25_clean_v2,FALSE POSITIVE,FALSE POSITIVE
11495458,K02318.01,train,pos_only,1,planet,train_eligible,,dr25_clean_v2,CONFIRMED,CANDIDATE
11497977,K00483.01,train,pos_only,1,planet,train_eligible,,dr25_clean_v2,CONFIRMED,CANDIDATE
11498128,K02296.01,train,pos_only,1,planet,train_eligible,,dr25_clean_v2,CONFIRMED,CANDIDATE
11499192,K03120.01,train,pos_only,1,planet,train_eligible,,dr25_clean_v2,CONFIRMED,CANDIDATE
11499263,K03620.01,train,neg_only,0,false_positive,train_eligible,,dr25_clean_v2,FALSE POSITIVE,FALSE POSITIVE
11499757,K07450.01,train,neg_only,0,false_positive,train_eligible,,dr25_clean_v2,FALSE POSITIVE,FALSE POSITIVE
11501492,K08226.01,train,neg_only,0,false_positive,train_eligible,,dr25_clean_v2,FALSE POSITIVE,FALSE POSITIVE
11502867,K00195.01,train,pos_only,1,planet,train_eligible,,dr25_clean_v2,CONFIRMED,CANDIDATE
11506235,K07454.01,train,neg_only,0,false_positive,train_eligible,,dr25_clean_v2,FALSE POSITIVE,FALSE POSITIVE
11506654,K04586.01,train,unlabelled_only,,,excluded,unresolved_candidate,dr25_clean_v2,CANDIDATE,CANDIDATE
11506938,K05906.01,train,neg_only,0,false_positive,train_eligible,,dr25_clean_v2,FALSE POSITIVE,FALSE POSITIVE
11507101,K00773.01,train,pos_only,1,planet,train_eligible,,dr25_clean_v2,CONFIRMED,CANDIDATE
11508644,K03101.01,train,pos_only,1,planet,train_eligible,,dr25_clean_v2,CONFIRMED,CANDIDATE
11512246,K00168.01,train,pos_only,1,planet,train_eligible,,dr25_clean_v2,CONFIRMED,CANDIDATE
11512246,K00168.02,train,pos_only,1,planet,train_eligible,,dr25_clean_v2,CONFIRMED,CANDIDATE
11512246,K00168.03,train,pos_only,1,planet,train_eligible,,dr25_clean_v2,CONFIRMED,CANDIDATE
11513441,K05908.01,train,neg_only,0,false_positive,train_eligible,,dr25_clean_v2,FALSE POSITIVE,FALSE POSITIVE
11517719,K01416.01,train,pos_only,1,planet,train_eligible,,dr25_clean_v2,CONFIRMED,CANDIDATE
11518142,K03762.01,train,pos_only,1,planet,train_eligible,,dr25_clean_v2,CONFIRMED,CANDIDATE
11518201,K03104.01,train,unlabelled_only,,,excluded,unresolved_candidate,dr25_clean_v2,CANDIDATE,CANDIDATE
11519187,K04625.01,train,unlabelled_only,,,excluded,disposition_conflict,dr25_clean_v2,CONFIRMED,FALSE POSITIVE
11519226,K06087.01,train,neg_only,0,false_positive,train_eligible,,dr25_clean_v2,FALSE POSITIVE,FALSE POSITIVE
11520114,K05909.01,train,unlabelled_only,,,excluded,unresolved_candidate,dr25_clean_v2,CANDIDATE,CANDIDATE
11546211,K01654.01,train,neg_only,0,false_positive,train_eligible,,dr25_clean_v2,FALSE POSITIVE,FALSE POSITIVE
11547505,K01655.01,train,pos_only,1,planet,train_eligible,,dr25_clean_v2,CONFIRMED,CANDIDATE
11547513,K00295.01,train,pos_only,1,planet,train_eligible,,dr25_clean_v2,CONFIRMED,CANDIDATE
11547513,K00295.02,train,pos_only,1,planet,train_eligible,,dr25_clean_v2,CONFIRMED,CANDIDATE
11547869,K03749.01,train,neg_only,0,false_positive,train_eligible,,dr25_clean_v2,FALSE POSITIVE,FALSE POSITIVE
11553706,K00009.01,train,neg_only,0,false_positive,train_eligible,,dr25_clean_v2,FALSE POSITIVE,FALSE POSITIVE
11554435,K00063.01,train,pos_only,1,planet,train_eligible,,dr25_clean_v2,CONFIRMED,CANDIDATE
11558217,K08227.01,train,neg_only,0,false_positive,train_eligible,,dr25_clean_v2,FALSE POSITIVE,FALSE POSITIVE
11560037,K03874.01,train,neg_only,0,false_positive,train_eligible,,dr25_clean_v2,FALSE POSITIVE,FALSE POSITIVE
11560382,K07456.01,train,neg_only,0,false_positive,train_eligible,,dr25_clean_v2,FALSE POSITIVE,FALSE POSITIVE
11560397,K08056.01,train,neg_only,0,false_positive,train_eligible,,dr25_clean_v2,FALSE POSITIVE,FALSE POSITIVE
11560431,K07457.01,train,neg_only,0,false_positive,train_eligible,,dr25_clean_v2,FALSE POSITIVE,FALSE POSITIVE
11560447,K07458.01,train,neg_only,0,false_positive,train_eligible,,dr25_clean_v2,FALSE POSITIVE,FALSE POSITIVE
11564013,K03714.01,train,neg_only,0,false_positive,train_eligible,,dr25_clean_v2,FALSE POSITIVE,FALSE POSITIVE
11565544,K03013.01,train,unlabelled_only,,,excluded,unresolved_candidate,dr25_clean_v2,CANDIDATE,CANDIDATE
11565903,K08057.01,train,neg_only,0,false_positive,train_eligible,,dr25_clean_v2,FALSE POSITIVE,FALSE POSITIVE
11569782,K02225.01,train,pos_only,1,planet,train_eligible,,dr25_clean_v2,CONFIRMED,CANDIDATE
11572193,K03109.01,train,pos_only,1,planet,train_eligible,,dr25_clean_v2,CONFIRMED,CANDIDATE
11599038,K01437.01,train,mixed,1,planet,train_eligible,,dr25_clean_v2,CONFIRMED,CANDIDATE
11599038,K01437.02,train,mixed,0,false_positive,train_eligible,,dr25_clean_v2,FALSE POSITIVE,FALSE POSITIVE
11599038,K01437.03,train,mixed,0,false_positive,train_eligible,,dr25_clean_v2,FALSE POSITIVE,FALSE POSITIVE
11599937,K05915.01,train,neg_only,0,false_positive,train_eligible,,dr25_clean_v2,FALSE POSITIVE,FALSE POSITIVE
11600889,K01442.01,train,pos_only,1,planet,train_eligible,,dr25_clean_v2,CONFIRMED,CANDIDATE
11601357,K07459.01,train,neg_only,0,false_positive,train_eligible,,dr25_clean_v2,FALSE POSITIVE,FALSE POSITIVE
11601425,K05917.01,train,unlabelled_only,,,excluded,unresolved_candidate,dr25_clean_v2,CANDIDATE,CANDIDATE
11601597,K08058.01,train,neg_only,0,false_positive,train_eligible,,dr25_clean_v2,FALSE POSITIVE,FALSE POSITIVE
11601972,K05919.01,train,neg_only,0,false_positive,train_eligible,,dr25_clean_v2,FALSE POSITIVE,FALSE POSITIVE
11602794,K07460.01,train,unlabelled_only,,,excluded,unresolved_candidate,dr25_clean_v2,CANDIDATE,CANDIDATE
11607193,K00983.02,train,neg_only,0,false_positive,train_eligible,,dr25_clean_v2,FALSE POSITIVE,FALSE POSITIVE
11611275,K04234.01,train,pos_only,1,planet,train_eligible,,dr25_clean_v2,CONFIRMED,CANDIDATE
11611600,K01424.01,train,pos_only,1,planet,train_eligible,,dr25_clean_v2,CONFIRMED,CANDIDATE
11612241,K08059.01,train,neg_only,0,false_positive,train_eligible,,dr25_clean_v2,FALSE POSITIVE,FALSE POSITIVE
11614528,K03885.01,train,neg_only,0,false_positive,train_eligible,,dr25_clean_v2,FALSE POSITIVE,FALSE POSITIVE
11614617,K01990.01,train,pos_only,1,planet,train_eligible,,dr25_clean_v2,CONFIRMED,CANDIDATE
11615258,K05922.01,train,neg_only,0,false_positive,train_eligible,,dr25_clean_v2,FALSE POSITIVE,FALSE POSITIVE
11615481,K07461.01,train,neg_only,0,false_positive,train_eligible,,dr25_clean_v2,FALSE POSITIVE,FALSE POSITIVE
11616200,K07462.01,train,neg_only,0,false_positive,train_eligible,,dr25_clean_v2,FALSE POSITIVE,FALSE POSITIVE
11616596,K04229.01,train,neg_only,0,false_positive,train_eligible,,dr25_clean_v2,FALSE POSITIVE,FALSE POSITIVE
11616631,K07463.01,train,neg_only,0,false_positive,train_eligible,,dr25_clean_v2,FALSE POSITIVE,FALSE POSITIVE
11616663,K07464.01,train,neg_only,0,false_positive,train_eligible,,dr25_clean_v2,FALSE POSITIVE,FALSE POSITIVE
11618601,K03022.01,train,pos_only,1,planet,train_eligible,,dr25_clean_v2,CONFIRMED,CANDIDATE
11618601,K03022.02,train,pos_only,1,planet,train_eligible,,dr25_clean_v2,CONFIRMED,CANDIDATE
11619964,K07466.01,train,neg_only,0,false_positive,train_eligible,,dr25_clean_v2,FALSE POSITIVE,FALSE POSITIVE
11621897,K07618.01,train,neg_only,0,false_positive,train_eligible,,dr25_clean_v2,FALSE POSITIVE,FALSE POSITIVE
11622600,K01876.01,train,pos_only,1,planet,train_eligible,,dr25_clean_v2,CONFIRMED,CANDIDATE
11622985,K02550.01,train,unlabelled_only,,,excluded,unresolved_candidate,dr25_clean_v2,CANDIDATE,CANDIDATE
11624249,K00356.01,train,pos_only,1,planet,train_eligible,,dr25_clean_v2,CONFIRMED,CANDIDATE
11649292,K08228.01,train,neg_only,0,false_positive,train_eligible,,dr25_clean_v2,FALSE POSITIVE,FALSE POSITIVE
11650401,K04566.01,train,pos_only,1,planet,train_eligible,,dr25_clean_v2,CONFIRMED,CANDIDATE
11651712,K03363.01,train,pos_only,1,planet,train_eligible,,dr25_clean_v2,CONFIRMED,CANDIDATE
11655826,K04643.01,train,unlabelled_only,,,excluded,unresolved_candidate,dr25_clean_v2,CANDIDATE,CANDIDATE
11656246,K01532.01,train,pos_only,1,planet,train_eligible,,dr25_clean_v2,CONFIRMED,CANDIDATE
11656302,K00434.01,train,neg_only,0,false_positive,train_eligible,,dr25_clean_v2,FALSE POSITIVE,FALSE POSITIVE
11656721,K00541.01,train,pos_only,1,planet,train_eligible,,dr25_clean_v2,CONFIRMED,CANDIDATE
11656840,K00774.01,train,neg_only,0,false_positive,train_eligible,,dr25_clean_v2,FALSE POSITIVE,FALSE POSITIVE
11657614,K03370.01,train,pos_only,,,excluded,unresolved_candidate,dr25_clean_v2,CANDIDATE,CANDIDATE
11657614,K03370.02,train,pos_only,1,planet,train_eligible,,dr25_clean_v2,CONFIRMED,CANDIDATE
11657891,K01965.01,train,pos_only,1,planet,train_eligible,,dr25_clean_v2,CONFIRMED,CANDIDATE
11658036,K04771.01,train,unlabelled_only,,,excluded,unresolved_candidate,dr25_clean_v2,CANDIDATE,CANDIDATE
11661803,K08060.01,train,neg_only,0,false_positive,train_eligible,,dr25_clean_v2,FALSE POSITIVE,FALSE POSITIVE
11661803,K08060.02,train,neg_only,0,false_positive,train_eligible,,dr25_clean_v2,FALSE POSITIVE,FALSE POSITIVE
11666881,K00167.01,train,pos_only,1,planet,train_eligible,,dr25_clean_v2,CONFIRMED,CANDIDATE
11667548,K03926.01,train,neg_only,0,false_positive,train_eligible,,dr25_clean_v2,FALSE POSITIVE,FALSE POSITIVE
11669125,K01535.01,train,pos_only,1,planet,train_eligible,,dr25_clean_v2,CONFIRMED,CANDIDATE
11669239,K00542.01,train,pos_only,1,planet,train_eligible,,dr25_clean_v2,CONFIRMED,CANDIDATE
11669239,K00542.02,train,pos_only,1,planet,train_eligible,,dr25_clean_v2,CONFIRMED,CANDIDATE
11670125,K02355.01,train,pos_only,1,planet,train_eligible,,dr25_clean_v2,CONFIRMED,CANDIDATE
11670599,K04282.01,train,neg_only,0,false_positive,train_eligible,,dr25_clean_v2,FALSE POSITIVE,FALSE POSITIVE
11671429,K03567.01,train,neg_only,0,false_positive,train_eligible,,dr25_clean_v2,FALSE POSITIVE,FALSE POSITIVE
11671579,K04510.01,train,pos_only,1,planet,train_eligible,,dr25_clean_v2,CONFIRMED,CANDIDATE
11673674,K00133.01,train,neg_only,0,false_positive,train_eligible,,dr25_clean_v2,FALSE POSITIVE,FALSE POSITIVE
11673686,K06243.01,train,neg_only,0,false_positive,train_eligible,,dr25_clean_v2,FALSE POSITIVE,FALSE POSITIVE
11673802,K01894.01,train,pos_only,1,planet,train_eligible,,dr25_clean_v2,CONFIRMED,CANDIDATE
11701407,K02376.01,train,pos_only,1,planet,train_eligible,,dr25_clean_v2,CONFIRMED,CANDIDATE
11705004,K02199.01,train,pos_only,1,planet,train_eligible,,dr25_clean_v2,CONFIRMED,CANDIDATE
11705004,K02199.02,train,pos_only,,,excluded,unresolved_candidate,dr25_clean_v2,CANDIDATE,CANDIDATE
11706658,K07473.01,train,neg_only,0,false_positive,train_eligible,,dr25_clean_v2,FALSE POSITIVE,FALSE POSITIVE
11709124,K00435.01,train,pos_only,1,planet,train_eligible,,dr25_clean_v2,CONFIRMED,CANDIDATE
11709124,K00435.03,train,pos_only,1,planet,train_eligible,,dr25_clean_v2,CONFIRMED,CANDIDATE
11709124,K00435.04,train,pos_only,1,planet,train_eligible,,dr25_clean_v2,CONFIRMED,CANDIDATE
11709124,K00435.05,train,pos_only,1,planet,train_eligible,,dr25_clean_v2,CONFIRMED,CANDIDATE
11709124,K00435.06,train,pos_only,1,planet,train_eligible,,dr25_clean_v2,CONFIRMED,CANDIDATE
11709244,K01832.01,train,pos_only,1,planet,train_eligible,,dr25_clean_v2,CONFIRMED,CANDIDATE
11709244,K01832.02,train,pos_only,1,planet,train_eligible,,dr25_clean_v2,CONFIRMED,CANDIDATE
11709244,K01832.03,train,pos_only,1,planet,train_eligible,,dr25_clean_v2,CONFIRMED,CANDIDATE
11714107,K08063.01,train,unlabelled_only,,,excluded,unresolved_candidate,dr25_clean_v2,CANDIDATE,CANDIDATE
11714231,K03115.01,train,pos_only,1,planet,train_eligible,,dr25_clean_v2,CONFIRMED,CANDIDATE
11718144,K02310.01,train,pos_only,1,planet,train_eligible,,dr25_clean_v2,CONFIRMED,CANDIDATE
11718389,K04444.01,train,pos_only,1,planet,train_eligible,,dr25_clean_v2,CONFIRMED,CANDIDATE
11720424,K03116.01,train,pos_only,1,planet,train_eligible,,dr25_clean_v2,CONFIRMED,CANDIDATE
11724091,K07475.01,train,neg_only,0,false_positive,train_eligible,,dr25_clean_v2,FALSE POSITIVE,FALSE POSITIVE
11724094,K08064.01,train,neg_only,0,false_positive,train_eligible,,dr25_clean_v2,FALSE POSITIVE,FALSE POSITIVE
11752632,K02492.01,train,pos_only,1,planet,train_eligible,,dr25_clean_v2,CONFIRMED,CANDIDATE
11752906,K00253.01,train,pos_only,1,planet,train_eligible,,dr25_clean_v2,CONFIRMED,CANDIDATE
11752906,K00253.02,train,pos_only,1,planet,train_eligible,,dr25_clean_v2,CONFIRMED,CANDIDATE
11752908,K02651.01,train,neg_only,0,false_positive,train_eligible,,dr25_clean_v2,FALSE POSITIVE,FALSE POSITIVE
11754430,K03403.01,train,pos_only,1,planet,train_eligible,,dr25_clean_v2,CONFIRMED,CANDIDATE
11754430,K03403.02,train,pos_only,1,planet,train_eligible,,dr25_clean_v2,CONFIRMED,CANDIDATE
11756821,K06088.01,train,neg_only,0,false_positive,train_eligible,,dr25_clean_v2,FALSE POSITIVE,FALSE POSITIVE
11757422,K07476.01,train,neg_only,0,false_positive,train_eligible,,dr25_clean_v2,FALSE POSITIVE,FALSE POSITIVE
11758544,K01883.01,train,pos_only,1,planet,train_eligible,,dr25_clean_v2,CONFIRMED,CANDIDATE
11760231,K01841.01,train,pos_only,1,planet,train_eligible,,dr25_clean_v2,CONFIRMED,CANDIDATE
11760860,K03892.01,train,pos_only,1,planet,train_eligible,,dr25_clean_v2,CONFIRMED,CANDIDATE
11760931,K08229.01,train,neg_only,0,false_positive,train_eligible,,dr25_clean_v2,FALSE POSITIVE,FALSE POSITIVE
11760959,K01484.01,train,neg_only,0,false_positive,train_eligible,,dr25_clean_v2,FALSE POSITIVE,FALSE POSITIVE
11761199,K02669.01,train,neg_only,0,false_positive,train_eligible,,dr25_clean_v2,FALSE POSITIVE,FALSE POSITIVE
11763910,K07477.01,train,neg_only,0,false_positive,train_eligible,,dr25_clean_v2,FALSE POSITIVE,FALSE POSITIVE
11764462,K01531.01,train,pos_only,1,planet,train_eligible,,dr25_clean_v2,CONFIRMED,CANDIDATE
11768142,K02626.01,train,pos_only,1,planet,train_eligible,,dr25_clean_v2,CONFIRMED,CANDIDATE
11769146,K06089.01,train,neg_only,0,false_positive,train_eligible,,dr25_clean_v2,FALSE POSITIVE,FALSE POSITIVE
11769689,K04551.01,train,unlabelled_only,,,excluded,unresolved_candidate,dr25_clean_v2,CANDIDATE,CANDIDATE
11769801,K02633.01,train,neg_only,0,false_positive,train_eligible,,dr25_clean_v2,FALSE POSITIVE,FALSE POSITIVE
11769890,K01980.01,train,pos_only,1,planet,train_eligible,,dr25_clean_v2,CONFIRMED,CANDIDATE
11771430,K02582.01,train,pos_only,1,planet,train_eligible,,dr25_clean_v2,CONFIRMED,CANDIDATE
11773022,K00620.01,train,pos_only,1,planet,train_eligible,,dr25_clean_v2,CONFIRMED,CANDIDATE
11773022,K00620.02,train,pos_only,1,planet,train_eligible,,dr25_clean_v2,CONFIRMED,CANDIDATE
11773022,K00620.03,train,pos_only,1,planet,train_eligible,,dr25_clean_v2,CONFIRMED,CANDIDATE
11773328,K01906.01,train,unlabelled_only,,,excluded,unresolved_candidate,dr25_clean_v2,CANDIDATE,CANDIDATE
11774387,K01497.01,train,neg_only,0,false_positive,train_eligible,,dr25_clean_v2,FALSE POSITIVE,FALSE POSITIVE
11775507,K06245.03,train,neg_only,0,false_positive,train_eligible,,dr25_clean_v2,FALSE POSITIVE,FALSE POSITIVE
11802615,K00296.01,train,pos_only,1,planet,train_eligible,,dr25_clean_v2,CONFIRMED,CANDIDATE
11804465,K00020.01,train,pos_only,1,planet,train_eligible,,dr25_clean_v2,CONFIRMED,CANDIDATE
11804952,K08066.01,train,neg_only,0,false_positive,train_eligible,,dr25_clean_v2,FALSE POSITIVE,FALSE POSITIVE
11807274,K00262.01,train,pos_only,1,planet,train_eligible,,dr25_clean_v2,CONFIRMED,CANDIDATE
11807274,K00262.02,train,pos_only,1,planet,train_eligible,,dr25_clean_v2,CONFIRMED,CANDIDATE
11810124,K03344.01,train,pos_only,1,planet,train_eligible,,dr25_clean_v2,CONFIRMED,CANDIDATE
11810124,K03344.02,train,pos_only,1,planet,train_eligible,,dr25_clean_v2,CONFIRMED,CANDIDATE
11810124,K03344.03,train,pos_only,,,excluded,unresolved_candidate,dr25_clean_v2,CANDIDATE,CANDIDATE
11811193,K02260.01,train,pos_only,1,planet,train_eligible,,dr25_clean_v2,CONFIRMED,CANDIDATE
11811454,K07481.01,train,neg_only,0,false_positive,train_eligible,,dr25_clean_v2,FALSE POSITIVE,FALSE POSITIVE
11812062,K00776.01,train,pos_only,1,planet,train_eligible,,dr25_clean_v2,CONFIRMED,CANDIDATE
11812199,K06090.01,train,neg_only,0,false_positive,train_eligible,,dr25_clean_v2,FALSE POSITIVE,FALSE POSITIVE
11817750,K07482.01,train,neg_only,0,false_positive,train_eligible,,dr25_clean_v2,FALSE POSITIVE,FALSE POSITIVE
11818607,K02467.01,train,pos_only,1,planet,train_eligible,,dr25_clean_v2,CONFIRMED,CANDIDATE
11818872,K02581.01,train,pos_only,1,planet,train_eligible,,dr25_clean_v2,CONFIRMED,CANDIDATE
11819135,K08067.01,train,neg_only,0,false_positive,train_eligible,,dr25_clean_v2,FALSE POSITIVE,FALSE POSITIVE
11821363,K01494.01,train,pos_only,1,planet,train_eligible,,dr25_clean_v2,CONFIRMED,CANDIDATE
11823054,K00543.01,train,pos_only,1,planet,train_eligible,,dr25_clean_v2,CONFIRMED,CANDIDATE
11823054,K00543.02,train,pos_only,1,planet,train_eligible,,dr25_clean_v2,CONFIRMED,CANDIDATE
11824218,K03845.01,train,neg_only,0,false_positive,train_eligible,,dr25_clean_v2,FALSE POSITIVE,FALSE POSITIVE
11824786,K02371.01,train,pos_only,1,planet,train_eligible,,dr25_clean_v2,CONFIRMED,CANDIDATE
11825057,K03857.01,train,neg_only,0,false_positive,train_eligible,,dr25_clean_v2,FALSE POSITIVE,FALSE POSITIVE
11826400,K06091.01,train,neg_only,0,false_positive,train_eligible,,dr25_clean_v2,FALSE POSITIVE,FALSE POSITIVE
11852982,K00247.01,train,pos_only,1,planet,train_eligible,,dr25_clean_v2,CONFIRMED,CANDIDATE
11853130,K03263.01,train,unlabelled_only,,,excluded,unresolved_candidate,dr25_clean_v2,CANDIDATE,CANDIDATE
11853878,K01833.01,train,pos_only,1,planet,train_eligible,,dr25_clean_v2,CONFIRMED,CANDIDATE
11853878,K01833.02,train,pos_only,1,planet,train_eligible,,dr25_clean_v2,CONFIRMED,CANDIDATE
11853878,K01833.03,train,pos_only,1,planet,train_eligible,,dr25_clean_v2,CONFIRMED,CANDIDATE
11853905,K00007.01,train,pos_only,1,planet,train_eligible,,dr25_clean_v2,CONFIRMED,CANDIDATE
11854061,K08230.01,train,neg_only,0,false_positive,train_eligible,,dr25_clean_v2,FALSE POSITIVE,FALSE POSITIVE
11854636,K07484.01,train,neg_only,0,false_positive,train_eligible,,dr25_clean_v2,FALSE POSITIVE,FALSE POSITIVE
11856178,K06246.01,train,unlabelled_only,,,excluded,unresolved_candidate,dr25_clean_v2,CANDIDATE,CANDIDATE
11858541,K07486.01,train,neg_only,0,false_positive,train_eligible,,dr25_clean_v2,FALSE POSITIVE,FALSE POSITIVE
11858741,K03633.01,train,neg_only,0,false_positive,train_eligible,,dr25_clean_v2,FALSE POSITIVE,FALSE POSITIVE
11858979,K04062.01,train,neg_only,0,false_positive,train_eligible,,dr25_clean_v2,FALSE POSITIVE,FALSE POSITIVE
11860395,K03445.01,train,pos_only,1,planet,train_eligible,,dr25_clean_v2,CONFIRMED,CANDIDATE
11867071,K06247.01,train,neg_only,0,false_positive,train_eligible,,dr25_clean_v2,FALSE POSITIVE,FALSE POSITIVE
11867733,K08294.01,train,neg_only,0,false_positive,train_eligible,,dr25_clean_v2,FALSE POSITIVE,FALSE POSITIVE
11868122,K08231.01,train,neg_only,0,false_positive,train_eligible,,dr25_clean_v2,FALSE POSITIVE,FALSE POSITIVE
11869052,K00120.01,train,unlabelled_only,,,excluded,unresolved_candidate,dr25_clean_v2,CANDIDATE,CANDIDATE
11870545,K01510.01,train,unlabelled_only,,,excluded,unresolved_candidate,dr25_clean_v2,CANDIDATE,CANDIDATE
11872139,K04350.01,train,neg_only,0,false_positive,train_eligible,,dr25_clean_v2,FALSE POSITIVE,FALSE POSITIVE
11872364,K08232.01,train,unlabelled_only,,,excluded,unresolved_candidate,dr25_clean_v2,CANDIDATE,CANDIDATE
11873166,K07487.01,train,neg_only,0,false_positive,train_eligible,,dr25_clean_v2,FALSE POSITIVE,FALSE POSITIVE
11873171,K07488.01,train,neg_only,0,false_positive,train_eligible,,dr25_clean_v2,FALSE POSITIVE,FALSE POSITIVE
11875511,K03471.01,train,neg_only,0,false_positive,train_eligible,,dr25_clean_v2,FALSE POSITIVE,FALSE POSITIVE
11875734,K01828.01,train,pos_only,1,planet,train_eligible,,dr25_clean_v2,CONFIRMED,CANDIDATE
11904151,K00072.01,train,pos_only,,,excluded,disposition_conflict,dr25_clean_v2,CONFIRMED,FALSE POSITIVE
11904151,K00072.02,train,pos_only,1,planet,train_eligible,,dr25_clean_v2,CONFIRMED,CANDIDATE
11904734,K01764.01,train,unlabelled_only,,,excluded,unresolved_candidate,dr25_clean_v2,CANDIDATE,CANDIDATE
11905011,K00297.01,train,pos_only,1,planet,train_eligible,,dr25_clean_v2,CONFIRMED,CANDIDATE
11905398,K05940.01,train,neg_only,0,false_positive,train_eligible,,dr25_clean_v2,FALSE POSITIVE,FALSE POSITIVE
11906217,K07490.01,train,neg_only,0,false_positive,train_eligible,,dr25_clean_v2,FALSE POSITIVE,FALSE POSITIVE
11909686,K01483.01,train,neg_only,0,false_positive,train_eligible,,dr25_clean_v2,FALSE POSITIVE,FALSE POSITIVE
11909839,K00779.01,train,neg_only,0,false_positive,train_eligible,,dr25_clean_v2,FALSE POSITIVE,FALSE POSITIVE
11911561,K03875.01,train,unlabelled_only,,,excluded,unresolved_candidate,dr25_clean_v2,CANDIDATE,CANDIDATE
11911580,K03900.01,train,neg_only,0,false_positive,train_eligible,,dr25_clean_v2,FALSE POSITIVE,FALSE POSITIVE
11912911,K04607.01,train,neg_only,0,false_positive,train_eligible,,dr25_clean_v2,FALSE POSITIVE,FALSE POSITIVE
11912932,K03085.01,train,neg_only,0,false_positive,train_eligible,,dr25_clean_v2,FALSE POSITIVE,FALSE POSITIVE
11912987,K04461.01,train,neg_only,0,false_positive,train_eligible,,dr25_clean_v2,FALSE POSITIVE,FALSE POSITIVE
11913012,K00544.01,train,neg_only,0,false_positive,train_eligible,,dr25_clean_v2,FALSE POSITIVE,FALSE POSITIVE
11913013,K01462.01,train,neg_only,0,false_positive,train_eligible,,dr25_clean_v2,FALSE POSITIVE,FALSE POSITIVE
11913071,K07492.01,train,neg_only,0,false_positive,train_eligible,,dr25_clean_v2,FALSE POSITIVE,FALSE POSITIVE
11913072,K04729.01,train,neg_only,0,false_positive,train_eligible,,dr25_clean_v2,FALSE POSITIVE,FALSE POSITIVE
11918099,K00780.01,train,pos_only,1,planet,train_eligible,,dr25_clean_v2,CONFIRMED,CANDIDATE
11918099,K00780.02,train,pos_only,,,excluded,unresolved_candidate,dr25_clean_v2,CANDIDATE,CANDIDATE
11922648,K07494.01,train,neg_only,0,false_positive,train_eligible,,dr25_clean_v2,FALSE POSITIVE,FALSE POSITIVE
11922678,K02425.01,train,neg_only,0,false_positive,train_eligible,,dr25_clean_v2,FALSE POSITIVE,FALSE POSITIVE
11922722,K02301.01,train,neg_only,0,false_positive,train_eligible,,dr25_clean_v2,FALSE POSITIVE,FALSE POSITIVE
11922778,K03408.01,train,unlabelled_only,,,excluded,unresolved_candidate,dr25_clean_v2,CANDIDATE,CANDIDATE
11922782,K07495.01,train,neg_only,0,false_positive,train_eligible,,dr25_clean_v2,FALSE POSITIVE,FALSE POSITIVE
11923074,K08295.01,train,neg_only,0,false_positive,train_eligible,,dr25_clean_v2,FALSE POSITIVE,FALSE POSITIVE
11923819,K07496.01,train,neg_only,0,false_positive,train_eligible,,dr25_clean_v2,FALSE POSITIVE,FALSE POSITIVE
11955499,K01512.01,train,neg_only,0,false_positive,train_eligible,,dr25_clean_v2,FALSE POSITIVE,FALSE POSITIVE
11959569,K07497.01,train,neg_only,0,false_positive,train_eligible,,dr25_clean_v2,FALSE POSITIVE,FALSE POSITIVE
11960862,K00782.01,train,pos_only,1,planet,train_eligible,,dr25_clean_v2,CONFIRMED,CANDIDATE
11962284,K02647.01,train,pos_only,1,planet,train_eligible,,dr25_clean_v2,CONFIRMED,CANDIDATE
11963206,K02820.01,train,pos_only,1,planet,train_eligible,,dr25_clean_v2,CONFIRMED,CANDIDATE
11966557,K07498.01,train,neg_only,0,false_positive,train_eligible,,dr25_clean_v2,FALSE POSITIVE,FALSE POSITIVE
11967872,K08072.01,train,neg_only,0,false_positive,train_eligible,,dr25_clean_v2,FALSE POSITIVE,FALSE POSITIVE
11968490,K07500.01,train,neg_only,0,false_positive,train_eligible,,dr25_clean_v2,FALSE POSITIVE,FALSE POSITIVE
11968513,K03587.01,train,neg_only,0,false_positive,train_eligible,,dr25_clean_v2,FALSE POSITIVE,FALSE POSITIVE
11969988,K04011.01,train,unlabelled_only,,,excluded,unresolved_candidate,dr25_clean_v2,CANDIDATE,CANDIDATE
11970288,K07501.01,train,neg_only,0,false_positive,train_eligible,,dr25_clean_v2,FALSE POSITIVE,FALSE POSITIVE
11970988,K04129.01,train,unlabelled_only,,,excluded,unresolved_candidate,dr25_clean_v2,CANDIDATE,CANDIDATE
11972872,K04089.01,train,neg_only,0,false_positive,train_eligible,,dr25_clean_v2,FALSE POSITIVE,FALSE POSITIVE
11974540,K00129.01,train,pos_only,1,planet,train_eligible,,dr25_clean_v2,CONFIRMED,CANDIDATE
11975363,K06248.01,train,neg_only,0,false_positive,train_eligible,,dr25_clean_v2,FALSE POSITIVE,FALSE POSITIVE
12004656,K08073.01,train,neg_only,0,false_positive,train_eligible,,dr25_clean_v2,FALSE POSITIVE,FALSE POSITIVE
12004679,K07502.01,train,neg_only,0,false_positive,train_eligible,,dr25_clean_v2,FALSE POSITIVE,FALSE POSITIVE
12004680,K07503.01,train,neg_only,0,false_positive,train_eligible,,dr25_clean_v2,FALSE POSITIVE,FALSE POSITIVE
12004971,K03194.01,train,unlabelled_only,,,excluded,unresolved_candidate,dr25_clean_v2,CANDIDATE,CANDIDATE
12008872,K02729.01,train,pos_only,1,planet,train_eligible,,dr25_clean_v2,CONFIRMED,CANDIDATE
12009347,K03792.01,train,neg_only,0,false_positive,train_eligible,,dr25_clean_v2,FALSE POSITIVE,FALSE POSITIVE
12010534,K06092.01,train,neg_only,0,false_positive,train_eligible,,dr25_clean_v2,FALSE POSITIVE,FALSE POSITIVE
12012872,K08233.01,train,neg_only,0,false_positive,train_eligible,,dr25_clean_v2,FALSE POSITIVE,FALSE POSITIVE
12013615,K07505.01,train,neg_only,0,false_positive,train_eligible,,dr25_clean_v2,FALSE POSITIVE,FALSE POSITIVE
12017140,K00358.01,train,neg_only,0,false_positive,train_eligible,,dr25_clean_v2,FALSE POSITIVE,FALSE POSITIVE
12020329,K00783.01,train,pos_only,1,planet,train_eligible,,dr25_clean_v2,CONFIRMED,CANDIDATE
12021387,K03522.01,train,unlabelled_only,,,excluded,unresolved_candidate,dr25_clean_v2,CANDIDATE,CANDIDATE
12021625,K02996.01,train,pos_only,1,planet,train_eligible,,dr25_clean_v2,CONFIRMED,CANDIDATE
12021811,K04905.01,train,neg_only,0,false_positive,train_eligible,,dr25_clean_v2,FALSE POSITIVE,FALSE POSITIVE
12021943,K08075.01,train,neg_only,0,false_positive,train_eligible,,dr25_clean_v2,FALSE POSITIVE,FALSE POSITIVE
12022517,K07507.01,train,neg_only,0,false_positive,train_eligible,,dr25_clean_v2,FALSE POSITIVE,FALSE POSITIVE
12023078,K02888.01,train,neg_only,0,false_positive,train_eligible,,dr25_clean_v2,FALSE POSITIVE,FALSE POSITIVE
12024120,K00265.01,train,pos_only,1,planet,train_eligible,,dr25_clean_v2,CONFIRMED,CANDIDATE
12055539,K03261.01,train,pos_only,1,planet,train_eligible,,dr25_clean_v2,CONFIRMED,CANDIDATE
12056139,K03262.01,train,pos_only,1,planet,train_eligible,,dr25_clean_v2,CONFIRMED,CANDIDATE
12058147,K02072.01,train,pos_only,1,planet,train_eligible,,dr25_clean_v2,CONFIRMED,CANDIDATE
12058204,K02218.01,train,pos_only,1,planet,train_eligible,,dr25_clean_v2,CONFIRMED,CANDIDATE
12058204,K02218.02,train,pos_only,1,planet,train_eligible,,dr25_clean_v2,CONFIRMED,CANDIDATE
12058931,K00546.01,train,pos_only,1,planet,train_eligible,,dr25_clean_v2,CONFIRMED,CANDIDATE
12058931,K00546.02,train,pos_only,1,planet,train_eligible,,dr25_clean_v2,CONFIRMED,CANDIDATE
12061222,K00484.01,train,pos_only,1,planet,train_eligible,,dr25_clean_v2,CONFIRMED,CANDIDATE
12061238,K01502.01,train,neg_only,0,false_positive,train_eligible,,dr25_clean_v2,FALSE POSITIVE,FALSE POSITIVE
12061969,K02061.01,train,pos_only,,,excluded,disposition_conflict,dr25_clean_v2,CONFIRMED,FALSE POSITIVE
12061969,K02061.02,train,pos_only,1,planet,train_eligible,,dr25_clean_v2,CONFIRMED,CANDIDATE
12062660,K03746.01,train,neg_only,0,false_positive,train_eligible,,dr25_clean_v2,FALSE POSITIVE,FALSE POSITIVE
12062667,K01487.01,train,neg_only,0,false_positive,train_eligible,,dr25_clean_v2,FALSE POSITIVE,FALSE POSITIVE
12066335,K00784.01,train,pos_only,1,planet,train_eligible,,dr25_clean_v2,CONFIRMED,CANDIDATE
12066335,K00784.02,train,pos_only,1,planet,train_eligible,,dr25_clean_v2,CONFIRMED,CANDIDATE
12066569,K03282.01,train,pos_only,1,planet,train_eligible,,dr25_clean_v2,CONFIRMED,CANDIDATE
12067960,K07510.01,train,unlabelled_only,,,excluded,unresolved_candidate,dr25_clean_v2,CANDIDATE,CANDIDATE
12068975,K00623.01,train,pos_only,1,planet,train_eligible,,dr25_clean_v2,CONFIRMED,CANDIDATE
12068975,K00623.02,train,pos_only,1,planet,train_eligible,,dr25_clean_v2,CONFIRMED,CANDIDATE
12068975,K00623.03,train,pos_only,1,planet,train_eligible,,dr25_clean_v2,CONFIRMED,CANDIDATE
12068975,K00623.04,train,pos_only,1,planet,train_eligible,,dr25_clean_v2,CONFIRMED,CANDIDATE
12069319,K08234.01,train,neg_only,0,false_positive,train_eligible,,dr25_clean_v2,FALSE POSITIVE,FALSE POSITIVE
12069414,K04512.01,train,neg_only,0,false_positive,train_eligible,,dr25_clean_v2,FALSE POSITIVE,FALSE POSITIVE
12070811,K00785.01,train,pos_only,1,planet,train_eligible,,dr25_clean_v2,CONFIRMED,CANDIDATE
12071006,K07511.01,train,neg_only,0,false_positive,train_eligible,,dr25_clean_v2,FALSE POSITIVE,FALSE POSITIVE
12071754,K04914.01,train,unlabelled_only,,,excluded,unresolved_candidate,dr25_clean_v2,CANDIDATE,CANDIDATE
12072872,K03017.01,train,unlabelled_only,,,excluded,unresolved_candidate,dr25_clean_v2,CANDIDATE,CANDIDATE
12105051,K00141.01,train,unlabelled_only,,,excluded,unresolved_candidate,dr25_clean_v2,CANDIDATE,CANDIDATE
12105785,K07512.01,train,neg_only,0,false_positive,train_eligible,,dr25_clean_v2,FALSE POSITIVE,FALSE POSITIVE
12106929,K00359.01,train,neg_only,0,false_positive,train_eligible,,dr25_clean_v2,FALSE POSITIVE,FALSE POSITIVE
12106934,K03895.01,train,neg_only,0,false_positive,train_eligible,,dr25_clean_v2,FALSE POSITIVE,FALSE POSITIVE
12107021,K00360.01,train,neg_only,0,false_positive,train_eligible,,dr25_clean_v2,FALSE POSITIVE,FALSE POSITIVE
12108293,K04540.01,train,neg_only,0,false_positive,train_eligible,,dr25_clean_v2,FALSE POSITIVE,FALSE POSITIVE
12108312,K01492.01,train,neg_only,0,false_positive,train_eligible,,dr25_clean_v2,FALSE POSITIVE,FALSE POSITIVE
12108364,K04592.01,train,neg_only,0,false_positive,train_eligible,,dr25_clean_v2,FALSE POSITIVE,FALSE POSITIVE
12109267,K04457.01,train,unlabelled_only,,,excluded,unresolved_candidate,dr25_clean_v2,CANDIDATE,CANDIDATE
12109845,K03765.01,train,neg_only,0,false_positive,train_eligible,,dr25_clean_v2,FALSE POSITIVE,FALSE POSITIVE
12110786,K02665.01,train,neg_only,0,false_positive,train_eligible,,dr25_clean_v2,FALSE POSITIVE,FALSE POSITIVE
12110942,K00786.01,train,pos_only,1,planet,train_eligible,,dr25_clean_v2,CONFIRMED,CANDIDATE
12115188,K02396.01,train,neg_only,0,false_positive,train_eligible,,dr25_clean_v2,FALSE POSITIVE,FALSE POSITIVE
12116380,K02155.01,train,pos_only,1,planet,train_eligible,,dr25_clean_v2,CONFIRMED,CANDIDATE
12116489,K00547.01,train,pos_only,1,planet,train_eligible,,dr25_clean_v2,CONFIRMED,CANDIDATE
12116489,K00547.03,train,pos_only,1,planet,train_eligible,,dr25_clean_v2,CONFIRMED,CANDIDATE
12117215,K08296.01,train,neg_only,0,false_positive,train_eligible,,dr25_clean_v2,FALSE POSITIVE,FALSE POSITIVE
12120307,K02597.01,train,pos_only,1,planet,train_eligible,,dr25_clean_v2,CONFIRMED,CANDIDATE
12120307,K02597.02,train,pos_only,1,planet,train_eligible,,dr25_clean_v2,CONFIRMED,CANDIDATE
12120307,K02597.03,train,pos_only,1,planet,train_eligible,,dr25_clean_v2,CONFIRMED,CANDIDATE
12120484,K02407.01,train,pos_only,1,planet,train_eligible,,dr25_clean_v2,CONFIRMED,CANDIDATE
12120943,K01458.01,train,unlabelled_only,,,excluded,unresolved_candidate,dr25_clean_v2,CANDIDATE,CANDIDATE
12121470,K02142.01,train,neg_only,0,false_positive,train_eligible,,dr25_clean_v2,FALSE POSITIVE,FALSE POSITIVE
12154526,K02004.01,train,pos_only,1,planet,train_eligible,,dr25_clean_v2,CONFIRMED,CANDIDATE
12154526,K02004.02,train,pos_only,1,planet,train_eligible,,dr25_clean_v2,CONFIRMED,CANDIDATE
12154526,K02004.03,train,pos_only,,,excluded,unresolved_candidate,dr25_clean_v2,CANDIDATE,CANDIDATE
12156347,K02588.01,train,pos_only,1,planet,train_eligible,,dr25_clean_v2,CONFIRMED,CANDIDATE
12156930,K08076.01,train,unlabelled_only,,,excluded,unresolved_candidate,dr25_clean_v2,CANDIDATE,CANDIDATE
12159249,K01536.01,train,pos_only,1,planet,train_eligible,,dr25_clean_v2,CONFIRMED,CANDIDATE
12164634,K03491.01,train,neg_only,0,false_positive,train_eligible,,dr25_clean_v2,FALSE POSITIVE,FALSE POSITIVE
12164770,K02088.01,train,neg_only,0,false_positive,train_eligible,,dr25_clean_v2,FALSE POSITIVE,FALSE POSITIVE
12167361,K00980.01,train,neg_only,0,false_positive,train_eligible,,dr25_clean_v2,FALSE POSITIVE,FALSE POSITIVE
12168280,K08297.01,train,neg_only,0,false_positive,train_eligible,,dr25_clean_v2,FALSE POSITIVE,FALSE POSITIVE
12204137,K04590.01,train,unlabelled_only,,,excluded,unresolved_candidate,dr25_clean_v2,CANDIDATE,CANDIDATE
12206313,K02714.01,train,pos_only,1,planet,train_eligible,,dr25_clean_v2,CONFIRMED,CANDIDATE
12206313,K02714.02,train,pos_only,1,planet,train_eligible,,dr25_clean_v2,CONFIRMED,CANDIDATE
12206313,K02714.03,train,pos_only,1,planet,train_eligible,,dr25_clean_v2,CONFIRMED,CANDIDATE
12208631,K02449.01,train,unlabelled_only,,,excluded,unresolved_candidate,dr25_clean_v2,CANDIDATE,CANDIDATE
12208631,K02449.02,train,unlabelled_only,,,excluded,unresolved_candidate,dr25_clean_v2,CANDIDATE,CANDIDATE
12208887,K03333.01,train,neg_only,0,false_positive,train_eligible,,dr25_clean_v2,FALSE POSITIVE,FALSE POSITIVE
12216706,K03644.01,train,neg_only,0,false_positive,train_eligible,,dr25_clean_v2,FALSE POSITIVE,FALSE POSITIVE
12251650,K00621.01,train,neg_only,0,false_positive,train_eligible,,dr25_clean_v2,FALSE POSITIVE,FALSE POSITIVE
12251779,K07517.01,train,neg_only,0,false_positive,train_eligible,,dr25_clean_v2,FALSE POSITIVE,FALSE POSITIVE
12252424,K00153.01,train,pos_only,1,planet,train_eligible,,dr25_clean_v2,CONFIRMED,CANDIDATE
12252424,K00153.02,train,pos_only,1,planet,train_eligible,,dr25_clean_v2,CONFIRMED,CANDIDATE
12252732,K08236.01,train,neg_only,0,false_positive,train_eligible,,dr25_clean_v2,FALSE POSITIVE,FALSE POSITIVE
12253490,K05961.01,train,neg_only,0,false_positive,train_eligible,,dr25_clean_v2,FALSE POSITIVE,FALSE POSITIVE
12253769,K03310.01,train,unlabelled_only,,,excluded,unresolved_candidate,dr25_clean_v2,CANDIDATE,CANDIDATE
12254909,K02372.01,train,pos_only,1,planet,train_eligible,,dr25_clean_v2,CONFIRMED,CANDIDATE
12255382,K03167.01,train,neg_only,0,false_positive,train_eligible,,dr25_clean_v2,FALSE POSITIVE,FALSE POSITIVE
12257851,K05962.01,train,neg_only,0,false_positive,train_eligible,,dr25_clean_v2,FALSE POSITIVE,FALSE POSITIVE
12266636,K01522.01,train,pos_only,1,planet,train_eligible,,dr25_clean_v2,CONFIRMED,CANDIDATE
12266636,K01522.02,train,pos_only,,,excluded,unresolved_candidate,dr25_clean_v2,CANDIDATE,CANDIDATE
12301181,K02059.01,train,pos_only,1,planet,train_eligible,,dr25_clean_v2,CONFIRMED,CANDIDATE
12301181,K02059.02,train,pos_only,,,excluded,unresolved_candidate,dr25_clean_v2,CANDIDATE,CANDIDATE
12302391,K07519.01,train,neg_only,0,false_positive,train_eligible,,dr25_clean_v2,FALSE POSITIVE,FALSE POSITIVE
12306058,K02541.01,train,pos_only,1,planet,train_eligible,,dr25_clean_v2,CONFIRMED,CANDIDATE
12306058,K02541.02,train,pos_only,1,planet,train_eligible,,dr25_clean_v2,CONFIRMED,CANDIDATE
12306699,K03858.01,train,neg_only,0,false_positive,train_eligible,,dr25_clean_v2,FALSE POSITIVE,FALSE POSITIVE
12307496,K08078.01,train,unlabelled_only,,,excluded,unresolved_candidate,dr25_clean_v2,CANDIDATE,CANDIDATE
12314973,K00279.01,train,pos_only,1,planet,train_eligible,,dr25_clean_v2,CONFIRMED,CANDIDATE
12314973,K00279.02,train,pos_only,1,planet,train_eligible,,dr25_clean_v2,CONFIRMED,CANDIDATE
12314973,K00279.03,train,pos_only,1,planet,train_eligible,,dr25_clean_v2,CONFIRMED,CANDIDATE
12316431,K00485.01,train,neg_only,0,false_positive,train_eligible,,dr25_clean_v2,FALSE POSITIVE,FALSE POSITIVE
12316447,K03575.01,train,neg_only,0,false_positive,train_eligible,,dr25_clean_v2,FALSE POSITIVE,FALSE POSITIVE
12349560,K05965.01,train,unlabelled_only,,,excluded,unresolved_candidate,dr25_clean_v2,CANDIDATE,CANDIDATE
12351927,K07522.01,train,neg_only,0,false_positive,train_eligible,,dr25_clean_v2,FALSE POSITIVE,FALSE POSITIVE
12352520,K03094.01,train,pos_only,1,planet,train_eligible,,dr25_clean_v2,CONFIRMED,CANDIDATE
12353633,K07523.01,train,neg_only,0,false_positive,train_eligible,,dr25_clean_v2,FALSE POSITIVE,FALSE POSITIVE
12356746,K07525.01,train,neg_only,0,false_positive,train_eligible,,dr25_clean_v2,FALSE POSITIVE,FALSE POSITIVE
12356914,K07526.01,train,neg_only,0,false_positive,train_eligible,,dr25_clean_v2,FALSE POSITIVE,FALSE POSITIVE
12365000,K07527.01,train,neg_only,0,false_positive,train_eligible,,dr25_clean_v2,FALSE POSITIVE,FALSE POSITIVE
12365015,K07528.01,train,neg_only,0,false_positive,train_eligible,,dr25_clean_v2,FALSE POSITIVE,FALSE POSITIVE
12365184,K01474.01,train,pos_only,1,planet,train_eligible,,dr25_clean_v2,CONFIRMED,CANDIDATE
12366084,K00787.01,train,pos_only,1,planet,train_eligible,,dr25_clean_v2,CONFIRMED,CANDIDATE
12366084,K00787.02,train,pos_only,1,planet,train_eligible,,dr25_clean_v2,CONFIRMED,CANDIDATE
12366084,K00787.03,train,pos_only,,,excluded,unresolved_candidate,dr25_clean_v2,CANDIDATE,CANDIDATE
12367017,K07529.01,train,neg_only,0,false_positive,train_eligible,,dr25_clean_v2,FALSE POSITIVE,FALSE POSITIVE
12367310,K07530.01,train,neg_only,0,false_positive,train_eligible,,dr25_clean_v2,FALSE POSITIVE,FALSE POSITIVE
12367464,K06250.01,train,unlabelled_only,,,excluded,unresolved_candidate,dr25_clean_v2,CANDIDATE,CANDIDATE
12400538,K01503.01,train,pos_only,1,planet,train_eligible,,dr25_clean_v2,CONFIRMED,CANDIDATE
12401132,K04829.01,train,unlabelled_only,,,excluded,unresolved_candidate,dr25_clean_v2,CANDIDATE,CANDIDATE
12401863,K02331.01,train,pos_only,1,planet,train_eligible,,dr25_clean_v2,CONFIRMED,CANDIDATE
12403968,K07531.01,train,neg_only,0,false_positive,train_eligible,,dr25_clean_v2,FALSE POSITIVE,FALSE POSITIVE
12404086,K00788.01,train,pos_only,1,planet,train_eligible,,dr25_clean_v2,CONFIRMED,CANDIDATE
12404305,K00486.01,train,pos_only,1,planet,train_eligible,,dr25_clean_v2,CONFIRMED,CANDIDATE
12404954,K00361.01,train,pos_only,1,planet,train_eligible,,dr25_clean_v2,CONFIRMED,CANDIDATE
12405950,K03778.01,train,neg_only,0,false_positive,train_eligible,,dr25_clean_v2,FALSE POSITIVE,FALSE POSITIVE
12406749,K01476.01,train,pos_only,1,planet,train_eligible,,dr25_clean_v2,CONFIRMED,CANDIDATE
12406807,K03091.01,train,pos_only,1,planet,train_eligible,,dr25_clean_v2,CONFIRMED,CANDIDATE
12406807,K03091.02,train,pos_only,,,excluded,unresolved_candidate,dr25_clean_v2,CANDIDATE,CANDIDATE
12416597,K04895.01,train,unlabelled_only,,,excluded,unresolved_candidate,dr25_clean_v2,CANDIDATE,CANDIDATE
12416661,K03122.01,train,pos_only,1,planet,train_eligible,,dr25_clean_v2,CONFIRMED,CANDIDATE
12416987,K02933.01,train,neg_only,0,false_positive,train_eligible,,dr25_clean_v2,FALSE POSITIVE,FALSE POSITIVE
12417486,K00622.01,train,unlabelled_only,,,excluded,unresolved_candidate,dr25_clean_v2,CANDIDATE,CANDIDATE
12418724,K01516.01,train,pos_only,1,planet,train_eligible,,dr25_clean_v2,CONFIRMED,CANDIDATE
12418816,K07533.01,train,neg_only,0,false_positive,train_eligible,,dr25_clean_v2,FALSE POSITIVE,FALSE POSITIVE
12418891,K04321.01,train,neg_only,0,false_positive,train_eligible,,dr25_clean_v2,FALSE POSITIVE,FALSE POSITIVE
12453581,K02424.01,train,pos_only,1,planet,train_eligible,,dr25_clean_v2,CONFIRMED,CANDIDATE
12454461,K02463.01,train,pos_only,1,planet,train_eligible,,dr25_clean_v2,CONFIRMED,CANDIDATE
12456063,K04329.01,train,unlabelled_only,,,excluded,unresolved_candidate,dr25_clean_v2,CANDIDATE,CANDIDATE
12458605,K04605.01,train,unlabelled_only,,,excluded,unresolved_candidate,dr25_clean_v2,CANDIDATE,CANDIDATE
12459731,K03662.01,train,neg_only,0,false_positive,train_eligible,,dr25_clean_v2,FALSE POSITIVE,FALSE POSITIVE
12459808,K08081.01,train,neg_only,0,false_positive,train_eligible,,dr25_clean_v2,FALSE POSITIVE,FALSE POSITIVE
12459913,K00602.01,train,pos_only,1,planet,train_eligible,,dr25_clean_v2,CONFIRMED,CANDIDATE
12469800,K02543.01,train,pos_only,1,planet,train_eligible,,dr25_clean_v2,CONFIRMED,CANDIDATE
12470954,K00439.01,train,pos_only,1,planet,train_eligible,,dr25_clean_v2,CONFIRMED,CANDIDATE
12505076,K02154.01,train,pos_only,1,planet,train_eligible,,dr25_clean_v2,CONFIRMED,CANDIDATE
12505503,K04190.01,train,pos_only,1,planet,train_eligible,,dr25_clean_v2,CONFIRMED,CANDIDATE
12505654,K02353.01,train,pos_only,1,planet,train_eligible,,dr25_clean_v2,CONFIRMED,CANDIDATE
12506351,K01446.01,train,neg_only,0,false_positive,train_eligible,,dr25_clean_v2,FALSE POSITIVE,FALSE POSITIVE
12506770,K01577.01,train,pos_only,1,planet,train_eligible,,dr25_clean_v2,CONFIRMED,CANDIDATE
12508335,K00215.01,train,neg_only,0,false_positive,train_eligible,,dr25_clean_v2,FALSE POSITIVE,FALSE POSITIVE
12509829,K04264.01,train,neg_only,0,false_positive,train_eligible,,dr25_clean_v2,FALSE POSITIVE,FALSE POSITIVE
12554634,K04714.01,train,unlabelled_only,,,excluded,unresolved_candidate,dr25_clean_v2,CANDIDATE,CANDIDATE
12555140,K08239.01,train,neg_only,0,false_positive,train_eligible,,dr25_clean_v2,FALSE POSITIVE,FALSE POSITIVE
12555616,K07540.01,train,unlabelled_only,,,excluded,unresolved_candidate,dr25_clean_v2,CANDIDATE,CANDIDATE
12557548,K03794.01,train,pos_only,1,planet,train_eligible,,dr25_clean_v2,CONFIRMED,CANDIDATE
12600735,K00548.01,train,pos_only,1,planet,train_eligible,,dr25_clean_v2,CONFIRMED,CANDIDATE
12600735,K00548.02,train,pos_only,,,excluded,unresolved_candidate,dr25_clean_v2,CANDIDATE,CANDIDATE
12602314,K02853.01,train,unlabelled_only,,,excluded,unresolved_candidate,dr25_clean_v2,CANDIDATE,CANDIDATE
12643582,K03626.01,train,neg_only,0,false_positive,train_eligible,,dr25_clean_v2,FALSE POSITIVE,FALSE POSITIVE
12644020,K08083.01,train,neg_only,0,false_positive,train_eligible,,dr25_clean_v2,FALSE POSITIVE,FALSE POSITIVE
12644774,K01555.01,train,neg_only,0,false_positive,train_eligible,,dr25_clean_v2,FALSE POSITIVE,FALSE POSITIVE
12644822,K00791.01,train,pos_only,1,planet,train_eligible,,dr25_clean_v2,CONFIRMED,CANDIDATE
12645761,K05976.01,train,neg_only,0,false_positive,train_eligible,,dr25_clean_v2,FALSE POSITIVE,FALSE POSITIVE
12647110,K08240.01,train,neg_only,0,false_positive,train_eligible,,dr25_clean_v2,FALSE POSITIVE,FALSE POSITIVE
12647577,K04530.01,train,unlabelled_only,,,excluded,unresolved_candidate,dr25_clean_v2,CANDIDATE,CANDIDATE
12647757,K08241.01,train,unlabelled_only,,,excluded,unresolved_candidate,dr25_clean_v2,CANDIDATE,CANDIDATE
12691412,K01983.01,train,neg_only,0,false_positive,train_eligible,,dr25_clean_v2,FALSE POSITIVE,FALSE POSITIVE
12734396,K04303.01,train,neg_only,0,false_positive,train_eligible,,dr25_clean_v2,FALSE POSITIVE,FALSE POSITIVE
12735740,K03663.01,train,pos_only,1,planet,train_eligible,,dr25_clean_v2,CONFIRMED,CANDIDATE
12735830,K03311.01,train,pos_only,1,planet,train_eligible,,dr25_clean_v2,CONFIRMED,CANDIDATE
12736658,K05980.01,train,neg_only,0,false_positive,train_eligible,,dr25_clean_v2,FALSE POSITIVE,FALSE POSITIVE
12737015,K04245.01,train,unlabelled_only,,,excluded,unresolved_candidate,dr25_clean_v2,CANDIDATE,CANDIDATE
12784167,K03848.01,train,pos_only,1,planet,train_eligible,,dr25_clean_v2,CONFIRMED,CANDIDATE
12785320,K00298.01,train,pos_only,1,planet,train_eligible,,dr25_clean_v2,CONFIRMED,CANDIDATE
12785320,K00298.02,train,pos_only,,,excluded,unresolved_candidate,dr25_clean_v2,CANDIDATE,CANDIDATE
12834874,K00487.01,train,pos_only,1,planet,train_eligible,,dr25_clean_v2,CONFIRMED,CANDIDATE
12935144,K02847.01,train,neg_only,0,false_positive,train_eligible,,dr25_clean_v2,FALSE POSITIVE,FALSE POSITIVE
